/*
 Navicat Premium Data Transfer

 Source Server         : localhost_3306
 Source Server Type    : MySQL
 Source Server Version : 80025
 Source Host           : localhost:3306
 Source Schema         : community

 Target Server Type    : MySQL
 Target Server Version : 80025
 File Encoding         : 65001

 Date: 02/06/2024 16:45:30
*/

SET NAMES utf8mb4;
SET FOREIGN_KEY_CHECKS = 0;

-- ----------------------------
-- Table structure for category
-- ----------------------------
DROP TABLE IF EXISTS `category`;
CREATE TABLE `category`  (
  `id` int NOT NULL AUTO_INCREMENT,
  `name` varchar(50) CHARACTER SET utf8 COLLATE utf8_bin NOT NULL COMMENT '题目/试卷分类名称',
  `subject_id` int NULL DEFAULT NULL COMMENT '科目id',
  PRIMARY KEY (`id`) USING BTREE
) ENGINE = InnoDB AUTO_INCREMENT = 24 CHARACTER SET = utf8 COLLATE = utf8_bin ROW_FORMAT = Dynamic;

-- ----------------------------
-- Records of category
-- ----------------------------
INSERT INTO `category` VALUES (1, '言语理解', 16);
INSERT INTO `category` VALUES (6, '常识判断', 16);
INSERT INTO `category` VALUES (7, '数量关系', 16);
INSERT INTO `category` VALUES (8, '判断推理', 16);
INSERT INTO `category` VALUES (9, '资料分析', 16);
INSERT INTO `category` VALUES (10, '概括归纳', 17);
INSERT INTO `category` VALUES (11, '省考真题卷-行测', 16);
INSERT INTO `category` VALUES (12, '模拟演练卷', 16);
INSERT INTO `category` VALUES (13, '专项训练', 16);
INSERT INTO `category` VALUES (14, '摘抄', 17);
INSERT INTO `category` VALUES (15, '分析推导', 17);
INSERT INTO `category` VALUES (16, '无领导小组', 21);
INSERT INTO `category` VALUES (17, '社会现象', 21);
INSERT INTO `category` VALUES (18, '态度观点', 21);
INSERT INTO `category` VALUES (19, '组织管理', 21);
INSERT INTO `category` VALUES (20, '应急应变', 21);
INSERT INTO `category` VALUES (21, '人际关系', 21);
INSERT INTO `category` VALUES (22, '现场模拟', 21);
INSERT INTO `category` VALUES (23, '省考真题卷-申论', 17);
INSERT INTO `category` VALUES (24, '国考真题卷-申论', 17);

-- ----------------------------
-- Table structure for choice_question
-- ----------------------------
DROP TABLE IF EXISTS `choice_question`;
CREATE TABLE `choice_question`  (
  `id` int NOT NULL AUTO_INCREMENT,
  `stem` text CHARACTER SET utf8 COLLATE utf8_bin NULL COMMENT '题干',
  `image_url` varchar(255) CHARACTER SET utf8 COLLATE utf8_bin NULL DEFAULT NULL COMMENT '图片地址',
  `option_a` varchar(255) CHARACTER SET utf8 COLLATE utf8_bin NULL DEFAULT NULL COMMENT '选项a',
  `option_b` varchar(255) CHARACTER SET utf8 COLLATE utf8_bin NULL DEFAULT NULL COMMENT '选项b',
  `option_c` varchar(255) CHARACTER SET utf8 COLLATE utf8_bin NULL DEFAULT NULL COMMENT '选项c',
  `option_d` varchar(255) CHARACTER SET utf8 COLLATE utf8_bin NULL DEFAULT NULL COMMENT '选项d',
  `answer` varchar(20) CHARACTER SET utf8 COLLATE utf8_bin NOT NULL COMMENT '答案',
  `analysis` text CHARACTER SET utf8 COLLATE utf8_bin NULL COMMENT '解析',
  `score` decimal(5, 2) NOT NULL DEFAULT 1.00 COMMENT '分值（-999.99-999.99）',
  `category_id` int NOT NULL COMMENT '分类id',
  `is_multiple` int NOT NULL DEFAULT 0 COMMENT '是否多选，1是0否',
  `is_delete` int NOT NULL DEFAULT 0 COMMENT '是否删除（拉黑），1是0否',
  PRIMARY KEY (`id`) USING BTREE,
  UNIQUE INDEX `idx_id`(`id`) USING BTREE
) ENGINE = InnoDB AUTO_INCREMENT = 78 CHARACTER SET = utf8 COLLATE = utf8_bin ROW_FORMAT = Dynamic;

-- ----------------------------
-- Records of choice_question
-- ----------------------------
INSERT INTO `choice_question` VALUES (1, '测试1222', 'http://localhost:8080/community/admin/quesImg/62af971e89fd458f8f1cd298c1b7dcb2.jpg', '测试1', '测试1', '测试1', '测试1', 'A', '测试1', 1.00, 1, 0, 0);
INSERT INTO `choice_question` VALUES (2, '美国《科学》杂志的一项研究表明：咖啡因是让蜜蜂忠诚专一的物质。正如咖啡因会刺激人类的大脑一样，这种化学物质也可以刺激蜜蜂的大脑，特别是其中一个叫蘑菇体的脑区域，这一区域跟气味的学习和记忆有关。咖啡因的摄入使得蜜蜂深刻地记住了在柑橘和咖啡花朵上采集花蜜这件事情，所以在接下来很长的一段时间里，蜜蜂都离不开这种特殊味道的花蜜了。\r\n    最适合这段文字标题的是：', '1', '花蜜与咖啡因', '难以抗拒的咖啡因', '蜜蜂为何“单恋一枝花”', '蜜蜂学习和记忆的奥秘', 'C', '文段通过《科学》杂志的研究引出咖啡因让蜜蜂忠诚专一这一观点，接着通过“正如”用人类大脑作类比，来解释为何咖啡因能让蜜蜂记住在柑橘和咖啡花朵上采蜜的事，最后通过“所以”引导结论，即蜜蜂离不开这种特殊味道的花蜜了，故文段先提出观点，再进行原因解释，最后给出结论首尾呼应，强调的是蜜蜂“钟爱”特殊味道花蜜的原因，对应C项。\r\n                    A、B两项，均未提到文段的核心话题“蜜蜂”，排除； D项，“学习和记忆”对应原因解释部分，并非文段重点，且无法体现出“专一性”，排除。\r\n                    故正确答案为C。\r\n                    【文段出处】《蜜蜂为何单恋一枝花》', 1.00, 1, 0, 0);
INSERT INTO `choice_question` VALUES (3, '1', '1', '11', '1', '1', '1', 'A', '1', 1.00, 1, 0, 1);
INSERT INTO `choice_question` VALUES (4, '中国式现代化是我们党领导全国各族人民在长期探索和实践中历经千辛万苦、付出巨大代价取得的重大成果，党的领导与中国式现代化关系正确的是（ ）。\r\n\r\n①党的领导决定中国式现代化的根本性质\r\n\r\n②党的领导确保中国式现代化锚定奋斗目标行稳致远\r\n\r\n③党的领导激发建设中国式现代化的强劲动力\r\n\r\n④党的领导凝聚建设中国式现代化的磅礴力量', '1', '123', '124', '134', '1234', 'D', '本题考查政治常识。\r\n\r\n①正确。党的领导决定中国式现代化的根本性质。中国共产党是时代的先锋、民族的脊梁、人民的主心骨。没有中国共产党，就没有新中国，就没有中华民族伟大复兴。\r\n\r\n②正确。党的领导确保中国式现代化锚定奋斗目标行稳致远。在新中国成立特别是改革开放以来长期探索实践基础上，经过党的十八大以来在理论和实践上的创新突破，我们成功推进和拓展了中国式现代化。\r\n\r\n③正确。党的领导激发建设中国式现代化的强劲动力。优势提供原动力，动力创造新优势。中国共产党的领导是中国式现代化最鲜明的特征和最突出的优势。\r\n\r\n④正确。党的领导凝聚建设中国式现代化的磅礴力量。力量生于团结，幸福源自奋斗。团结奋斗是党和人民锤炼铸就的最宝贵精神品质。\r\n\r\n综上所述，关系正确的是①②③④。\r\n\r\n故正确答案为D。', 1.00, 6, 0, 0);
INSERT INTO `choice_question` VALUES (5, '党的二十大报告指出，改革开放和社会主义现代化建设深入推进，书写了（ ）两大奇迹新篇章，我国发展具备了更为坚实的物质基础、更为完善的制度保证，实现中华民族伟大复兴进入了不可逆转的历史进程。', '1', '经济快速发展和社会长期稳定', '经济高速发展和全面建成小康社会', '经济高质量发展和打赢脱贫攻坚战', '经济发展新格局和中国式现代化', 'A', '本题考查政治常识。\r\n\r\nA项正确，B、C、D三项错误，党的二十大报告的“一、过去五年的工作和新时代十年的伟大变革”部分指出：“新时代十年的伟大变革，在党史、新中国史、改革开放史、社会主义发展史、中华民族发展史上具有里程碑意义······改革开放和社会主义现代化建设深入推进，书写了经济快速发展和社会长期稳定两大奇迹新篇章，我国发展具备了更为坚实的物质基础、更为完善的制度保证，实现中华民族伟大复兴进入了不可逆转的历史进程······”\r\n\r\n故正确答案为A。', 1.00, 6, 0, 0);
INSERT INTO `choice_question` VALUES (6, '\r\n党的二十大报告指出，分配制度是促进共同富裕的基础性制度。坚持按劳分配为主体、多种分配方式并存，坚持多劳多得，鼓励勤劳致富，促进机会公平，（ ）。\r\n\r\n①增加低收入者收入\r\n\r\n②扩大中等收入群体\r\n\r\n③减少高收入者收入\r\n\r\n④规范收入分配秩序\r\n\r\n⑤收紧财富积累渠道', '1', '123', '124', '134', '245', 'B', '本题考查政治常识。\r\n\r\n①②④正确，③⑤错误，党的二十大报告的“九、增进民生福祉，提高人民生活品质”部分指出：“（一）完善分配制度······坚持多劳多得，鼓励勤劳致富，促进机会公平，增加低收入者收入，扩大中等收入群体。完善按要素分配政策制度，探索多种渠道增加中低收入群众要素收入，多渠道增加城乡居民财产性收入。加大税收、社会保障、转移支付等的调节力度。完善个人所得税制度，规范收入分配秩序，规范财富积累机制，保护合法收入，调节过高收入，取缔非法收入。引导、支持有意愿有能力的企业、社会组织和个人积极参与公益慈善事业。”\r\n\r\n故正确答案为B。', 1.00, 6, 0, 0);
INSERT INTO `choice_question` VALUES (7, '党的二十大报告指出，高质量发展是全面建设社会主义现代化国家的首要任务。发展是党执政兴国的第一要务。下列属于建设现代化产业体系的是（ ）。\r\n\r\n①支持专精特新企业发展\r\n\r\n②完善农业支持保护制度\r\n\r\n③加快建设西部陆海新通道\r\n\r\n④加快发展数字经济\r\n\r\n⑤构建优质高效的服务业新体系', '1', '①④⑤', '②③⑤', '①②③④', '②③④⑤', 'A', '本题考查政治常识。\r\n\r\n①④⑤正确，党的二十大报告中“四、加快构建新发展格局，着力推动高质量发展”部分指出：“（二）建设现代化产业体系······实施产业基础再造工程和重大技术装备攻关工程，支持专精特新企业发展，推动制造业高端化、智能化、绿色化发展······构建优质高效的服务业新体系，推动现代服务业同先进制造业、现代农业深度融合。加快发展物联网，建设高效顺畅的流通体系，降低物流成本。加快发展数字经济，促进数字经济和实体经济深度融合，打造具有国际竞争力的数字产业集群······”\r\n\r\n②错误，“完善农业支持保护制度，健全农村金融服务体系”属于“（三）全面推进乡村振兴”部分。\r\n\r\n③错误，“加快建设西部陆海新通道”属于“（五）推进高水平对外开放”部分。\r\n\r\n故正确答案为A。', 1.00, 6, 0, 0);
INSERT INTO `choice_question` VALUES (8, '新时代十年，我国实行更加积极主动的开放战略，形成更大范围、更宽领域、更深层次的对外开放格局。以下不属于新时代十年对外开放领域成就的是（ ）。', '1', '加快推进海南自由贸易港建设', '推动共建“一带一路”', '货物贸易总额居世界第一', '共建共治共享的制度进一步健全', 'D', '本题考查政治常识。\r\n\r\nA、B、C三项正确，二十大报告“一、过去五年的工作和新时代十年的伟大变革”部分指出，“我们实行更加积极主动的开放战略，构建面向全球的高标准自由贸易区网络，加快推进自由贸易试验区、海南自由贸易港建设，共建‘一带一路’成为深受欢迎的国际公共产品和国际合作平台。我国成为一百四十多个国家和地区的主要贸易伙伴，货物贸易总额居世界第一，吸引外资和对外投资居世界前列，形成更大范围、更宽领域、更深层次对外开放格局。”\r\n\r\nD项错误，二十大报告“十一、推进国家安全体系和能力现代化，坚决维护国家安全和社会稳定”部分指出，“完善社会治理体系，健全共建共治共享的社会治理制度，提升社会治理效能，畅通和规范群众诉求表达、利益协调、权益保障通道，建设人人有责、人人尽责、人人享有的社会治理共同体。”因此共建共治共享的制度进一步健全属于推进国家安全体系和能力现代化的成就。\r\n\r\n本题为选非题，故正确答案为D。', 1.00, 6, 0, 0);
INSERT INTO `choice_question` VALUES (9, '习近平主席指出我们要善于通过历史看现实、透过现象看本质，把握好全局和局部、当前和长远、宏观和微观、主要矛盾和次要矛盾、特殊和一般的关系，不断提高战略思维、历史思维、辩证思维、系统思维、创新思维、法治思维、底线思维能力，为前瞻性思考、全局性谋划、整体性推进党和国家各项事业提供科学思想方法，体现了以下哪个观念？（ ）', '1', '必须坚持守正创新', '必须坚持系统观念', '必须坚持问题导向', '必须坚持胸怀天下', 'B', '本题考查政治常识。\r\n\r\nB项正确，A、C、D三项错误，二十大报告“二、开辟马克思主义中国化时代化新境界”部分指出：“必须坚持系统观念。万事万物是相互联系、相互依存的。只有用普遍联系的、全面系统的、发展变化的观点观察事物，才能把握事物发展规律。我国是一个发展中大国，仍处于社会主义初级阶段，正在经历广泛而深刻的社会变革，推进改革发展、调整利益关系往往牵一发而动全身。我们要善于通过历史看现实、透过现象看本质，把握好全局和局部、当前和长远、宏观和微观、主要矛盾和次要矛盾、特殊和一般的关系，不断提高战略思维、历史思维、辩证思维、系统思维、创新思维、法治思维、底线思维能力，为前瞻性思考、全局性谋划、整体性推进党和国家各项事业提供科学思想方法。”\r\n\r\n故正确答案为B。', 1.00, 6, 0, 0);
INSERT INTO `choice_question` VALUES (10, '\r\n党纪国法不能成为“橡皮泥”、“稻草人”，无论是因为“法盲”导致违纪违法，还是故意违规违法，都要受到追究，否则就会形成“破窗效应”。以下哪句与上述理论意思最为一致？（ ）', '1', '靡不有初，鲜克有终', '不矜细行，终累大德', '浇风易渐，淳化难归', '纪纲一废，何事不生', 'D', '本题考查人文常识。\r\n\r\n所谓“橡皮泥”，是软的、没有约束力的东西；所谓“稻草人”，则是纯用作摆设的、形式主义的东西。党纪国法不是摆设、不能没有约束力，它必须是有实效性的，习近平总书记用这两个比喻是要向领导干部强调有法必依，有法必行。\r\n\r\nA项错误，“靡不有初，鲜克有终”最早出自于《诗经·大雅·荡》，指事情都有个开头，但很少能到终了，多用以告诫人们为人做事要善始善终。与题意不符。\r\n\r\nB项错误，“不矜细行，终累大德”出自《尚书·周书·旅獒》，意思是不顾惜小节方面的修养，到头来会伤害大节，酿成终生的遗憾。体现量的积累促成质变的原理，与题意不符。\r\n\r\nC项错误，“浇风易渐，淳化难归”出自唐代王勃的《上刘右相书》，意思是浮薄的风气容易蔓延，淳厚的风尚难以回归，与题意不符。\r\n\r\nD项正确，“纪纲一废，何事不生”出自宋代苏轼的《上神宗皇帝书》，意思是国家纲纪一经败坏，什么祸国殃民的坏事都会生出来。题干强调党员领导干部要严守党纪国法，与题意相符。\r\n\r\n故正确答案为D。', 1.00, 6, 0, 0);
INSERT INTO `choice_question` VALUES (11, '习近平主席在二〇二三年新年贺词中提到了“太空之家”、白鹤滩水电站、“福建号”、愚公移山，下列与之相关的说法正确的是（ ）。', '1', '航天员刘洋参加了神舟十四号、神舟十五号的载人飞行任务', '白鹤滩水电站是世界第一大电站，开启了我国南水北调新篇章', '“福建号”是我国第三艘航母', '愚公移山的故事出自《山海经》', 'C', '本题考查科技常识。\r\n\r\nA项错误，刘洋于2012年6月，执行神舟九号载人飞行任务，是中国第一位进入太空的女航天员。2022年6月至12月，执行神舟十四号载人飞行任务。神舟十五号飞行乘组由航天员费俊龙、邓清明和张陆组成，没有刘洋。\r\n\r\nB项错误，白鹤滩水电站是金沙江下游干流河段梯级开发的第二个梯级电站，以发电为主，兼有防洪、拦沙、改善下游航运条件等综合效益。白鹤滩水电站仅次于三峡水电站，是中国第二大水电站和世界第二大水电站。\r\n\r\nC项正确，中国人民解放军海军福建舰，是中国完全自主设计建造的首艘弹射型航空母舰，采用平直通长飞行甲板，配置电磁弹射和阻拦装置，满载排水量8万余吨。2022年6月17日，经中央军委批准，中国第三艘航空母舰命名为“中国人民解放军海军福建舰”，舷号为“18”。\r\n\r\nD项错误，愚公移山的故事出自《列子·汤问》，是战国时期思想家列子创作的一篇寓言小品文。文章叙述了愚公不畏艰难，坚持不懈，挖山不止，最终感动天帝而将山挪走的故事。\r\n\r\n故正确答案为C。', 1.00, 6, 0, 0);
INSERT INTO `choice_question` VALUES (12, '高质量发展是全面建设社会主义现代化国家的首要任务。2023年1月28日，广东召开全省高质量发展大会。关于广东的高质量发展，下列表述不正确的是（ ）。', '1', '坚持把发展经济的着力点放在数字经济上', '打造更多享誉世界的广东产品、广东企业、广东产业', '扎实抓好“双区”和横琴、前海、南沙三大平台建设', '实施“百县千镇万村高质量发展工程”，推动产业有序转移实施“百县千镇万村高质量发展工程”，推动产业有序转移', 'A', '本题考查政治常识。\r\n\r\nA项错误，广东深入贯彻落实党中央关于坚持把发展经济的着力点放在实体经济上的决策部署，出台《“数字政府2.0”建设落实“实体经济为本，制造业当家”工作若干措施》，发挥数字政府建设牵引驱动作用，依托数字政府大平台持续创新涉企服务应用，赋能实体经济特别是制造业高质量发展。\r\n\r\nB项正确，2023年2月2日，在广东省工商联召开广东省民营企业家共同推动高质量发展誓师大会上指出：“用好两种资源、两个市场，加快培育国际合作和竞争新优势，打造更多享誉世界的广东产品、广东企业、广东产业，力争上游、赶超一流。”\r\n\r\nC、D两项正确，2023年1月28日，广东省委、省政府召开“新春第一会”——全省高质量发展大会。会议指出，要勃发开局之气象、展示开局之作为，扎实抓好“双区”和横琴、前海、南沙三大平台建设、坚持制造业当家、“百县千镇万村高质量发展工程”、绿美广东生态建设、构建全过程创新生态链、推动产业有序转移等重大部署落实。\r\n\r\n本题为选非题，故正确答案为A。', 1.00, 6, 0, 0);
INSERT INTO `choice_question` VALUES (13, '“风雨浸衣骨更硬，野菜充饥志越坚；官兵一致同甘苦，革命理想高于天。”该文句最有可能描述的事件是（ ）。', '1', '三湾改编', '红军长征', '百团大战', '淮海战役', 'B', '本题考查人文常识。\r\n\r\nB项正确，A、C、D三项错误，“风雨浸衣骨更硬，野菜充饥志越坚。”出自开国上将肖华作词的《长征组歌》中的第六章《过雪山草地》。描写了红军长征战天斗地、以野菜充饥的顽强斗志，突出了红军在恶劣环境中的革命乐观主义精神和“不怕难”的钢铁意志。\r\n\r\n故正确答案为B。', 1.00, 6, 0, 0);
INSERT INTO `choice_question` VALUES (14, '毛泽东同志说：“我们共产党人从来不隐瞒自己的政治主张。我们的将来纲领或最高纲领，是要将中国推进到社会主义社会和共产主义社会去的，这是确定的和毫无疑义的。”这段话出自（ ）。', '1', '《井冈山的斗争》', '中国共产党在抗日时期的任务》', '《论联合政府》', '《论十大关系》', 'C', '本题考查人文常识。\r\n\r\nA项错误，《井冈山的斗争》是毛泽东同志写给中共中央的报告，作于1928年11月25日。文章分为湘赣边界的割据和八月失败、割据地区的现势两个部分，割据地区的现势从军事问题、土地问题、政权问题、党的组织问题、革命性质问题、割据地区问题等六个方面进行了论述。\r\n\r\nB项错误，《中国共产党在抗日时期的任务》是毛泽东同志于1937年5月3日在中国共产党全国代表会议（即1937年5月2日至14日在延安召开的苏区党代表会议）上作的报告。\r\n\r\nC项正确，《论联合政府》是毛泽东于1945年4月24日在中国共产党第七次全国代表大会上所作的政治报告。文中提到“我们共产党人从来不隐瞒自己的政治主张。我们的将来纲领或最高纲领，是要将中国推进到社会主义社会和共产主义社会去的，这是确定的和毫无疑义的。我们的党的名称和我们的马克思主义的宇宙观，明确地指明了这个将来的、无限光明的、无限美妙的最高理想”。\r\n\r\nD项错误，《论十大关系》是毛泽东同志于1956年4月25日在中央政治局扩大会议上的讲话，于1976年12月26日发表于《人民日报》。\r\n\r\n故正确答案为C。', 1.00, 6, 0, 0);
INSERT INTO `choice_question` VALUES (15, '碳中和是指某个地区在一定时间内，人类活动直接和间接排放的二氧化碳总量，与通过植树造林、工业固碳等吸收的碳总量相互抵消，实现碳“净零排放”，以下不属于实现碳中和的科学手段的是（ ）。', '1', '用清洁能源来替代传统的化石能源', '利用化学或生物手段将二氧化碳转化为有用的化学品或燃料', '提倡极简生活，限制社会总需求，降低工业生产总量', '利用技术手段使碳以其他的形式与大气隔绝并封存', 'C', '本题考查科技常识。\r\n\r\nA项正确，清洁能源是不排放污染物、能够直接用于生产生活的能源，它包括核能和“可再生能源”。用清洁能源来替代传统的化石能源，属于碳中和策略中的“碳替代”。\r\n\r\nB项正确，利用化学或生物手段将二氧化碳转化为有用的化学品或燃料，让这部分二氧化碳产生作用，叫做人工碳转化，属于碳中和策略中的“碳循环”。\r\n\r\nC项错误，提倡极简生活，限制社会总需求，降低工业生产总量，可以从源头上减少碳排放，与碳中和科学手段无关。\r\n\r\nD项正确，二氧化碳分子间有间隔，可将其压缩液化后封存。大型火力发电厂、炼钢厂、化工厂可以在二氧化碳集中收集后，利用技术手段将其液化进行地质封存，隔绝在大气碳循环之外。这种方式属于碳中和策略中的“碳封存”。\r\n\r\n本题为选非题，故正确答案为C。', 1.00, 6, 0, 0);
INSERT INTO `choice_question` VALUES (16, '\r\n下列选项不符合《中华人民共和国立法法》表述的是（ ）。', '1', '立法应当遵循宪法的基本原则', '立法应当符合社会舆论的观点', '立法应当从国家整体利益出发', '立法应当适应经济社会发展和全面深化改革的要求', 'B', '本题考查法律常识。\r\n\r\nA、C两项正确，根据《中华人民共和国立法法》第五条规定：“立法应当符合宪法的规定、原则和精神，依照法定的权限和程序，从国家整体利益出发，维护社会主义法制的统一、尊严、权威。”（注：本题考查后，《立法法》被修改，将原条文“立法应当遵循宪法的基本原则”改为“立法应当符合宪法的规定、原则和精神”。）\r\n\r\nB项错误，根据《中华人民共和国立法法》第六条规定：“立法应当坚持和发展全过程人民民主，尊重和保障人权，保障和促进社会公平正义。立法应当体现人民的意志，发扬社会主义民主，坚持立法公开，保障人民通过多种途径参与立法活动。”因此，立法应当体现人民的意志，而不是符合社会舆论的观点。\r\n\r\nD项正确，根据《中华人民共和国立法法》第七条规定：“立法应当从实际出发，适应经济社会发展和全面深化改革的要求，科学合理地规定公民、法人和其他组织的权利与义务、国家机关的权力与责任。”\r\n\r\n本题为选非题，故正确答案为B。', 1.00, 6, 0, 0);
INSERT INTO `choice_question` VALUES (17, '根据我国法律，敏感个人信息是一旦泄露或者非法使用，容易导致自然人的人格尊严受到侵害或者人身、财产安全受到危害的个人信息。以下不属于敏感个人信息的是（ ）。', '1', '人脸特征', '从业经历', '医疗健康', '行踪轨迹', 'B', '本题考查法律常识。\r\n\r\nA、C、D三项正确，B项错误，根据《中华人民共和国个人信息保护法》第二十八条第一款规定：“敏感个人信息是一旦泄露或者非法使用，容易导致自然人的人格尊严受到侵害或者人身、财产安全受到危害的个人信息，包括生物识别、宗教信仰、特定身份、医疗健康、金融账户、行踪轨迹等信息，以及不满十四周岁未成年人的个人信息。”\r\n\r\n本题为选非题，故正确答案为B。', 1.00, 6, 0, 0);
INSERT INTO `choice_question` VALUES (18, '以下诗句描写的节气或节日，发生在秋季的是（ ）', '1', '玉律传佳节，青阳应此辰', '岁阴穷暮纪，献节启新芳', '西北望乡何处是，东南见月几回圆', '节分端午自谁言，万古传闻为屈原', 'C', '本题考查人文常识。\r\n\r\nA项错误，诗句出自唐代冷朝阳的《立春》，意指季节转换，春天到了。诗句发生在春季。\r\n\r\nB项错误，诗句出自唐代李世民（另一说是董思恭）的《守岁二首/除夜》，意指除夕守岁，迎接新春。诗句发生在春季。\r\n\r\nC项正确，诗句出自唐代白居易的《八月十五日夜湓亭望月》，意指中秋佳节，思念故乡。诗句发生在秋季。\r\n\r\nD项错误，诗句出自唐代文秀的《端午》，意指前人传说端午节是为纪念屈原而设。诗句发生在夏季。\r\n\r\n故正确答案为C。', 1.00, 6, 0, 0);
INSERT INTO `choice_question` VALUES (19, '只要坚持生态优先、绿色发展，锲而不舍，            ，就一定能把绿水青山变成金山银山。\r\n\r\n填入画横线部分最恰当的一项是（ ）。', '1', '点石成金', '水滴石穿', '风雨无阻', '久久为功', 'D', '横线处与“锲而不舍”构成近义并列，应体现出要坚持之意。D项“久久为功”意为要持之以恒，锲而不舍，驰而不息，符合文意，当选。A项“点石成金”比喻修改文章时稍稍改动原来的文字，就使它变得很出色，C项“风雨无阻”比喻无论发生什么情况，都按照原计划行事，二者均无法体现坚持之意，排除；B项“水滴石穿”比喻力量虽小，只要坚持不懈，事情就能成功，词语本身既包含了坚持的行为，也包含了坚持带来的结果，而横线处与“锲而不舍”并列，仅需体现坚持之意，未包含坚持之后带来的结果，与文意不符，排除。\r\n\r\n故正确答案为D。\r\n\r\n【文段出处】党建网《学习语｜推动经济社会发展全面绿色转型》', 1.00, 1, 0, 0);
INSERT INTO `choice_question` VALUES (20, '风清则气正，气正则心齐，心齐则事成。在以习近平同志为核心的党中央坚强领导下，贵州各地各部门靠着不懈的干劲、韧劲，持之以恒加强党风廉政建设，驰而不息开展反腐败工作。如今，党风政风焕然一新，社风民风持续向好，干群关系更加        、党心民心更加        。\r\n\r\n依次填入画横线部分最恰当的一项是（ ）。', '1', '融洽 凝聚', '和谐 包容', '密切 一致', '稳定 团结', 'A', '第一空，搭配“干群关系”，且根据“党风政风焕然一新，社风民风持续向好”可知，横线处应体现出如今的干群关系更好之意，A项“融洽”指彼此关系好，没有抵触，B项“和谐”指和睦协调，均符合文意，保留。C项“密切”指关系近，体现不出关系更好之意，排除；D项“稳定”指稳固安定，没有变动，常搭配“情绪”“社会”等，与“干群关系”搭配不当，且体现不出关系更好之意，排除。\r\n\r\n第二空，搭配“党心民心”，且根据“气正则心齐”与“党风政风焕然一新，社风民风持续向好”可知，横线处应体现出党心民心紧密结合在一起之意，A项“凝聚”指聚集，积聚，搭配恰当且符合文意，当选。B项“包容”指宽容，与文意无关，排除。\r\n\r\n故正确答案为A。\r\n\r\n【文段出处】《党风廉政建设促社区综合服务提升》', 1.00, 1, 0, 0);
INSERT INTO `choice_question` VALUES (21, '政府部门要制定政策、营造环境，发挥宣传发动、组织协调、引导扶持作用，但绝不能            。要坚持有为政府和有效市场相促进，充分发挥市场机制作用，调动市场主体积极性，以重点产业项目为        ，促进资源要素更多向乡村流动，以产业“活水”变输血为造血。\r\n\r\n依次填入画横线部分最恰当的一项是（ ）。', '1', '置身事外 核心', '越俎代庖 根本', '大包大揽 载体', '袖手旁观 导向', 'C', '第一空，结合横线后“坚持有为政府和有效市场相促进，充分发挥市场机制作用”可知，横线处意在强调虽然要求政府积极发挥作用，但是不能完全主导。B项“越俎代庖”比喻超出自己业务范围去处理别人所管的事，C项“大包大揽”意思是把事情全部包揽过来，均符合文意，保留。A项“置身事外”意思是把自己放在事情之外，毫不关心，D项“袖手旁观”比喻置身事外、不帮助别人，多指看到别人有困难，不帮助别人，均无法体现“不能完全主导”之意，排除。\r\n\r\n第二空，发展“重点产业项目”是促进资源要素向乡村流动、推动产业发展的手段、方法。C项“载体”泛指能够承载其他事物的事物，即通过发展“重点产业项目”可以达到推动产业发展的目的，符合文意，当选。B项“根本”指事物的根源或最重要的部分，填入文段无法体现政府通过发展“重点产业项目”推动产业发展之意，排除。\r\n\r\n故正确答案为C。\r\n\r\n【文段出处】《<关于推动文化产业赋能乡村振兴的意见>政策解读》', 1.00, 1, 0, 0);
INSERT INTO `choice_question` VALUES (22, '\r\n广东，正在加速打开高质量发展新局面。从上到下，从内到外，从你到我，每个人、每家企业都在全力奔跑，展现出            的热烈氛围和            的崭新气象。\r\n\r\n依次填入画横线部分最恰当的一项是（ ）。', '1', '龙腾虎跃 意气风发', '一马平川 奋勇当先', '争先恐后 欣欣向荣', '万马奔腾 时不我待', 'D', '第一空，根据“从上到下，从内到外，从你到我，每个人、每家企业都在全力奔跑”可知，横线处所填成语应体现全员都在全力奔跑的场景，D项“万马奔腾”指声势浩大、场面热烈，置于此处可体现全力奔跑的场景，且“奔腾”与“奔跑”对应恰当，具有形象性，符合文意，保留。A项“龙腾虎跃”指威武雄壮，非常活跃，题干强调全力奔跑，而非活跃，与文意不符，排除；B项“一马平川”指能够纵马疾驰的平地，强调地势平坦，与文意不符，排除；C项“争先恐后”指争着向前，唯恐落后，符合文意，但与D项相比，没有“万马奔腾”形象，排除。\r\n\r\n第二空，代入验证，D项“时不我待”指时间不等待人，要抓紧时间，与“全力奔跑”对应恰当，当选。\r\n\r\n故正确答案为D。\r\n\r\n【文段出处】《再造一个新广东》', 1.00, 1, 0, 0);
INSERT INTO `choice_question` VALUES (23, '\r\n质量        是产出来的，        是管出来的，        是市场竞争出来的。这就要推动有效市场与有为政府更好结合，共助质量强国建设取得新成效。\r\n\r\n依次填入画横线部分最恰当的一项是（ ）。', '1', '不 不 而', '既 也 更', '首先 其次 再次', '要么 要么 要么', 'B', '根据“是产出来的”“是管出来的”以及“是市场竞争出来的”可知，这三方面内容均是质量发展的重要组成部分，故这三方面内容应为并列或递进关系。B项“既······也······更······”中，“既······也······”表示并列关系，“更”表示递进关系，可体现文段这三方面内容均是质量发展的重要组成部分，符合文段逻辑关系，当选。\r\n\r\nA项“不······不······而······”为反义并列关联词，文段并未体现这三方面内容具有反义并列关系，不符合文段逻辑关系，排除；\r\n\r\nC项“首先······其次······再次······”为承接关系关联词，文段并未体现这三方面内容的先后顺序，不符合文段逻辑关系，排除；\r\n\r\nD项“要么······要么······要么······”为选择关系关联词，文段并未体现这三方面内容间的选择关系，不符合文段逻辑关系，排除。\r\n\r\n故正确答案为B。\r\n\r\n【文段出处】《质量强则国家强》', 1.00, 1, 0, 0);
INSERT INTO `choice_question` VALUES (24, '\r\n“                    。”理论学习贵在独立思考、学用结合，重在学有所悟、用有所得，在学习和实践中“众里寻他千百度”，最终“蓦然回首”，在“灯火阑珊处”领悟真谛。只有坚持学习与思考相统一，带着问题学习，养成边学习边思考的习惯，在学习中联系实际，对现实中的问题进行深入思考，才能真正将理论学深悟透。\r\n\r\n以下句子最适合填入划横线处的是（ ）。', '1', '学而不思则罔，思而不学则殆', '吾尝终日而思矣，不如须臾之所学也', '业精于勤，荒于嬉；行成于思，毁于随', '知之者不如好之者，好之者不如乐之者', 'A', '横线出现在开头，需要通读后文。后文首先提出理论学习贵在独立思考、学有所悟，接着通过“只有······才”句式再次强调学习要和思考相统一，边学习边思考，通过实际对学习的内容进一步思考。故横线后围绕的核心话题为学习和思考，强调了学习和思考相结合的重要性。A项“学而不思则罔，思而不学则殆”指只是学习却不思考就会迷惑而无所得，只是思考却不学习就会精神疲倦而无所得，告诫我们只有把学习和思考结合起来，才能学到切实有用的知识，符合文意，当选。\r\n\r\nB项，“吾尝终日而思矣，不如须臾之所学也”指我曾经一天到晚地冥思苦想，却比不上片刻学到的知识，仅强调学习的重要性，无法体现出学习和思考相结合的重要性，排除；\r\n\r\nC项，“业精于勤，荒于嬉；行成于思，毁于随”指学业由于勤奋而精通，但它却能荒废在游戏玩耍中；事情由于反复思考而成功，但它却能毁灭于不经大脑的随性中，强调学习不能沉浸于游戏，思考事情不能过于随性，无法体现出学习和思考相结合的重要性，排除；\r\n\r\nD项，“知之者不如好之者，好之者不如乐之者”指对于任何学问、知识、技艺等，知道它的人，不如爱好它的人；爱好它的人，又不如以它为乐的人，强调爱好和兴趣在人们学习中至关重要的作用，无法体现出学习和思考相结合的重要性，排除。\r\n\r\n故正确答案为A。', 1.00, 1, 0, 0);
INSERT INTO `choice_question` VALUES (25, '队伍建设和人才工作事关高校领导权归属，事关高校发展水平和一流大学建设成效，是一项必须牢牢抓在手里、丝毫不能松懈的基础性、战略性工作。高校加强党的全面领导，必须坚持党管干部和党管人才原则，着力培养忠诚干净担当的高素质干部，着力集聚爱国奉献的各方面优秀人才，团结全校师生员工抓改革、谋发展、开新局、创一流。\r\n\r\n下列选项最适合作为这段文字标题的是（ ）。', '1', '以改革发展促进一流大学建设', '以爱国奉献凝聚高校优秀人才', '以加强党的领导促进高校人才工作', '以人才强国战略作为高校发展目标', 'C', '文段开篇介绍队伍建设和人才工作对于高校的重要意义，随后针对高校队伍建设和人才工作提出对策，即高校应加强党的全面领导，接着从多个方面进行具体的解释说明，故文段重在强调加强党的全面领导对于高校人才工作的重要性，对应C项。\r\n\r\nA项，缺少主题词“党的领导”和“高校人才”，且“改革发展”对应解释说明的内容，非重点，排除；\r\n\r\nB项，缺少主题词“党的领导”，且“爱国奉献”对应解释说明的内容，非重点，排除；\r\n\r\nD项，缺少主题词“党的领导”，且“人才强国战略”无中生有，排除。\r\n\r\n故正确答案为C。\r\n\r\n【文段出处】求是网《坚持党的全面领导 推进一流大学建设》', 1.00, 1, 0, 0);
INSERT INTO `choice_question` VALUES (26, '城乡历史文化保护传承，要在精准上下功夫。城乡历史文化范围广、类型多、数量大，情况尤为复杂。不同的传统建筑、旧城街巷等物质遗存，相异的地域风情、民俗习惯等非物质传承，构成了各城市与众不同的文化气质。这也决定了历史文化保护传承方法不能完全相同，必须坚持分类科学。在历史文化名城建设中，历史古都型如何保护、传承，传统风貌型如何延续、更新，地域特色型如何保持、创新；在文化特质赓续中，江南水乡如何留住恬静雅致，北方大院如何维持古朴雄浑，湘西古城如何散发神秘通幽······不同地域、不同类型的历史文化，只有精准施策，才能保护好、传承好。\r\n\r\n这段文字意在强调（ ）。', '1', '城乡历史文化保护传承要因地制宜', '城乡历史文化保护传承面临着复杂局面', '城乡历史文化保护传承应保留城市的物质遗存', '城乡历史文化保护传承需要关注城市的文化气质', 'A', '文段开篇通过对策标志词“要”强调城乡历史文化保护传承要做到精准到位，随后介绍城乡历史文化的复杂情况构成了各城市不同的文化气质，通过“必须”强调历史文化保护传承方法要采取分类科学，接着从历史文化名城建设和文化特质赓续两个方面具体阐述，强调针对不同地域、不同类型的历史文化要做到精准施策。故文段重在强调城乡历史文化保护传承要做到精准施策，坚持分类科学，对应A项。\r\n\r\nB项，“面临着复杂局面”为问题表述，文段重点为对策，非重点，排除；\r\n\r\nC项，文段重在强调城乡历史文化保护传承要做到精准施策，坚持分类科学，“保留城市的物质遗存”偏离文段重点，且表述片面，排除；\r\n\r\nD项，“关注城市的文化气质”并非文段给出的对策，偏离文段重点，排除。\r\n\r\n故正确答案为A。\r\n\r\n【文段出处】新华社《城市更新要建好历史文化传承体系》', 1.00, 1, 0, 0);
INSERT INTO `choice_question` VALUES (27, '企业数字化转型并不是为了数字化而数字化，其核心在于价值创造。对企业而言，价值创造直接体现在业务端，数字化转型实质上是业务的转型，是在以技术为支点、业务为内核的新一代数字技术驱动下，进行业务、管理和商业模式的深度变革重构。因此，数字化转型不是系统和应用简单从“非数字化”到“数字化”的过程，而是着眼于解决业务问题，从业务切入，将数字化技术和工具赋能于业务，更有效地解决业务问题。\r\n\r\n对这段文字，理解不准确的是（ ）。', '1', '企业数字化转型离不开数字化技术和工具的支持', '系统和应用数字化不属于企业数字化转型的要求', '企业数字化转型本质是革新业务、管理和商业模式', '只有落脚到业务上，企业才能真正实现数字化转型', 'B', '\r\nA项，根据“数字化转型不是······而是着眼于解决业务问题，从业务切入，将数字化技术和工具赋能于业务，更有效地解决业务问题”可知，表述正确，排除；\r\n\r\nB项，根据“数字化转型不是系统和应用简单从‘非数字化’到‘数字化’的过程，而是着眼于解决业务问题，从业务切入，将数字化技术和工具赋能于业务”可知，数字化转型不仅包含系统和应用的数字化，还包含业务层面的转型，故“不属于”表述错误，当选；\r\n\r\nC项，根据“数字化转型实质上是业务的转型······进行业务、管理和商业模式的深度变革重构”可知，表述正确，排除；\r\n\r\nD项，根据“对企业而言，价值创造直接体现在业务端，数字化转型实质上是业务的转型”可知，表述正确，排除。\r\n\r\n本题为选非题，故正确答案为B。\r\n\r\n【文段出处】光明网《【思享家】培育数字经济时代新能力，加速企业数字化转型》', 1.00, 1, 0, 0);
INSERT INTO `choice_question` VALUES (28, '近年来，消费成为拉动我国经济增长的主要动力。但是不可忽视的是，我国消费率偏低仍是一个基本事实。从消费需求看，我国在结束“模仿型排浪式”消费阶段后，尽管个性化、多样化消费逐渐成为主流，但总体消费水平还不高，提升和优化的空间还很大。如何让老百姓敢消费、能消费、愿消费，进而消费得起、消费得好，如何精准满足人民群众多样化、差异化、个性化需求，如何优化收入结构、提升消费能力，等等，这些都是我们扩大内需、释放经济活力需要解决的现实问题。\r\n\r\n上述文段主要讲了（ ）。', '1', '加快经济增长面临的主要问题', '当前我国消费需求的特点和趋势', '我国消费的现状和需要解决的问题', '消费的重要性与扩大内需的可能性', 'C', '文段开篇介绍近年来消费成为拉动我国经济增长的主要动力的背景，接着通过转折关联词“但是”指出我国消费率仍然偏低的现状，并从消费需求的角度具体解释说明，然后指出我国促进消费需要解决的一系列现实问题。故文段为并列结构，主要介绍了我国消费的现状及需要解决的问题，对应C项。\r\n\r\nA项，缺少主题词“消费”，偏离文段重点，排除；\r\n\r\nB项，“我国消费需求的······趋势”文段并未提及，无中生有，排除；\r\n\r\nD项，“扩大内需的可能性”文段并未提及，无中生有，排除。\r\n\r\n故正确答案为C。\r\n\r\n【文段出处】《构建新发展格局要处理好辩证关系》《经济日报》（2021年12月29日 10版）', 1.00, 1, 0, 0);
INSERT INTO `choice_question` VALUES (29, '测试1', '1', '11', '11', '11', '11', 'A', '11', 1.00, 1, 0, 1);
INSERT INTO `choice_question` VALUES (30, '11', '1', '11', '11', '11', '11', 'A', '11', 1.00, 1, 0, 1);
INSERT INTO `choice_question` VALUES (31, '111', '1', '111', '11', '11', '1', 'C', '1', 1.00, 1, 0, 1);
INSERT INTO `choice_question` VALUES (32, '1', '1', '1', '1', '1', '1', 'A', '1', 1.00, 1, 0, 1);
INSERT INTO `choice_question` VALUES (33, '\r\n71，63，59，41，35（ ）', '1', '20', '\r\n31', '32', '\r\n33', 'D', '观察数列，无明显特征。数列变化较慢且差值忽增忽减，考虑作和。三三加和后形成新数列：193，163，135。新数列的各项均在幂次数附近，考虑幂次修正。193=14^2-3，163=13^2-6，则新数列下一项=11^2 - 12=109，即原数列最后三项之和为109，故所求项。\r\n\r\n故正确答案为D。', 1.00, 7, 0, 0);
INSERT INTO `choice_question` VALUES (34, '1，1/2，3，2，7，5，（ ），（ ），31，23', '1', '6，7', '15，11', '10，11', '7，9', 'B', '题干数字个数较多，优先考虑多重数列。考虑相邻两项两两分组，分组后相邻两项之差分别为：1/2、1、2、（）、8，是公比为2的等比数列，所以原数列所求两项的差应为，结合选项只有B项满足。\r\n\r\n故正确答案为B。', 1.00, 7, 0, 0);
INSERT INTO `choice_question` VALUES (35, '123，147，258，（ ），432', '1', '345', '413', '368', '421', 'A', '方法一：数项都是三位数，考虑机械划分。将原数列中的数字拆成三个数字去看，1、2、3是公差为1的等差数列，1、4、7是公差为3的等差数列，2、5、8是公差为3的等差数列，4、3、2是公差为-1的等差数列，即规律为：每个三位数的数字依次为等差数列，观察选项，只有A项3、4、5符合等差数列。', 1.00, 7, 0, 0);
INSERT INTO `choice_question` VALUES (36, '\r\n10 12 13 22 25 35 （ ）', '1', '60', '50', '47', '37', 'C', '数列无明显特征，作差无规律，考虑递推数列。观察前四项10，12，13，22······发现(10+12)=22，即(第一项+第二项)=第四项，验证其他连续的四个数均符合，所以。最后一项＝22+25=47\r\n故正确答案为C。', 1.00, 7, 0, 0);
INSERT INTO `choice_question` VALUES (37, '\r\n把最合适的一项填入？中，使其符合一定的规律：', 'http://localhost:8080/community/admin/quesImg/5843a8c3374449eba25d761c79f04598.png', '1', '2', '3', '4', 'B', '图形数阵，考虑对角线方向的数字联系。\r\n\r\n观察发现：\r\n\r\n第一个数阵中，3+2=7-2；\r\n\r\n第二个数阵中，3+1=9-5；\r\n\r\n第三个数阵中，1+3=10-6；\r\n\r\n故第四个数阵中，-3+8=7-？，？=2。\r\n\r\n故正确答案为B。', 1.00, 7, 0, 0);
INSERT INTO `choice_question` VALUES (38, '\r\n1，-2，-3，-2，1，（ ）', '1', '6', '3', '-1', '-4', 'A', '数列无明显特征，优先考虑作差。作差后得到新数列：-3，-1，1，3，（ ），为公差是2的等差数列，新数列中下一项=3+2=5，则所求项=1+5=6。\r\n\r\n故正确答案为A。', 1.00, 7, 0, 0);
INSERT INTO `choice_question` VALUES (39, '\r\n2.1，3.4，（ ），8.16，13.25', '1', '4.3', '7.8', '5.9', '5.1', 'C', '观察题干数字均为小数，进行机械拆分后整数部分为：2、3、（ ）、8、13，小数部分为：1、4、（ ）、16、25。观察小数部分发现均为平方数，所以所求项的小数部分应为，只有C项符合，代入C项的整数部分5，得到数列的整数部分2、3、5、8、13，恰好满足规律“前两项之和等于后一项”。\r\n\r\n故正确答案为C。', 1.00, 7, 0, 0);
INSERT INTO `choice_question` VALUES (40, '\r\n1，1.2，1.8，3.6，9，（ ）', '1', '12', '16.2', '25.2', '27', 'C', '数列无明显特征，优先考虑作差。作差后得到新数列：0.2，0.6，1.8，5.4，（），为公比是3的等比数列，则。。\r\n\r\n故正确答案为C。', 1.00, 7, 0, 0);
INSERT INTO `choice_question` VALUES (41, '甲、乙两个仓库共存有340吨粮食。如果甲仓库存放的粮食是乙仓库的2倍多10吨，则甲仓库存有粮食（ ）吨。', '1', '110', '120', '230', '240', 'C', '设乙仓库存有粮食x吨，则甲仓库存有粮食（2x+10）吨。根据题意可列式：x+（2x+10）=340，解得：x=110，则甲仓库存有粮食2×110+10=230吨。\r\n\r\n故正确答案为C。', 1.00, 7, 0, 0);
INSERT INTO `choice_question` VALUES (42, '为了保护生态环境，某单位需要购买一批污水处理设备，总的预算不超过120万元。现有甲、乙两种类型设备可供选择，如果购买2台甲型设备和3台乙型设备，将超出预算10万元；若购买3台甲型设备和2台乙型设备，将结余10万元。若该单位最终购买5台污水处理设备，问共有几种购买方案？', '1', '1', '2', '3', '4', 'C', '设甲型设备单价为x万元，乙型设备单价为y万元。\r\n\r\n根据题意可得方程：2x+3y=120+10①，3x+2y=120-10②；联立①②解得x=14，y=34。\r\n\r\n最终购买5台设备，总费用不超过总预算120万元，\r\n\r\n第一种购买方案：5台甲设备，14×5=70<120，符合题意；\r\n\r\n第二种购买方案：4台甲设备，1台乙设备，14×4+34=90<120，符合题意；\r\n\r\n第三种购买方案：3台甲设备，2台乙设备，14×3+34×2=110<120，符合题意；\r\n\r\n第四种购买方案：2台甲设备，3台乙设备，14×2+34×3=130>120，不符合题意；\r\n\r\n第五种购买方案：1台甲设备，4台乙设备，14+34×4=150>120，不符合题意；\r\n\r\n第六种购买方案：5台乙设备，34×5=170>120，不符合题意。\r\n\r\n因此，共有3种购买方案。\r\n\r\n故正确答案为C。', 1.00, 7, 0, 0);
INSERT INTO `choice_question` VALUES (43, '\r\n有200人参加招聘会，其中法学70人，经济学60人，工业设计50人，统计学20人，至少有（ ）人找到工作才能保证一定有50人的专业相同。', '1', '167', '168', '170', '175', 'B', '题目问“至少······才能保证······”，为最值问题中的最不利构造题型。最不利的情况为每个专业最多只有49人找到工作，则最不利情况数为49（法学）+49（经济学）+49（工业设计）+20（统计学）=167人，在此基础上再任意多一人找到工作就可以满足有50人的专业相同的要求，即至少要有167+1=168人找到工作。\r\n\r\n故正确答案为B。', 1.00, 7, 0, 0);
INSERT INTO `choice_question` VALUES (44, '\r\n博物馆员工周二至周六上班，周日、周一休息。某月有31天，员工小王工作了22天，则该月的4号是周几？', '1', '周一', '周二', '周一或周四', '周四或周日', 'C', '该月共有31天，小王工作了22天，则休息了31-22=9天。31天可看成前3天+后28天。后28天为4个整周期，共休息4×2=8天。则前3天休息1天，说明该月的第一天（1号）是周一或者第三天（3号）是周日，若1号是周一，则4号是周四；若3号是周日，则4号是周一。\r\n\r\n故正确答案为C。', 1.00, 7, 0, 0);
INSERT INTO `choice_question` VALUES (45, '某单位有甲和乙2个办公室，分别有职工5人和4人。每周从这9名职工中随机抽取1人下沉社区担任志愿者（同一人有可能被连续、重复选中）。问7月前2周的志愿者均来自甲办公室的概率在以下哪个范围内？', '1', '不到25%', '25%~35%之间', '35%~45%之间', '超过45%', 'B', '根据题意可知，7月前2周的志愿者总情况数为种，7月前2周的志愿者均来自甲办公室的情况数为种。因此所求概率，在25%~35%之间。\r\n\r\n故正确答案为B。', 1.00, 7, 0, 0);
INSERT INTO `choice_question` VALUES (46, '\r\n工厂生产甲、乙两种设备，需要用到A、B、C三种零件。其中生产1台甲设备需要5个A零件和11个B零件，生产1台乙设备需要4个B零件和9个C零件。工厂某日生产的一批设备共用A、B、C三种零件不超过200个，其中C零件的用量超过100个。问最多可能生产了多少台甲设备？', '1', '1', '2', '3', '4', 'B', '要让甲设备数量最多，则需要让乙设备数量最少。因为只有乙设备用到了C零件，根据“生产1台乙设备需要4个B零件和9个C零件······其中C零件的用量超过100个”，则乙设备数量最少为101÷9=11······2，结合题意可知每个C零件均已被用于生产，则乙设备数量最少为11+1=12个，最少用了12×（4+9）=156个零件。结合“设备共用A、B、C三种零件不超过200个”，则生产甲设备可用的零件数量最多为200-156=44个，44÷（5+11）=2······12，即最多可能生产了2台甲设备。\r\n\r\n故正确答案为B。', 1.00, 7, 0, 0);
INSERT INTO `choice_question` VALUES (47, '某学习平台收到的征文，将通过两轮评审决定能否采用。先由两位编辑进行初审，若两位编辑评审都通过，则予以采用；若两位编辑都未予通过，则不予采用；若仅有一位编辑初审通过，则再由主编进行复审，若复审通过，则予以采用，否则不予采用。设稿件能通过各初审编辑评审的概率均为0.4，复审的稿件能通过的概率为0.2，各编辑独立评审，则每篇征文被采用的概率为：', '1', '0.32', '0.256', '0.24', '0.208', 'B', '根据题意，每篇征文被采用的情况为：①初审两位编辑均通过，概率为：0.4×0.4=0.16；②初审两位编辑仅有一位通过，且主编复审通过，概率为：，分类用加法，故每篇征文被采用的概率为0.16+0.096=0.256。\r\n\r\n故正确答案为B。', 1.00, 7, 0, 0);
INSERT INTO `choice_question` VALUES (48, '某地有4片果园需要施肥。使用1台无人机为4片果园施肥分别需要1.2、1.3、2、2.5小时。如果使用2台无人机，则完成所有施肥任务至少需要（ ）小时。', '1', '2.5', '3.5', '3.8', '4.8', 'B', '使用1台无人机为4片果园全部施肥共需要1.2+1.3+2+2.5=7小时，若想完成所有施肥任务用时尽量少，则2台无人机均应不间歇地工作，至少需3.5小时。\r\n\r\n故正确答案为B。', 1.00, 7, 0, 0);
INSERT INTO `choice_question` VALUES (49, '\r\n现有6根钢筋，长度分别为4尺、7尺、8尺、9尺、10尺和12尺。现每次抽取3根首尾相连组成一个三角形，则一共能组成多少个不同的三角形？', '1', '20', '19', '18', '17', 'C', '方法一：根据题意，从6根钢筋中每次抽取3根，共有种情况，若想构成三角形需满足“两边之和大于第三边，两边之差小于第三边”，任意抽取3根中不满足该条件的有4、7、12以及4、8、12两种情况，则一共能组成20-2=18个不同的三角形。\r\n\r\n方法二：根据枚举法，满足题意的情况数分别为：\r\n\r\n①当抽取到4和7时，第三边可以为：8、9、10共三种情况；\r\n\r\n②当抽取到4和8时，第三边可以为：9、10共两种情况；\r\n\r\n③当抽取到4和9时，第三边可以为：10、12共两种情况；\r\n\r\n④当抽取到4和10时，第三边可以为：12一种情况；\r\n\r\n⑤当抽取到7和8时，第三边可以为：9、10、12共三种情况；\r\n\r\n⑥当抽取到7和9时，第三边可以为：10、12共两种情况；\r\n\r\n⑦当抽取到7和10时，第三边可以为：12一种情况；\r\n\r\n⑧当抽取到8和9时，第三边可以为：10、12共两种情况；\r\n\r\n⑨当抽取到8和10时，第三边可以为：12一种情况；\r\n\r\n⑩当抽取到9和10时，第三边可以为：12一种情况；\r\n\r\n则一共能组成3+2+2+1+3+2+1+2+1+1=18个不同的三角形。\r\n\r\n故正确答案为C。', 1.00, 7, 0, 0);
INSERT INTO `choice_question` VALUES (50, '某单位共有8名安保队员，并根据序号每天安排2名队员轮流值班：第一天由队员1、2负责值班；第二天由队员3、4负责值班······以此类推。如果队员3今天负责了值班，则他将在（ ）天后再次负责值班。', '1', '4', '5', '6', '7', 'A', '根据题意可知，每天2名队员轮流值班，8名队员轮一个周期需值天班。如果队员3今天负责值班，则他将在一个周期，即4天后，再次负责值班。\r\n\r\n故正确答案为A。', 1.00, 7, 0, 0);
INSERT INTO `choice_question` VALUES (51, '\r\n从所给的四个选项中，选择最合适的一个填入问号处，使之呈现一定的规律性：', 'http://localhost:8080/community/admin/quesImg/4d78b357b43c4fa695f6d52eb4a6ea31.png', 'A', 'B', 'C', 'D', 'D', '思路一：元素组成相似，相同线条重复出现，考虑加减同异。观察发现，第一组图中，图1和图2求同后上下翻转可得到图3，将规律运用到第二组图中，只有D符合。\r\n\r\n故正确答案为D。\r\n\r\n思路二：本题考查元素个数。第一个图的小方块数减去第二个图的小方块数等于第三个图的小方块个数，即。第二组图运用相同的规律，第一个图的小圆圈个数减去第二个图的小圆圈个数等于第三个图的小圆圈个数，即。问号处应选填一个包含2个小圆圈的图形。\r\n\r\n故正确答案为D。', 1.00, 8, 0, 0);
INSERT INTO `choice_question` VALUES (52, '把下面的六个图形分为两类，使每一类图形都有各自的共同特征或规律，分类正确的一项是：', 'http://localhost:8080/community/admin/quesImg/f6d508de8fe84bbe925f80ec4915b7ea.png', '①③④，②⑤⑥', '①④⑥，②③⑤', '①②④，③⑤⑥', '①③⑥，②④⑤', 'A', '本题为分组分类题目。在16宫格内，每个图形均由空白圆和黑色圆构成，且发现②⑤⑥图形均为对称图形，且对称轴方向均为竖向，再观察发现①③④图形均关于16宫格的左斜对称轴对称。即①③④一组，②⑤⑥一组。\r\n\r\n故正确答案为A。', 1.00, 8, 0, 0);
INSERT INTO `choice_question` VALUES (53, '下列选项中，符合所给图形的变化规律的是（ ）。', 'http://localhost:8080/community/admin/quesImg/dbfbf5c451784a85a19c806a06a7b933.png', 'A', 'B', 'C', 'D', 'B', '原图是由下往上，下面两幅图结合推出上面一幅图。其规律是：同一位置元素不同的就去掉变成空白，元素相同的就保留但方向变成相反的。\r\n\r\n根据这个规律来观察：\r\n\r\n相同的地方只有中间列的最上面和最下面，把方向反过来，最上面的箭头变成，最下面箭头变成，其他的都去掉变成空白，只有B项符合要求。\r\n\r\n故正确答案为B。', 1.00, 8, 0, 0);
INSERT INTO `choice_question` VALUES (54, '\r\n右边给出的一套图形，其中有四个图，从中选出唯一的一项作为保持左边五个图形规律的第六个图是：', 'http://localhost:8080/community/admin/quesImg/dc15cc4970764b29a895f6514d0b51d1.png', 'A', 'B', 'C', 'D', 'C', '元素组成凌乱，观察图形，面与面之间均由点相连，且面与面之间并不相容或相交，符合条件的只有C项。\r\n\r\n故正确答案为C。', 1.00, 8, 0, 0);
INSERT INTO `choice_question` VALUES (55, '从所给四个选项中，选择最合适的一个填入问号处，使之呈现一定的规律性：', 'http://localhost:8080/community/admin/quesImg/95fc9b8a92784b7dafacfdb9c1aa8be2.png', 'A', 'B', 'C', 'D', 'B', '图形组成相似，考查元素样式。前一组第1个图形的外围图形与第2个图形直接叠加得到第三个图形，按照相同规律，后一组第1个图形的外围图形五边形与第2个图形直接叠加得到B选项。\r\n\r\n故正确答案为B。', 1.00, 8, 0, 0);
INSERT INTO `choice_question` VALUES (56, '左边给定的是纸盒的外表面，下面哪一项能由它折叠而成？', 'http://localhost:8080/community/admin/quesImg/f9cd3eebcab8426b93918214ed0eb188.png', 'A', 'B', 'C', 'D', 'D', 'A项：面d、e、f、三个面的公共点在展开图中发射出2条线，而在选项中只发射出1条线，选项与展开图不一致，排除；\r\n\r\n\r\n\r\nB项：以b面中的Y字开口对着的边为唯一边顺时针画边，展开图中边2挨着a面，选项中边4挨着a面，选项与展开图不一致，排除；\r\n\r\n\r\n\r\nC项：面a、c、e的公共点在展开图中发射出2条线，选项中发射出3条线，选项与展开图不一致，排除；\r\n\r\n\r\n\r\nD项：面a、e、f，选项与展开图一致，当选。\r\n\r\n故正确答案为D。', 1.00, 8, 0, 0);
INSERT INTO `choice_question` VALUES (57, '\r\n左边给定的是纸盒外表面的展开图，右边哪一项能由它折叠而成？请把它找出来：', 'http://localhost:8080/community/admin/quesImg/28a9f594e2074719ad910e2c71c4d09b.png', 'A', 'B', 'C', 'D', 'A', '利用箭头法或者时针法及公共边上的细节可排除B、C、D三项。\r\n\r\nB项：顶面的直线应与右侧面的对角线相连，错误，排除；\r\n\r\nC项：选项中边4对应的是面d，而题干中边2对应面d，对应错误，排除；\r\n\r\nD项：选项中边2对应的是面b，而题干中边2对应的是面d，对应错误，排除。\r\n\r\n故正确答案为A。', 1.00, 8, 0, 0);
INSERT INTO `choice_question` VALUES (58, '\r\n从所给的四个选项中，选择最合适的一个填入问号处，使之呈现一定的规律性：', 'http://localhost:8080/community/admin/quesImg/d5782e310c7a480888c3d1144d8b5454.jpg', 'A', 'B', 'C', 'D', 'D', '题干两组图形之间呈现出对应的相似性。前一组图形的直线转为曲线（或曲线转为直线），得到第二组图形。田字形图形转化为曲线后应为D项。\r\n\r\n故正确答案为D。', 1.00, 8, 0, 0);
INSERT INTO `choice_question` VALUES (59, '\r\n从所给的四个选项中，选择最合适的一个填入问号处，使之呈现一定的规律性。', 'http://localhost:8080/community/admin/quesImg/e380920f210347d6809b59baa326f574.jpg', 'A', 'B', 'C', 'D', 'B', '本题考点为图形推理中的属性——对称性。题干中的4个图形都是轴对称图形，选项中只有B项的图形是轴对称图形，其他三项为非轴对称图形，因此，本题答案为B选项。\r\n\r\n故正确答案为B。', 1.00, 8, 0, 0);
INSERT INTO `choice_question` VALUES (60, '\r\n从所给的四个选项中，选择最合适的一个填入问号处，使之呈现一定规律性：', 'http://localhost:8080/community/admin/quesImg/65a61f32d1ae4644bf9aab2814d09725.png', 'A', 'B', 'C', 'D', 'A', '元素组成凌乱，属性无明显规律，考虑数量变化。每个图形均由三种元素构成，排除C项，并且后图均存在且只存在一个与前图相同的元素，排除B、D两项。\r\n\r\n故正确答案为A。', 1.00, 8, 0, 0);
INSERT INTO `choice_question` VALUES (61, '真真家的电话号码是一个5位数。并且由5个完全不同的数字组成。\r\n\r\n善善猜测道：“它是84261\"；\r\n\r\n美美猜测道：“它是49280\"；\r\n\r\n诚诚猜测道：“它是26048”。\r\n\r\n真真笑着说:“你们每个人都猜对了位置不相邻的两个数字”。则真真家的电话号码是：', '1', '62804', '82406', '64208', '86240', 'D', '第一步：分析题干条件。\r\n\r\n（1）善善：84261；\r\n\r\n（2）美美：49280；\r\n\r\n（3）诚诚：26048；\r\n\r\n（4）真真：每个人都猜对了位置不相邻的两个数字。\r\n\r\n第二步：逐一验证选项。\r\n\r\n题干信息不确定，选项信息充分，优先考虑代入法。\r\n\r\n代入A项：善善没有猜对数字，不符合条件（4），排除；\r\n\r\n代入B项：善善只猜对了1个数字，不符合条件（4），排除；\r\n\r\n代入C项：善善猜对了“4”和“2”，但位置相邻，不符合条件（4），排除；\r\n\r\n代入D项：善善猜对了“8”和“2”，美美猜对了“2”和“0”，诚诚猜对了“6”和“4”，且位置均不相邻，满足条件（4），当选。\r\n\r\n故正确答案为D。', 1.00, 8, 0, 0);
INSERT INTO `choice_question` VALUES (62, '以前很多科学家相信，人类来自于非洲。但是最近科学家们在非洲的撒哈拉沙漠发现了早期灵长类动物4个物种的化石，这些物种可能生活在3900万年前，但它们与同期或者更早在非洲生活的物种都不相同，这表明它们是在其他地方进化后才到达非洲的。科学家们认为，最有可能的解释是这些物种源于亚洲，然后从亚洲迁移到了非洲。\r\n\r\n以下哪项如果为真，最能支持上述结论？', '1', '这4个物种来自于灵长类家族中不同的分支，它们拥有同一个祖先', '科学家们在亚洲发现了生活在4500万年前的这些早期灵长类动物化石', '进化成这4个早期灵长类动物的物种需花费很长时间，但在非洲却找不到其进化痕迹', '3900万年前，在非洲没有物种能与这些早期灵长类动物相抗衡，因此它们有了一段繁盛的发展时期', 'B', '\r\n第一步：找出论点和论据。\r\n\r\n论点：最有可能的解释是这些物种源于亚洲，然后从亚洲迁移到了非洲。\r\n\r\n论据：最近科学家们在非洲的撒哈拉沙漠发现了早期灵长类动物4个物种的化石，这些物种可能生活在3900万年前，但它们与同期或者更早在非洲生活的物种都不相同，这表明它们是在其他地方进化后才到达非洲的。\r\n\r\n本题论据讨论的是发现有早期灵长类动物4个物种是从其他地方进化后来到非洲的，论点讨论的是这4个物种是从亚洲迁移到非洲的，论点和论据讨论的话题一致，考虑补充论据来进行加强。\r\n\r\n第二步：逐一分析选项。\r\n\r\nA项：该项讨论的是被发现的这4个物种有同一个祖先，与论点讨论的话题不一致，无法加强，排除；\r\n\r\nB项：该项指出在亚洲发现了这些早期灵长类动物化石，4500万年前这些物种生活在亚洲，说明这些物种确实是从亚洲迁移到非洲的，补充论据，可以加强，当选；\r\n\r\nC项：该项说的是进化成这4个早期灵长类动物的物种需要很长时间，且在非洲找不到其进化的痕迹，说明确实是在其他地方进化后才到达非洲的，但是否是从亚洲迁移过去不明确，与论点讨论的话题不一致，无法加强，排除；\r\n\r\nD项：该项讨论了3900万年前这些早期灵长类动物在非洲有一段繁盛的发展时期，与论点讨论的话题不一致，无法加强，排除。\r\n\r\n故正确答案为B。', 1.00, 8, 0, 0);
INSERT INTO `choice_question` VALUES (63, '\r\n某大学研究人员首次用嗜黏蛋白阿克曼氏菌进行小规模人体试验。32名超重或肥胖的志愿者被分为3组，分别每天口服活的嗜黏蛋白阿克曼氏菌、经过巴氏消毒法灭活的这种细菌和安慰剂，同时不改变饮食和运动习惯。结果显示，3个月后服用灭活细菌的志愿者对胰岛素敏感性提高，血浆总胆固醇水平降低。服用安慰剂的志愿者体内上述指标继续恶化。\r\n\r\n由此可以推出：', '1', '服用该灭活菌能改善人体的代谢状况', '该菌灭活后降低糖尿病的效果甚至好于活细菌', '服用该菌能够降低罹患心血管疾病和糖尿病的风险', '肥胖者可以将该灭活菌作为膳食补充剂达到减肥的目的', 'A', '日常结论题，根据题干信息逐一分析选项。\r\n\r\nA项：根据试验结果可知，服用该灭活细菌可以降低血浆总胆固醇水平，而服用安慰剂的一组这一指标持续恶化，说明服用该灭活细菌可以改善以上指标，由于血浆总胆固醇水平是人体的代谢指标之一，所以可以合理推出服用该灭活细菌能改善人体的代谢状况，当选；\r\n\r\nB项：在题干的试验结果中，没有对比服用灭活细菌和服用活细菌的试验结果，所以无法得出将这两组进行比较的相关结论，无中生有，排除；\r\n\r\nC项：在题干的试验结果中，只提及了服用灭活细菌和安慰剂之后的结果，并未提及服用“活细菌”之后的结果，所以无法得出服用“该菌（即活细菌）”能够降低罹患心血管疾病和糖尿病的风险，排除；\r\n\r\nD项：在题干的试验结果中，只说明了胰岛素敏感性和血浆总胆固醇水平的相关结果，这两者与“减肥”都没有必然关系，不能合理推出，排除。\r\n\r\n故正确答案为A。\r\n\r\n注：本题题干用“活细菌”、“灭活细菌”、“安慰剂”三者做试验，却只给出“灭活细菌”和“安慰剂”的结果，没有给出“活细菌”的结果，而C项直接说服用“该菌”的结果，属于无中生有，这是本题的坑点所在。\r\n\r\nA选项在相关原文中表述如下图1，通过原文不难发现，文段的主题词是“灭活菌”，而非“活细菌”；另外如下图2所示，选项的用词很讲究，如果想说灭活菌，就会直接表述成“该灭活菌”，而B、C两项的“该菌”，其实就是指“活细菌”，故小粉笔倾向把答案给到A项。', 1.00, 8, 0, 0);
INSERT INTO `choice_question` VALUES (64, '\r\n业主小赵问物业公司的老王：“你是物业公司的员工吗？”\r\n\r\n老王：“是的。”\r\n\r\n小赵：“物业是为业主服务的吗？”\r\n\r\n老王：“是的。”\r\n\r\n小赵：“那么，你为什么不为我服务？”\r\n\r\n下列（ ）项和上述小赵的论证错误最为类似。', '1', '甲乙两国是邻邦，所以，作为两国人的你我应该成为好朋友', '你们村应该感谢我们公司每年提供大量无息贷款和捐赠物资，所以，你应该感谢我', '每片雪花都不愿意承认自己是雪崩的罪魁祸首，但其实每片雪花都对雪崩负有责任', '张某、陈某都是甲地人，他们两人都获得了医学博士学位，由此可见，甲地出医学人才', 'B', '第一步：分析题干论证方式。\r\n\r\n题干为物业为“业主”服务，这里的“业主”是整体概念，而小赵偷换概念，变成了“每一位业主”，即为小赵个人服务，论证错误为“整体概念”被偷换为其中的“每个人概念”。\r\n\r\n第二步：逐一分析选项。\r\n\r\nA项：该项中甲乙两国是“邻邦”，即相邻，你和我应该成为好朋友，即关系好，前后说的完全是两件不同的事，而题干都在说“服务”，与题干逻辑错误不一致，排除；\r\n\r\nB项：该项中你们村应该感谢我们公司，这里“我们公司”是整体概念，而句中偷换概念，变成了个人“我”，与题干逻辑错误一致，当选；\r\n\r\nC项：该项中前后两句的“每片雪花”都是在表达每个个体的意思，前后并没有偷换概念，与题干逻辑错误不一致，排除；\r\n\r\nD项：该项中张某、陈某都是甲地人，且都获得医学博士学位，所以推出甲地出医学人才，属于从部分推出整体，与题干逻辑错误不一致，排除。\r\n\r\n故正确答案为B。', 1.00, 8, 0, 0);
INSERT INTO `choice_question` VALUES (65, '不少车辆在交通高峰期只有一人使用，极大浪费了有限的道路资源。因此，有人提出设置“多乘员车辆专用车道”（HOV），该车道只允许乘坐2人以上车辆进入，只有驾驶员一人的“单身车”不得在工作日的某些时间段内进入该车道，以此提高道路使用效率、缓解交通拥堵。\r\n\r\n以下哪项如果为真，最能质疑上述设想？', '1', '因出发地或目的地不同等原因，单身车主找人合乘不易', '设置HOV后，增加了车辆的变道难度，容易加剧交通拥堵', '有些单身车驾驶员可能以遮蔽车窗等手段逃避监管，侵占HOV', '通过鼓励乘坐公共交通工具出行的方法，更能提高道路使用效率', 'B', '第一步：找出论点和论据。\r\n\r\n论点：设置“多乘员车辆专用车道”（HOV），该车道只允许乘坐2人以上车辆进入，只有驾驶员一人的“单身车”不得在工作日的某些时间段内进入该车道，以此提高道路使用效率、缓解交通拥堵。\r\n\r\n论据：无。\r\n\r\n本题只有论点没有论据，预设削弱论点的方式进行削弱，即说明设置“多乘员车辆专用车道”（HOV）不能提高道路使用效率、缓解交通拥堵。\r\n\r\n第二步：逐一分析选项。\r\n\r\nA项：该项说的是单身车主找人合乘不易，这些人可能无法使用HOV，与设置HOV能否提高道路使用效率、缓解交通拥堵无关，无法削弱，排除；\r\n\r\nB项：该项说的是设置HOV后，反而容易加剧交通拥堵，则设置HOV不能提高道路使用效率、缓解交通拥堵，削弱论点，可以削弱，当选；\r\n\r\nC项：该项说的是有些单身车驾驶员可能采取手段侵占HOV，与设置HOV能否提高道路使用效率、缓解交通拥堵无关，无法削弱，排除；\r\n\r\nD项：该项说的是通过鼓励乘坐公共交通工具更能提高道路使用效率，与设置HOV能否提高道路使用效率、缓解交通拥堵无关，无法削弱，排除。\r\n\r\n故正确答案为B。', 1.00, 8, 0, 0);
INSERT INTO `choice_question` VALUES (66, '如图所示是个水果电池示意图，将一个柠檬捏软，插入一把铁叉和一把铜钥匙作为正负极，下列相关叙述错误的是        。', 'http://localhost:8080/community/admin/quesImg/0c64e10803214d609a0ff4a4376fa2b5.png', '捏软柠檬是为了让其内部产生更多的果汁，增强电解液的活性', '一个水果电池并不能使小灯泡发光的原因是电池电压较低', '如果用两把相同的铁叉也能做成水果电池', '如果将几个柠檬串接起来形成的电池效果会更好', 'C', '根据题意可知，本题中铁叉和铜钥匙分别作为该水果电池的正、负极，铁为活泼金属，铜为不活泼金属，因为柠檬汁呈酸性，其中含有氢离子，又因为在酸性条件下活泼金属铁易失去电子，而铜不易失去电子，故电子可经导线由铁叉移动到铜钥匙处，由于电子带负电，所以根据电子定向移动的反向可知，铜钥匙为正极，铁叉为负极。\r\n\r\nA项：捏软柠檬可产生更多的柠檬汁，可使该水果电池产生更多的氢离子，从而增强电解液的活性，正确；\r\n\r\nB、D两项：一个水果电池的电压较小，不能使小灯泡发光，但若将多个水果电池串接在一起，相当于将多个电池串联，可使整体的电压增大，电池效果会更好，B、D两项均正确；\r\n\r\nC项：如果用两把相同的铁叉制作水果电池，此时正、负极金属的活动性相同，则无法使电子产生定向移动，也就无法做成水果电池，错误。\r\n\r\n本题为选非题，故正确答案为C。', 1.00, 8, 0, 0);
INSERT INTO `choice_question` VALUES (67, '人的平均智商每十年有一定幅度增长，这个现象被称为弗林效应，它可能是儿童时期营养、医疗和教育品质不断提升的结果。而且数据显示，平均智商最大幅的增长发生在发展中国家和地区。在这些地方，儿童时期营养、标准化教育和医疗条件的提升是影响智商的最重要因素。\r\n\r\n由此可以推出：', '1', '人的平均智商并非一成不变，而是会受到社会发展变化的影响', '人的平均智商水平反映了该国家和地区的经济发展水平', '发展中国家人的平均智商要远低于发达国家人的平均智商', '发达国家人的平均智商增幅缓慢是因为在营养、医疗和教育方面已无太多提升空间', 'A', '日常结论题，根据题干信息逐一分析选项。\r\n\r\nA项：根据题干第一句话“人的平均智商每十年有一定幅度增长”可知，人的平均智商不是一成不变，根据题干最后一句话“在这些地方，儿童时期营养、标准化教育和医疗条件的提升是影响智商的最重要因素”可知，儿童时期营养、标准化教育和医疗条件的提升属于社会发展变化，因此可以推出人的平均智商是变化的且受到社会发展变化的影响，当选；\r\n\r\nB项：题干中仅提及“发展中国家和地区”平均智商增幅最大，未提及平均智商是否会反映经济发展水平，无法推出，排除；\r\n\r\nC项：题干中没有提及发展中国家和发达国家人的平均智商的比较，无中生有，无法推出，排除；\r\n\r\nD项：题干中没有提及发达国家人的平均智商增幅缓慢的原因，无中生有，无法推出，排除。\r\n\r\n故正确答案为A。', 1.00, 8, 0, 0);
INSERT INTO `choice_question` VALUES (68, '动物园中有三种动物：骆驼、大象和猴子，它们的年龄均为整数。三个伙伴小张、小王和小李去动物园参观动物，他们各选择一种动物去参观，三人选的动物各不相同。已知：\r\n\r\n①大象住在动物园东边的动物馆；\r\n\r\n②骆驼已经4岁，住在西边的动物馆；\r\n\r\n③小王去看的是动物园东边和西边之间的动物；\r\n\r\n④小张去看的动物年龄最小；\r\n\r\n⑤三种动物年龄从西到东依次增加，且平均年龄为5岁。\r\n\r\n以下说法正确的是：', '1', '猴子年龄为5岁', '大象年龄为7岁', '小王参观的是大象', '小李参观的是骆驼', 'A', '第一步：分析题干条件。\r\n\r\n（1）骆驼、大象和猴子的年龄均为整数；\r\n\r\n（2）大象住在动物园东边；\r\n\r\n（3）骆驼4岁，住在动物园西边；\r\n\r\n（4）小王看的是动物园东边和西边之间的动物；\r\n\r\n（5）小张去看的动物年龄最小；\r\n\r\n（6）三种动物年龄从西到东依次增加，且平均年龄为5岁。\r\n\r\n第二步：根据题干条件进行推理。\r\n\r\n根据条件（2）（3）和（4），大象住东边，骆驼住西边，可知住动物园东边和西边之间的动物是猴子，则小王看的是猴子，排除C项；根据条件（6）可知，三种动物的年龄排序从小到大为骆驼、猴子和大象，结合条件（5）可知小张看的是骆驼，排除D项；根据条件（3）可知骆驼4岁，根据（1）和条件（6）可知，猴子的年龄为5岁，大象的年龄为6岁，排除B项。\r\n\r\n故正确答案为A。', 1.00, 8, 0, 0);
INSERT INTO `choice_question` VALUES (69, '\r\n下列选项中，符合所给图形变化规律的是：', 'http://localhost:8080/community/admin/quesImg/1ed9d215cb1e4854b51b468fdfbc8b1d.png', 'A', 'B', 'C', 'D', 'D', '解法一：元素组成不同，可以考虑数量规律。观察发现，题干图形明显被分割，可以考虑面数量。题干图形的面数量依次为6、8、10、8、？，可以得出根据题干图3左右两边图形面数量对称，故？处图形的面数量应为6，只有D项满足规律。\r\n\r\n故正确答案为D。\r\n\r\n解法二：元素组成不同，可以考虑属性规律。观察发现，题干图形依次为轴+中心对称图形、非对称图形、轴+中心对称图形、非对称图形、？，可以得出题干图形为轴+中心对称图形与非对称图形交替出现，故？处图形应为轴+中心对称图形，只有C项满足规律。\r\n\r\n故正确答案为C。\r\n\r\n注：本题这两种解题规律都不常规，上海考生简单了解基本解题思路即可，其他省份考生无需作为备考重点。', 1.00, 8, 0, 0);
INSERT INTO `choice_question` VALUES (70, '\r\n中国有句古语：“留得五湖明月在，不愁无处下金钩。”\r\n\r\n据此，以下哪项是不可能的？', '1', '如果留得五湖明月，定有去处可下金钩', '虽然五湖明月俱在，但已无处可下金钩', '没有留得五湖明月，也有去处可下金钩', '没有留得五湖明月，可能会无处下金钩', 'B', '第一步：翻译题干。\r\n\r\n题干翻译为：留得五湖明月在有去处下金钩（无处下金钩）。\r\n\r\n第二步：逐一分析选项。\r\n\r\nA项：翻译为：留得五湖明月有去处下金钩，是对题干条件关系的肯前，肯前必肯后，一定为真，排除；\r\n\r\nB项：翻译为：五湖明月俱在 且 无处可下金钩，与题干的条件关系相矛盾，不可能为真，当选；\r\n\r\nC项：翻译为：留得五湖明月 且 有去处下金钩，“留得五湖明月”是对题干条件关系的否前，否前无必然结论，因此可能为真，排除；\r\n\r\nD项：前半句“留得五湖明月”是对题干条件关系的否前，否前无必然结论，因此可能无处下金钩，排除。\r\n\r\n本题为选非题，故正确答案为B。', 1.00, 8, 0, 0);
INSERT INTO `choice_question` VALUES (71, '习近平外交思想既充分汲取中华优秀传统文化的丰富营养，又赋予新的时代印记和人文内涵，实现了创造性转化和创新性发展，下列外交思想与秉持的中华优秀传统文化精神对应正确的有：\r\n\r\n①构建人类命运共同体——弘义融利、扶危济困\r\n\r\n②开展周边国家外交——亲仁善邻、兼爱非攻\r\n\r\n③全球治理的改革诉求——和衷共济、协和万邦\r\n\r\n④构建全球伙伴关系——和而不同、立己达人', '1', '①②③', '②③④', '①③④', '①②④', 'B', '本题考查政治常识。\r\n\r\n①错误，构建人类命运共同体强调各国相互依存、休戚与共的外交理念，蕴含着中华传统文化“天下为公”“世界大同”的美好愿景。“弘义融利、扶危济困”体现的是义利相兼、以义为先，扶助处境危急的人，救济生活困难的人的理念。构建人类命运共同体没有体现“弘义融利、扶危济困”。\r\n\r\n②正确，开展周边国家外交强调与周边国家友好往来的外交理念。“亲仁善邻、兼爱非攻”体现的是与仁者亲近，与邻邦友善，与不同邦族和谐往来，大到国家之间要兼相爱交相利，小到人与人之间也要兼相爱交相利，反对侵略战争，注重自卫战争。开展周边国家外交体现“亲仁善邻、兼爱非攻”。\r\n\r\n③正确，全球治理的改革诉求强调共商共建共享理念。“和衷共济、协和万邦”体现的是同心协力，克服困难，团结友爱，协调不同国家之间的关系，让各个国家都能够相互尊重、相互合作、共同发展。全球治理的改革诉求体现“和衷共济、协和万邦”。\r\n\r\n④正确，构建全球伙伴关系强调促进大国协调和良性互动，推动构建和平共处、总体稳定、均衡发展的理念。“和而不同、立己达人”体现的是在人际交往中能够与他人保持一种和谐友善的关系，但在对具体问题的看法上却不必苟同于对方，自己想成功首先使别人也能成功，从而实现共赢。构建全球伙伴关系体现“和而不同、立己达人”。\r\n\r\n综上所述，对应正确的有②③④。\r\n\r\n故正确答案为B。', 1.00, 6, 0, 0);
INSERT INTO `choice_question` VALUES (72, '某街道办事处新入职的科员小肖，为宣传自2022年12月1日起施行的《反电信网络诈骗法》，拟写了数条标语，准备在各社区的党群服务中心、学校、住宅小区等公共场所进行张贴，以下是部分标语，其中拟写失当的是（ ）。', '1', '转账之前要思量，银行可不帮你追', '境外诈骗莫张狂，跨境抓捕法网张', '非法租售银行账户，依法记入信用记录', '遇到诈骗别生气，举报有效给奖励', 'A', '本题考查法律常识。\r\n\r\nA项错误，根据《中华人民共和国反电信网络诈骗法》第三十四条规定：“公安机关应当会同金融、电信、网信部门组织银行业金融机构、非银行支付机构、电信业务经营者、互联网服务提供者等建立预警劝阻系统，对预警发现的潜在被害人，根据情况及时采取相应劝阻措施。对电信网络诈骗案件应当加强追赃挽损，完善涉案资金处置制度，及时返还被害人的合法财产······”因此银行可不帮你追，拟写失当。\r\n\r\nB项正确，根据《中华人民共和国反电信网络诈骗法》第三条第二款规定：“境外的组织、个人针对中华人民共和国境内实施电信网络诈骗活动的，或者为他人针对境内实施电信网络诈骗活动提供产品、服务等帮助的，依照本法有关规定处理和追究责任。”又根据《中华人民共和国反电信网络诈骗法》第三十七条规定：“国务院公安部门等会同外交部门加强国际执法司法合作，与有关国家、地区、国际组织建立有效合作机制，通过开展国际警务合作等方式，提升在信息交流、调查取证、侦查抓捕、追赃挽损等方面的合作水平，有效打击遏制跨境电信网络诈骗活动。”\r\n\r\nC项正确，根据《中华人民共和国反电信网络诈骗法》第三十一条规定：“任何单位和个人不得非法买卖、出租、出借电话卡、物联网卡、电信线路、短信端口、银行账户、支付账户、互联网账号等，不得提供实名核验帮助；不得假冒他人身份或者虚构代理关系开立上述卡、账户、账号等。对经设区的市级以上公安机关认定的实施前款行为的单位、个人和相关组织者，以及因从事电信网络诈骗活动或者关联犯罪受过刑事处罚的人员，可以按照国家有关规定记入信用记录，采取限制其有关卡、账户、账号等功能和停止非柜面业务、暂停新业务、限制入网等措施······”\r\n\r\nD项正确，根据《中华人民共和国反电信网络诈骗法》第三十条第三款规定：“任何单位和个人有权举报电信网络诈骗活动，有关部门应当依法及时处理，对提供有效信息的举报人依照规定给予奖励和保护。”\r\n\r\n本题为选非题，故正确答案为A。', 1.00, 6, 0, 0);
INSERT INTO `choice_question` VALUES (73, '\r\n机器学习的主旨是让计算机去模拟或实现人类的学习行为，是人工智能的核心。机器学习虽然可以在大数据训练中学到正确的工作方法，但它也很容易受到恶意干扰。通常攻击者是通过输入恶意数据来“欺骗”机器学习模型，导致其出现严重故障。近日，“Data61”机器学习小组研发出了一种机器学习的新算法。这种新算法通过类似疫苗接种的思路，帮助机器学习“修炼”出抗干扰能力。这是针对机器学习模型打造的防干扰训练，譬如，在图片识别领域，该算法能够对图片集合进行微小的修改或使其失真，激发出机器学习模型的抗干扰能力，并形成相关的自我抗干扰训练模型。\r\n\r\n这段文字意在说明：', '1', '干扰机器识别图像的新方法', '新算法助机器学习抵抗干扰', '机器学习是人工智能的核心', '机器学习大数据训练的方法', 'B', '文段开篇引出“机器学习”的话题，接着通过转折词“但”指出机器学习存在容易受到干扰的问题，随后通过学习小组的研究给出了对策，即“一种机器学习的新算法”，并对对策本身进行具体解释说明。故文段为提出问题解决问题解释说明的分总分文段，重点在于对策，即强调针对机器学习防干扰的新算法，对应B项。\r\n\r\nA项，文段的重点在于“防干扰”的做法，不是“干扰”的方法，排除；\r\n\r\nC项，“机器学习是人工智能的核心”对应文段开篇引出话题的部分，非重点，排除；\r\n\r\nD项，“大数据训练”对应转折之前的内容，非重点，排除。\r\n\r\n故正确答案为B。\r\n\r\n【文段出处】《全新算法助机器学习抵抗干扰》', 1.00, 1, 0, 0);
INSERT INTO `choice_question` VALUES (74, '我们看到的海面上的波浪似乎只有凸起的波峰和凹下的波谷。其实，水质点并不是在做简单的上下振动，而是做圆周运动或者椭圆运动，甚至是水平往复振动。对于水深很大的情况，波浪水质点做圆周运动，并在水面时运动半径达到最大。在水面以下随着深度的增加，半径迅速减小，在水面以下约半个波长位置处，水质点基本上已不再运动。对于水深比较浅的情形，靠近水面的水质点不做圆周运动，其运动轨迹是一个椭圆，随着深度的增加，椭圆逐渐变扁，到达水底时，那里的水质点已经仅有水平的往复振动了。\r\n\r\n对上述文段理解正确的是：', '1', '水平的往复振动才是水质点的运动轨迹', '水深时，水质点的运动轨迹由椭圆变扁', '水质点的运动轨迹随水深的减少而趋圆', '波峰与波谷只是水质点的运动表象', 'D', 'A项，由“水质点并不是在做简单的上下振动，而是做圆周运动或者椭圆运动，甚至是水平往复振动”可知，水质点的运动轨迹并非只有“水平的往复振动”，还有“圆周运动或者椭圆运动”，表述错误，排除；\r\n\r\nB项，由“对于水深很大的情况，波浪水质点做圆周运动”可知，在水深很大的情况下，水质点的运动轨迹并非椭圆，表述错误，排除；\r\n\r\nC项，由“对于水深很大的情况，波浪水质点做圆周运动，并在水面时运动半径达到最大。在水面以下随着深度的增加，半径迅速减小”可知，在水深很大的情况下，水质点的运动轨迹一直都是圆周运动，“随水深的减少而趋圆”表述错误，排除；\r\n\r\nD项，由“我们看到的海面上的波浪似乎只有凸起的波峰和凹下的波谷。其实，水质点并不是在做简单的上下振动”可知，表述正确，当选。\r\n\r\n故正确答案为D。', 1.00, 1, 0, 0);
INSERT INTO `choice_question` VALUES (75, '单层石墨烯的透光率高达97.7%，肉眼看过去几乎是完全透明的。它有着绝佳的导热性，热传导能力是金刚石的两倍以上。石墨烯的机械强度极大，比钢铁还要强200倍，如果把1平方米的单层石墨烯做成一张吊床，区区0.34纳米的厚度便可以稳稳地承载一只猫。石墨烯的导电性比银和铜还强，载流子迁移率比碳纳米管和硅还高。\r\n\r\n上面文字表明：', '1', '石墨烯的用途非常广泛', '石墨烯有许多普通材料不具备的优异性质', '人们对石墨烯的应用寄予厚望', '人们对石墨烯的研究已取得重大突破', 'B', '文段开篇指出石墨烯的透光率非常高，接着说明其热传导能力强于金刚石，并指出其机械强度高于钢铁、导电性优于银和铜、载流子迁移率比碳纳米管和硅还高，故文段为并列结构，强调石墨烯的各种性质优于其他材料，对应B项。\r\n\r\nA项，“用途”仅对应“把1平方米的单层石墨烯做成一张吊床”，无法概括全文，表述片面，排除；\r\n\r\nC项“人们对石墨烯的应用寄予厚望”、D项“取得重大突破”文段均未提及，无中生有，排除。\r\n\r\n故正确答案为B。\r\n\r\n【文段出处】《石墨烯，潜在应用令人惊喜》', 1.00, 1, 0, 0);
INSERT INTO `choice_question` VALUES (76, '①肠道微生物可“塑造”局部免疫，但也可能影响大脑的衰老，增加神经退行性疾病风险\r\n\r\n②人体内和体表生活的微生物会对健康产生影响，也会随年龄产生变化\r\n\r\n③近期研究发现，老年小鼠身上与衰老相关的免疫系统在移植年轻小鼠菌群之后发生了逆转\r\n\r\n④获得年轻捐赠者粪菌移植的老年小鼠，其大脑也恢复了活力，并含有与年轻小鼠大脑相似的代谢物和基因调控模式\r\n\r\n⑤以人体肠道为例，正常的微生物中超过99%都是细菌，这些微生物对宿主的发育、营养吸收和免疫功能有巨大影响\r\n\r\n⑥但随着时间变化，那些导致慢性炎症、代谢功能紊乱和疾病的微生物，可能会逐渐取代“友好”微生物\r\n\r\n将以上6个句子重新排列，语序正确的一项是：', '1', '②③⑥①⑤④', '②⑤⑥①③④', '③①④②⑤⑥', '③④①⑤②⑥', 'B', '对比选项，判断首句。②句指出微生物对人体健康产生影响这一观点，③句介绍老年小鼠移植年轻小鼠菌群这一实验研究，均符合首句特征，不好判断，均保留。\r\n\r\n观察句子发现，⑤句提到“以人体肠道为例”，并指出肠道微生物对宿主的发育、营养吸收和免疫功能有巨大影响，故⑤句前应为例子所论证的观点句，强调微生物对人体的影响，观察选项，⑤句前分别为①②两句，①句强调肠道微生物具有的好坏两种作用，②句指出微生物对人体健康产生影响这一观点，按照逻辑顺序，应先引出观点，再进行举例论证，故②⑤两句构成捆绑，排除A、D两项。\r\n\r\n观察B、C两项，可对比①④两句与③句的关系。①句介绍肠道微生物的影响有好有坏，③句介绍老年小鼠移植年轻小鼠菌群这一实验研究，④句具体介绍获得年轻捐赠者粪菌移植的老年小鼠有什么样的变化，为对实验结果的具体论述，按照日常逻辑顺序，应先引出实验研究，接着具体论述研究结果，故③④两句联系更紧密，而①句所介绍的内容与实验研究无关，排除C项，B项当选。\r\n\r\n故正确答案为B。\r\n\r\n【文段出处】《时光或可倒流，移植年轻菌群逆转小鼠大脑老化》', 1.00, 1, 0, 0);
INSERT INTO `choice_question` VALUES (77, '①当泰勒斯面对宇宙万物说“一切来自水，也复归于水”的时候，他不再被眼中的万事万物所迷惑，而是达到了和本原同一的境界，这种境界是一种超然物外、自由安宁的崇高境界\r\n\r\n②在遥远的古希腊城邦中，哲学是一种生活方式，而不是单纯的理论或者学问\r\n\r\n③他相信依靠数学可使灵魂获得净化和升华，从而摆脱轮回，进入永恒极乐的世界\r\n\r\n④不论是前苏格拉底哲学家、古典哲学家还是后期希腊哲学家，都把哲学作为一种特立独行的生活方式\r\n\r\n⑤毕达哥拉斯则认为数是万物的本原，数的特点就是可知而不可见\r\n\r\n⑥如果我们要理解“什么是哲学，哲学何为”的问题，需要追根溯源，回到哲学诞生之初\r\n\r\n将以上6个句子重新排列，语序正确的是：', '1', '②④⑥①③⑤', '⑥②④①③⑤', '②④①⑥⑤③', '⑥②④①⑤③', 'D', '对比选项，确定首句，⑥句指出想要理解什么是哲学，需要回到哲学诞生之初，②句指出“在遥远的古希腊城邦中，哲学是······”，回答了⑥句的问题，故⑥句在②句之前，排除A、C两项。\r\n\r\n继续观察，寻找线索，③中出现指代词“他”，根据指代词捆绑，对比选项，判断③句前接①句还是⑤句，③句指出“他相信依靠数学可使······”，前面应该论述某个人对于数学的看法，⑤句指出“毕达哥拉斯则认为数是······”，提到了某个人对于数学的看法，⑤③两句可以构成捆绑，对应D项。①句没有提到某个人对于数学的看法，①③两句无法构成捆绑，排除B项。\r\n\r\n故正确答案为D。\r\n\r\n【文段出处】《什么是哲学？哲学何为？》', 1.00, 1, 0, 0);
INSERT INTO `choice_question` VALUES (78, '我国《民法典》系统整合了新中国70多年来长期实践形成的民事法律规范，汲取了中华民族5000多年优秀法律文化，借鉴了人类法治文明建设有益成果，是一部体现我国社会主义性质、符合人民利益和愿望、顺应时代发展要求的民法典。\r\n\r\n这段文字重在说明：', '1', '我国《民法典》切合司法实践诉求', '我国《民法典》具有鲜明的中国特色', '我国《民法典》体现新中国的法治化进程', '我国《民法典》符合时代法治建设发展要求', 'D', '文段首先通过“整合了······，汲取了······，借鉴了······”说明我国《民法典》的形成过程，最后通过“是一部······的民法典”指出《民法典》形成后的价值、意义，文段重在强调《民法典》能体现我国社会主义性质、符合人民利益和愿望、顺应时代发展要求，此三点均为现阶段法治建设的发展要求，对应D项。\r\n\r\nA项，“切合司法实践诉求”对应“整合了······”为引出《民法典》价值、意义前的铺垫，非重点，且内容片面，排除；\r\n\r\nB项，“鲜明的中国特色”对应“体现我国社会主义性质”，表述片面，排除；\r\n\r\nC项，“体现新中国的法治化进程”强调《民法典》与法治化进程之间的关系，并非文段重点，排除。\r\n\r\n故正确答案为D。\r\n\r\n【文段出处】《民法典：新时代我国社会主义法治建设的重大成果》', 1.00, 1, 0, 0);

-- ----------------------------
-- Table structure for comment
-- ----------------------------
DROP TABLE IF EXISTS `comment`;
CREATE TABLE `comment`  (
  `id` int NOT NULL AUTO_INCREMENT,
  `user_id` int NULL DEFAULT NULL,
  `entity_type` int NULL DEFAULT NULL,
  `entity_id` int NULL DEFAULT NULL,
  `target_id` int NULL DEFAULT NULL,
  `content` text CHARACTER SET utf8 COLLATE utf8_general_ci NULL,
  `status` int NULL DEFAULT NULL,
  `create_time` timestamp NULL DEFAULT NULL,
  PRIMARY KEY (`id`) USING BTREE,
  INDEX `index_user_id`(`user_id`) USING BTREE,
  INDEX `index_entity_id`(`entity_id`) USING BTREE
) ENGINE = InnoDB AUTO_INCREMENT = 288 CHARACTER SET = utf8 COLLATE = utf8_general_ci ROW_FORMAT = Dynamic;

-- ----------------------------
-- Records of comment
-- ----------------------------
INSERT INTO `comment` VALUES (1, 111, 1, 228, 0, 'xxx', 0, '2023-09-01 19:13:36');
INSERT INTO `comment` VALUES (2, 111, 1, 228, 0, 'yyy', 0, '2023-09-01 19:13:36');
INSERT INTO `comment` VALUES (3, 111, 1, 228, 0, 'zzz', 0, '2023-09-01 19:13:36');
INSERT INTO `comment` VALUES (4, 112, 1, 228, 0, 'haha', 0, '2023-09-01 19:13:36');
INSERT INTO `comment` VALUES (5, 112, 1, 228, 0, '111', 0, '2023-09-01 19:13:36');
INSERT INTO `comment` VALUES (6, 112, 1, 228, 0, '222', 0, '2023-09-01 19:13:36');
INSERT INTO `comment` VALUES (7, 112, 1, 228, 0, '333', 0, '2023-09-01 19:13:36');
INSERT INTO `comment` VALUES (8, 112, 1, 229, 0, 'haha', 0, '2023-09-01 19:13:36');
INSERT INTO `comment` VALUES (9, 111, 1, 228, 0, 'ok', 0, '2023-09-01 19:13:36');
INSERT INTO `comment` VALUES (10, 131, 1, 228, 0, '我是新人, 请多关照!', 0, '2023-09-01 19:13:36');
INSERT INTO `comment` VALUES (11, 111, 1, 231, 0, '别灌水', 0, '2023-09-01 19:13:36');
INSERT INTO `comment` VALUES (12, 111, 1, 232, 0, 'Hello', 0, '2023-09-01 19:13:36');
INSERT INTO `comment` VALUES (13, 132, 2, 12, 0, 'How are you?', 0, '2023-09-01 19:13:36');
INSERT INTO `comment` VALUES (14, 111, 2, 12, 0, '你好', 0, '2023-09-01 19:13:36');
INSERT INTO `comment` VALUES (15, 132, 2, 12, 0, '你吃了吗', 0, '2023-09-01 19:13:36');
INSERT INTO `comment` VALUES (16, 111, 2, 12, 132, '吃了', 0, '2023-09-01 19:13:36');
INSERT INTO `comment` VALUES (17, 111, 2, 12, 132, '你呢', 0, '2023-09-01 19:13:36');
INSERT INTO `comment` VALUES (18, 111, 1, 232, 0, '哎呀', 0, '2023-09-01 19:13:36');
INSERT INTO `comment` VALUES (19, 132, 2, 18, 0, '哈哈', 0, '2023-09-01 19:13:36');
INSERT INTO `comment` VALUES (21, 111, 2, 18, 132, '嗯嗯', 0, '2023-09-01 19:13:36');
INSERT INTO `comment` VALUES (22, 132, 2, 18, 111, '嘿嘿', 0, '2023-09-01 19:13:36');
INSERT INTO `comment` VALUES (23, 111, 1, 232, 0, '1', 0, '2023-09-01 19:13:36');
INSERT INTO `comment` VALUES (24, 111, 1, 232, 0, '2', 0, '2023-09-01 19:13:36');
INSERT INTO `comment` VALUES (25, 111, 1, 232, 0, '3', 0, '2023-09-01 19:13:36');
INSERT INTO `comment` VALUES (26, 111, 1, 232, 0, '4', 0, '2023-09-01 19:13:36');
INSERT INTO `comment` VALUES (27, 111, 1, 232, 0, '5', 0, '2023-09-01 19:13:36');
INSERT INTO `comment` VALUES (28, 112, 1, 233, 0, 'bbb', 0, '2023-09-01 19:13:36');
INSERT INTO `comment` VALUES (29, 111, 2, 28, 0, 'bbb', 0, '2023-09-01 19:13:36');
INSERT INTO `comment` VALUES (30, 112, 2, 28, 111, 'ccc', 0, '2023-09-01 19:13:36');
INSERT INTO `comment` VALUES (31, 113, 1, 233, 0, 'Spring Boot', 0, '2023-09-01 19:13:36');
INSERT INTO `comment` VALUES (32, 113, 1, 233, 0, 'Kafka', 0, '2023-09-01 19:13:36');
INSERT INTO `comment` VALUES (33, 119, 1, 233, 0, '说的不错, 顶顶顶!!!', 0, '2023-09-01 19:13:36');
INSERT INTO `comment` VALUES (34, 120, 1, 233, 0, '说的透彻!', 0, '2023-09-01 19:13:36');
INSERT INTO `comment` VALUES (35, 122, 1, 233, 0, '大爱', 0, '2023-09-01 19:13:36');
INSERT INTO `comment` VALUES (36, 124, 1, 233, 0, '说道心坎里去了!!!', 0, '2023-09-01 19:13:36');
INSERT INTO `comment` VALUES (37, 125, 1, 233, 0, '完全赞同!', 0, '2023-09-01 19:13:36');
INSERT INTO `comment` VALUES (38, 126, 1, 233, 0, '就是就是', 0, '2023-09-01 19:13:36');
INSERT INTO `comment` VALUES (39, 127, 1, 233, 0, '支持楼主', 0, '2023-09-01 19:13:36');
INSERT INTO `comment` VALUES (40, 128, 1, 233, 0, '果断粉你', 0, '2023-09-01 19:13:36');
INSERT INTO `comment` VALUES (41, 129, 1, 233, 0, '很好', 0, '2023-09-01 19:13:36');
INSERT INTO `comment` VALUES (42, 131, 1, 233, 0, '厉害了', 0, '2023-09-01 19:13:36');
INSERT INTO `comment` VALUES (43, 112, 1, 234, 0, '哈哈', 0, '2023-09-01 19:13:36');
INSERT INTO `comment` VALUES (44, 112, 1, 235, 0, '哈哈', 0, '2023-09-01 19:13:36');
INSERT INTO `comment` VALUES (45, 112, 1, 236, 0, 'haha', 0, '2023-09-01 19:13:36');
INSERT INTO `comment` VALUES (46, 111, 1, 236, 0, 'hehe', 0, '2023-09-01 19:13:36');
INSERT INTO `comment` VALUES (47, 113, 2, 46, 0, 'lala', 0, '2023-09-01 19:13:36');
INSERT INTO `comment` VALUES (48, 112, 1, 237, 0, 'bbb', 0, '2023-09-01 19:13:36');
INSERT INTO `comment` VALUES (49, 113, 1, 237, 0, 'ccc', 0, '2023-09-01 19:13:36');
INSERT INTO `comment` VALUES (50, 114, 1, 237, 0, 'ddd', 0, '2023-09-01 19:13:36');
INSERT INTO `comment` VALUES (51, 115, 1, 237, 0, 'eee', 0, '2023-09-01 19:13:36');
INSERT INTO `comment` VALUES (52, 116, 1, 237, 0, 'fff', 0, '2023-09-01 19:13:36');
INSERT INTO `comment` VALUES (53, 117, 1, 237, 0, 'ggg', 0, '2023-09-01 19:13:36');
INSERT INTO `comment` VALUES (54, 118, 1, 237, 0, 'hhh', 0, '2023-09-01 19:13:36');
INSERT INTO `comment` VALUES (55, 133, 1, 245, 0, 'haha', 0, '2023-09-01 19:13:36');
INSERT INTO `comment` VALUES (56, 133, 2, 55, 0, 'hehe', 0, '2023-09-01 19:13:36');
INSERT INTO `comment` VALUES (57, 133, 2, 55, 133, 'heihei', 0, '2023-09-01 19:13:36');
INSERT INTO `comment` VALUES (58, 133, 1, 246, 0, 'hello', 0, '2023-09-01 19:13:36');
INSERT INTO `comment` VALUES (59, 111, 1, 246, 0, 'gg', 0, '2023-09-01 19:13:36');
INSERT INTO `comment` VALUES (60, 134, 1, 249, 0, 'kk', 0, '2023-09-01 19:13:36');
INSERT INTO `comment` VALUES (61, 134, 2, 60, 0, 'gg', 0, '2023-09-01 19:13:36');
INSERT INTO `comment` VALUES (62, 134, 2, 60, 134, 'ff', 0, '2023-09-01 19:13:36');
INSERT INTO `comment` VALUES (63, 111, 1, 233, 0, 'public static void main(String[] args) {\r\n  System.out.println(&quot;Hello World.&quot;);\r\n}', 0, '2023-09-01 19:13:36');
INSERT INTO `comment` VALUES (64, 111, 1, 246, 0, '不错', 0, '2023-09-01 19:13:36');
INSERT INTO `comment` VALUES (65, 111, 1, 233, 0, '很好', 0, '2023-09-01 19:13:36');
INSERT INTO `comment` VALUES (66, 137, 1, 270, 0, 'x', 0, '2023-09-01 19:13:36');
INSERT INTO `comment` VALUES (67, 137, 1, 270, 0, 'y', 0, '2023-09-01 19:13:36');
INSERT INTO `comment` VALUES (68, 137, 1, 270, 0, 'z', 0, '2023-09-01 19:13:36');
INSERT INTO `comment` VALUES (69, 137, 1, 270, 0, 'a', 0, '2023-09-01 19:13:36');
INSERT INTO `comment` VALUES (70, 137, 1, 270, 0, 'b', 0, '2023-09-01 19:13:36');
INSERT INTO `comment` VALUES (71, 137, 1, 270, 0, 'c', 0, '2023-09-01 19:13:36');
INSERT INTO `comment` VALUES (72, 137, 2, 66, 0, '嗯嗯', 0, '2023-09-01 19:13:36');
INSERT INTO `comment` VALUES (73, 137, 2, 66, 0, '你好', 0, '2023-09-01 19:13:36');
INSERT INTO `comment` VALUES (74, 137, 2, 66, 0, '吃了', 0, '2023-09-01 19:13:36');
INSERT INTO `comment` VALUES (75, 137, 2, 66, 137, '你呢', 0, '2023-09-01 19:13:36');
INSERT INTO `comment` VALUES (76, 138, 1, 271, 0, 'private', 0, '2023-09-01 19:13:36');
INSERT INTO `comment` VALUES (77, 138, 1, 271, 0, 'protected', 0, '2023-09-01 19:13:36');
INSERT INTO `comment` VALUES (78, 138, 2, 77, 0, 'void', 0, '2023-09-01 19:13:36');
INSERT INTO `comment` VALUES (79, 138, 2, 77, 138, 'yes', 0, '2023-09-01 19:13:36');
INSERT INTO `comment` VALUES (80, 111, 1, 272, 0, 'gg', 0, '2023-09-01 19:13:36');
INSERT INTO `comment` VALUES (81, 111, 2, 80, 0, '你好', 0, '2023-09-01 19:13:36');
INSERT INTO `comment` VALUES (82, 111, 2, 80, 0, '嗯嗯', 0, '2023-09-01 19:13:36');
INSERT INTO `comment` VALUES (83, 111, 2, 80, 111, '吃了', 0, '2023-09-01 19:13:36');
INSERT INTO `comment` VALUES (84, 145, 1, 273, 0, '嘿嘿', 0, '2023-09-01 19:13:36');
INSERT INTO `comment` VALUES (85, 145, 2, 84, 0, '你好', 0, '2023-09-01 19:13:36');
INSERT INTO `comment` VALUES (86, 145, 2, 84, 145, '嗯嗯', 0, '2023-09-01 19:13:36');
INSERT INTO `comment` VALUES (87, 111, 1, 273, 0, '不错', 0, '2023-09-01 19:13:36');
INSERT INTO `comment` VALUES (88, 145, 1, 272, 0, 'xxx', 0, '2023-09-01 19:13:36');
INSERT INTO `comment` VALUES (89, 146, 1, 234, 0, '不错', 0, '2023-09-01 19:13:36');
INSERT INTO `comment` VALUES (90, 146, 2, 43, 0, '嗯嗯', 0, '2023-09-01 19:13:36');
INSERT INTO `comment` VALUES (91, 112, 2, 43, 0, '你好', 0, '2023-09-01 19:13:36');
INSERT INTO `comment` VALUES (92, 113, 1, 234, 0, '嘿嘿嘿', 0, '2023-09-01 19:13:36');
INSERT INTO `comment` VALUES (93, 114, 1, 234, 0, '啦啦啦', 0, '2023-09-01 19:13:36');
INSERT INTO `comment` VALUES (94, 114, 1, 234, 0, 'yes', 0, '2023-09-01 19:13:36');
INSERT INTO `comment` VALUES (95, 115, 1, 234, 0, '很悬很悬', 0, '2023-09-01 19:13:36');
INSERT INTO `comment` VALUES (96, 146, 1, 234, 0, '行不行啊', 0, '2023-09-01 19:13:36');
INSERT INTO `comment` VALUES (97, 146, 2, 96, 0, '你呢', 0, '2023-09-01 19:13:36');
INSERT INTO `comment` VALUES (98, 146, 1, 234, 0, '天呐', 0, '2023-09-01 19:13:36');
INSERT INTO `comment` VALUES (99, 146, 1, 234, 0, '试试', 0, '2023-09-01 19:13:36');
INSERT INTO `comment` VALUES (100, 146, 1, 234, 0, '???', 0, '2023-09-01 19:13:36');
INSERT INTO `comment` VALUES (101, 146, 1, 234, 0, 'why', 0, '2023-09-01 19:13:36');
INSERT INTO `comment` VALUES (102, 146, 1, 234, 0, '怎么回事', 0, '2023-09-01 19:13:36');
INSERT INTO `comment` VALUES (103, 146, 1, 234, 0, 'hello', 0, '2023-09-01 19:13:36');
INSERT INTO `comment` VALUES (104, 146, 1, 274, 0, '顶起', 0, '2023-09-01 19:13:36');
INSERT INTO `comment` VALUES (105, 111, 2, 104, 0, '顶你', 0, '2023-09-01 19:13:36');
INSERT INTO `comment` VALUES (106, 146, 2, 104, 111, '谢谢兄弟', 0, '2023-09-01 19:13:36');
INSERT INTO `comment` VALUES (107, 111, 2, 104, 146, '其实我也想要offer', 0, '2023-09-01 19:13:36');
INSERT INTO `comment` VALUES (108, 112, 1, 274, 0, '哈哈', 0, '2023-09-01 19:13:36');
INSERT INTO `comment` VALUES (109, 112, 1, 274, 0, '???', 0, '2023-09-01 19:13:36');
INSERT INTO `comment` VALUES (110, 111, 1, 274, 0, 'why', 0, '2023-09-01 19:13:36');
INSERT INTO `comment` VALUES (111, 111, 1, 274, 0, '没事了', 0, '2023-09-01 19:13:36');
INSERT INTO `comment` VALUES (112, 111, 1, 274, 0, '好了', 0, '2023-09-01 19:13:36');
INSERT INTO `comment` VALUES (113, 111, 1, 274, 0, 'ok', 0, '2023-09-01 19:13:36');
INSERT INTO `comment` VALUES (114, 111, 1, 274, 0, 'hello', 0, '2023-09-01 19:13:36');
INSERT INTO `comment` VALUES (115, 111, 1, 274, 0, 'world', 0, '2023-09-01 19:13:36');
INSERT INTO `comment` VALUES (116, 111, 1, 274, 0, 'quartz', 0, '2023-09-01 19:13:36');
INSERT INTO `comment` VALUES (117, 111, 1, 274, 0, '好的', 0, '2023-09-01 19:13:36');
INSERT INTO `comment` VALUES (118, 111, 1, 274, 0, '为啥', 0, '2023-09-01 19:13:36');
INSERT INTO `comment` VALUES (119, 111, 1, 274, 0, '666', 0, '2023-09-01 19:13:36');
INSERT INTO `comment` VALUES (120, 111, 1, 274, 0, '777', 0, '2023-09-01 19:13:36');
INSERT INTO `comment` VALUES (121, 111, 1, 274, 0, '888', 0, '2023-09-01 19:13:36');
INSERT INTO `comment` VALUES (122, 111, 1, 274, 0, '999', 0, '2023-09-01 19:13:36');
INSERT INTO `comment` VALUES (123, 111, 1, 274, 0, '111', 0, '2023-09-01 19:13:36');
INSERT INTO `comment` VALUES (124, 111, 1, 274, 0, '222', 0, '2023-09-01 19:13:36');
INSERT INTO `comment` VALUES (125, 111, 1, 274, 0, '333', 0, '2023-09-01 19:13:36');
INSERT INTO `comment` VALUES (126, 111, 1, 274, 0, '444', 0, '2023-09-01 19:13:36');
INSERT INTO `comment` VALUES (127, 111, 1, 274, 0, '555', 0, '2023-09-01 19:13:36');
INSERT INTO `comment` VALUES (128, 111, 1, 274, 0, '666', 0, '2023-09-01 19:13:36');
INSERT INTO `comment` VALUES (129, 111, 1, 274, 0, '777', 0, '2023-09-01 19:13:36');
INSERT INTO `comment` VALUES (130, 111, 1, 274, 0, '888', 0, '2023-09-01 19:13:36');
INSERT INTO `comment` VALUES (131, 111, 1, 274, 0, '999', 0, '2023-09-01 19:13:36');
INSERT INTO `comment` VALUES (132, 111, 1, 274, 0, '111', 0, '2023-09-01 19:13:36');
INSERT INTO `comment` VALUES (133, 111, 1, 274, 0, '111', 0, '2023-09-01 19:13:36');
INSERT INTO `comment` VALUES (134, 111, 1, 274, 0, '222', 0, '2023-09-01 19:13:36');
INSERT INTO `comment` VALUES (135, 111, 1, 274, 0, '333', 0, '2023-09-01 19:13:36');
INSERT INTO `comment` VALUES (136, 111, 1, 274, 0, '444', 0, '2023-09-01 19:13:36');
INSERT INTO `comment` VALUES (137, 111, 1, 274, 0, '555', 0, '2023-09-01 19:13:36');
INSERT INTO `comment` VALUES (138, 111, 1, 274, 0, '555', 0, '2023-09-01 19:13:36');
INSERT INTO `comment` VALUES (139, 111, 1, 274, 0, '333', 0, '2023-09-01 19:13:36');
INSERT INTO `comment` VALUES (140, 111, 1, 274, 0, '444', 0, '2023-09-01 19:13:36');
INSERT INTO `comment` VALUES (141, 111, 1, 274, 0, '555', 0, '2023-09-01 19:13:36');
INSERT INTO `comment` VALUES (142, 111, 1, 274, 0, '666', 0, '2023-09-01 19:13:36');
INSERT INTO `comment` VALUES (143, 111, 1, 274, 0, 'aaa', 0, '2023-09-01 19:13:36');
INSERT INTO `comment` VALUES (152, 111, 1, 275, 0, '好吧，你赢了！', 0, '2023-09-01 19:13:36');
INSERT INTO `comment` VALUES (153, 111, 1, 275, 0, '222', 0, '2023-09-01 19:13:36');
INSERT INTO `comment` VALUES (154, 111, 1, 275, 0, '222', 0, '2023-09-01 19:13:36');
INSERT INTO `comment` VALUES (155, 111, 1, 275, 0, '333', 0, '2023-09-01 19:13:36');
INSERT INTO `comment` VALUES (156, 111, 1, 275, 0, '555', 0, '2023-09-01 19:13:36');
INSERT INTO `comment` VALUES (157, 111, 1, 275, 0, '555', 0, '2023-09-01 19:13:36');
INSERT INTO `comment` VALUES (158, 111, 1, 275, 0, '222', 0, '2023-09-01 19:13:36');
INSERT INTO `comment` VALUES (159, 111, 1, 275, 0, '333', 0, '2023-09-01 19:13:36');
INSERT INTO `comment` VALUES (160, 111, 1, 275, 0, '444', 0, '2023-09-01 19:13:36');
INSERT INTO `comment` VALUES (161, 111, 1, 275, 0, '555', 0, '2023-09-01 19:13:36');
INSERT INTO `comment` VALUES (162, 111, 1, 275, 0, '666', 0, '2023-09-01 19:13:36');
INSERT INTO `comment` VALUES (163, 111, 1, 275, 0, '777', 0, '2023-09-01 19:13:36');
INSERT INTO `comment` VALUES (164, 149, 1, 276, 0, '自己顶！！！', 0, '2023-09-01 19:13:36');
INSERT INTO `comment` VALUES (165, 111, 1, 276, 0, '欢迎！', 0, '2023-09-01 19:13:36');
INSERT INTO `comment` VALUES (166, 112, 1, 276, 0, '欢迎！', 0, '2023-09-01 19:13:36');
INSERT INTO `comment` VALUES (167, 149, 2, 165, 0, '谢谢', 0, '2023-09-01 19:13:36');
INSERT INTO `comment` VALUES (168, 149, 2, 166, 0, '谢谢', 0, '2023-09-01 19:13:36');
INSERT INTO `comment` VALUES (169, 149, 1, 276, 0, '感谢各位！', 0, '2023-09-01 19:13:36');
INSERT INTO `comment` VALUES (170, 113, 1, 276, 0, '欢迎你！', 0, '2023-09-01 19:13:36');
INSERT INTO `comment` VALUES (171, 114, 1, 276, 0, '哈哈', 0, '2023-09-01 19:13:36');
INSERT INTO `comment` VALUES (172, 111, 1, 277, 0, '111', 0, '2023-09-01 19:13:36');
INSERT INTO `comment` VALUES (173, 111, 1, 277, 0, '222', 0, '2023-09-01 19:13:36');
INSERT INTO `comment` VALUES (174, 111, 1, 277, 0, '333', 0, '2023-09-01 19:13:36');
INSERT INTO `comment` VALUES (175, 111, 1, 277, 0, '444', 0, '2023-09-01 19:13:36');
INSERT INTO `comment` VALUES (176, 111, 1, 277, 0, '555', 0, '2023-09-01 19:13:36');
INSERT INTO `comment` VALUES (177, 111, 1, 277, 0, '666', 0, '2023-09-01 19:13:36');
INSERT INTO `comment` VALUES (178, 111, 1, 277, 0, '777', 0, '2023-09-01 19:13:36');
INSERT INTO `comment` VALUES (179, 111, 1, 277, 0, '888', 0, '2023-09-01 19:13:36');
INSERT INTO `comment` VALUES (180, 111, 1, 277, 0, '999', 0, '2023-09-01 19:13:36');
INSERT INTO `comment` VALUES (181, 111, 1, 277, 0, '000', 0, '2023-09-01 19:13:36');
INSERT INTO `comment` VALUES (182, 111, 1, 277, 0, '111', 0, '2023-09-01 19:13:36');
INSERT INTO `comment` VALUES (183, 111, 1, 277, 0, 'aaa', 0, '2023-09-01 19:13:36');
INSERT INTO `comment` VALUES (184, 111, 1, 277, 0, 'bbb', 0, '2023-09-01 19:13:36');
INSERT INTO `comment` VALUES (188, 111, 1, 277, 0, 'ccc', 0, '2023-09-01 19:13:36');
INSERT INTO `comment` VALUES (189, 111, 1, 277, 0, 'ddd', 0, '2023-09-01 19:13:36');
INSERT INTO `comment` VALUES (190, 111, 1, 277, 0, 'eee', 0, '2023-09-01 19:13:36');
INSERT INTO `comment` VALUES (191, 111, 1, 277, 0, 'fff', 0, '2023-09-01 19:13:36');
INSERT INTO `comment` VALUES (192, 111, 1, 277, 0, 'ggg', 0, '2023-09-01 19:13:36');
INSERT INTO `comment` VALUES (195, 111, 1, 277, 0, 'hhh', 0, '2023-09-01 19:13:36');
INSERT INTO `comment` VALUES (196, 111, 1, 277, 0, 'iii', 0, '2023-09-01 19:13:36');
INSERT INTO `comment` VALUES (197, 111, 1, 277, 0, 'kkk', 0, '2023-09-01 19:13:36');
INSERT INTO `comment` VALUES (199, 111, 1, 277, 0, 'xxx', 0, '2023-09-01 19:13:36');
INSERT INTO `comment` VALUES (200, 111, 1, 277, 0, 'yyy', 0, '2023-09-01 19:13:36');
INSERT INTO `comment` VALUES (201, 111, 1, 277, 0, 'zzz', 0, '2023-09-01 19:13:36');
INSERT INTO `comment` VALUES (202, 111, 1, 277, 0, 'mmm', 0, '2023-09-01 19:13:36');
INSERT INTO `comment` VALUES (203, 111, 1, 277, 0, 'nnn', 0, '2023-09-01 19:13:36');
INSERT INTO `comment` VALUES (204, 111, 1, 277, 0, 'ttt', 0, '2023-09-01 19:13:36');
INSERT INTO `comment` VALUES (205, 111, 1, 277, 0, 'aaa', 0, '2023-09-01 19:13:36');
INSERT INTO `comment` VALUES (206, 111, 1, 277, 0, 'ddd', 0, '2023-09-01 19:13:36');
INSERT INTO `comment` VALUES (207, 111, 1, 277, 0, 'ggg', 0, '2023-09-01 19:13:36');
INSERT INTO `comment` VALUES (208, 111, 1, 277, 0, 'hhh', 0, '2023-09-01 19:13:36');
INSERT INTO `comment` VALUES (209, 111, 1, 277, 0, 'vvv', 0, '2023-09-01 19:13:36');
INSERT INTO `comment` VALUES (210, 111, 1, 277, 0, 'asd', 0, '2023-09-01 19:13:36');
INSERT INTO `comment` VALUES (211, 111, 1, 277, 0, 'bbb', 0, '2023-09-01 19:13:36');
INSERT INTO `comment` VALUES (212, 111, 1, 277, 0, 'qqq', 0, '2023-09-01 19:13:36');
INSERT INTO `comment` VALUES (213, 111, 1, 277, 0, 'sada', 0, '2023-09-01 19:13:36');
INSERT INTO `comment` VALUES (214, 111, 1, 277, 0, '111', 0, '2023-09-01 19:13:36');
INSERT INTO `comment` VALUES (215, 111, 1, 277, 0, '222', 0, '2023-09-01 19:13:36');
INSERT INTO `comment` VALUES (216, 149, 1, 280, 0, '111', 0, '2023-09-01 19:13:36');
INSERT INTO `comment` VALUES (217, 149, 1, 280, 0, '222', 0, '2023-09-01 19:13:36');
INSERT INTO `comment` VALUES (218, 149, 1, 280, 0, '333', 0, '2023-09-01 19:13:36');
INSERT INTO `comment` VALUES (219, 149, 1, 280, 0, '444', 0, '2023-09-01 19:13:36');
INSERT INTO `comment` VALUES (220, 149, 1, 280, 0, '555', 0, '2023-09-01 19:13:36');
INSERT INTO `comment` VALUES (221, 149, 1, 280, 0, '666', 0, '2023-09-01 19:13:36');
INSERT INTO `comment` VALUES (222, 149, 1, 280, 0, '777', 0, '2023-09-01 19:13:36');
INSERT INTO `comment` VALUES (223, 149, 1, 280, 0, '888', 0, '2023-09-01 19:13:36');
INSERT INTO `comment` VALUES (224, 149, 1, 280, 0, '999', 0, '2023-09-01 19:13:36');
INSERT INTO `comment` VALUES (225, 149, 1, 280, 0, '000', 0, '2023-09-01 19:13:36');
INSERT INTO `comment` VALUES (226, 149, 1, 280, 0, '111', 0, '2023-09-01 19:13:36');
INSERT INTO `comment` VALUES (227, 149, 1, 280, 0, '222', 0, '2023-09-01 19:13:36');
INSERT INTO `comment` VALUES (228, 149, 1, 280, 0, '333', 0, '2023-09-01 19:13:36');
INSERT INTO `comment` VALUES (229, 149, 1, 280, 0, '444', 0, '2023-09-01 19:13:36');
INSERT INTO `comment` VALUES (230, 149, 1, 280, 0, '555', 0, '2023-09-01 19:13:36');
INSERT INTO `comment` VALUES (231, 149, 1, 280, 0, '666', 0, '2023-09-01 19:13:36');
INSERT INTO `comment` VALUES (232, 152, 2, 152, 0, '不服', 0, '2023-09-01 19:13:36');
INSERT INTO `comment` VALUES (233, 152, 2, 152, 152, '好叭，服了', 0, '2023-09-03 16:13:11');
INSERT INTO `comment` VALUES (234, 152, 1, 275, 0, '可以***吗？', 0, '2023-09-03 16:13:25');
INSERT INTO `comment` VALUES (235, 152, 1, 282, 0, '马斯克牛呀！', 0, '2023-09-03 16:14:27');
INSERT INTO `comment` VALUES (236, 152, 2, 235, 0, '星链非常牛逼', 0, '2023-09-03 16:14:46');
INSERT INTO `comment` VALUES (237, 152, 2, 235, 152, '是的', 0, '2023-09-03 16:14:53');
INSERT INTO `comment` VALUES (238, 152, 2, 153, 0, '111', 0, '2023-09-06 14:27:11');
INSERT INTO `comment` VALUES (239, 152, 2, 153, 152, '111', 0, '2023-09-06 14:27:20');
INSERT INTO `comment` VALUES (240, 152, 2, 152, 0, '66', 0, '2023-09-06 23:18:39');
INSERT INTO `comment` VALUES (241, 152, 1, 234, 0, '666', 0, '2023-09-08 01:35:29');
INSERT INTO `comment` VALUES (242, 152, 1, 283, 0, 'ballball~', 0, '2023-09-08 10:20:17');
INSERT INTO `comment` VALUES (243, 152, 1, 284, 0, '666', 0, '2023-09-09 14:52:45');
INSERT INTO `comment` VALUES (244, 152, 2, 243, 0, '666', 0, '2023-09-09 14:52:57');
INSERT INTO `comment` VALUES (245, 152, 1, 283, 0, NULL, 0, '2023-09-10 20:55:30');
INSERT INTO `comment` VALUES (246, 111, 1, 286, 0, '不错不错，学到啦~', 0, '2023-09-14 17:26:00');
INSERT INTO `comment` VALUES (247, 111, 1, 286, 0, 'OSI定义了网络互连的七层模型（物理层、数据链路层、网络层、传输层、会话层、表示层、应用层）', 0, '2023-09-14 17:30:22');
INSERT INTO `comment` VALUES (248, 152, 2, 246, 0, '哈哈，真棒吼！', 0, '2023-09-14 21:31:28');
INSERT INTO `comment` VALUES (249, 152, 2, 247, 0, '对对对', 0, '2023-09-14 21:31:36');
INSERT INTO `comment` VALUES (250, 152, 2, 242, 0, '111', 0, '2023-09-14 21:44:17');
INSERT INTO `comment` VALUES (251, 154, 2, 152, 0, '666', 0, '2023-09-19 12:09:16');
INSERT INTO `comment` VALUES (252, 154, 1, 291, 0, '好的', 0, '2023-09-19 12:10:58');
INSERT INTO `comment` VALUES (253, 154, 2, 252, 0, '不好', 0, '2023-09-19 12:11:04');
INSERT INTO `comment` VALUES (254, 154, 2, 252, 154, '好不好', 0, '2023-09-19 12:11:13');
INSERT INTO `comment` VALUES (255, 157, 1, 292, 0, '点赞', 0, '2023-11-28 10:59:15');
INSERT INTO `comment` VALUES (256, 157, 1, 289, 0, '牛呀', 0, '2023-11-28 11:00:14');
INSERT INTO `comment` VALUES (257, 21, 1, 294, 0, '和', 0, '2023-11-28 11:11:43');
INSERT INTO `comment` VALUES (258, 157, 1, 289, 0, '11', 0, '2023-11-28 11:20:45');
INSERT INTO `comment` VALUES (259, 157, 2, 256, 0, '55', 0, '2023-11-28 11:20:51');
INSERT INTO `comment` VALUES (260, 21, 2, 246, 0, '666', 0, '2024-03-04 11:24:55');
INSERT INTO `comment` VALUES (261, 21, 2, 246, 152, '你也很棒', 0, '2024-03-04 11:25:18');
INSERT INTO `comment` VALUES (262, 22, 1, 299, 0, '6', 0, '2024-03-07 10:15:49');
INSERT INTO `comment` VALUES (263, 22, 2, 262, 0, '6', 0, '2024-03-07 10:15:56');
INSERT INTO `comment` VALUES (264, 11, 1, 303, 0, '好好好', 0, '2024-04-23 02:00:21');
INSERT INTO `comment` VALUES (265, 155, 1, 304, 0, '党校最好呀，工作轻松', 0, '2024-04-23 02:07:52');
INSERT INTO `comment` VALUES (266, 155, 1, 304, 0, '其他的话，看你喜欢', 0, '2024-04-23 02:08:23');
INSERT INTO `comment` VALUES (267, 156, 1, 303, 0, '好耶！！！', 0, '2024-04-23 02:10:36');
INSERT INTO `comment` VALUES (268, 21, 1, 303, 0, '参加参加~', 0, '2024-04-23 02:14:45');
INSERT INTO `comment` VALUES (269, 155, 2, 264, 0, '怎么参与呢？', 0, '2024-04-23 02:38:13');
INSERT INTO `comment` VALUES (270, 11, 2, 264, 155, '后续发布活动详情哈~', 0, '2024-04-23 02:39:19');
INSERT INTO `comment` VALUES (271, 11, 1, 307, 0, '111', 0, '2024-05-20 20:19:25');
INSERT INTO `comment` VALUES (272, 11, 2, 271, 0, '怎么参与呢？', 0, '2024-05-20 20:19:34');
INSERT INTO `comment` VALUES (273, 11, 2, 271, 11, '？', 0, '2024-05-20 20:19:42');
INSERT INTO `comment` VALUES (274, 11, 2, 271, 11, '1', 0, '2024-05-20 20:19:54');
INSERT INTO `comment` VALUES (275, 11, 1, 308, 0, '是的', 0, '2024-05-20 20:20:25');
INSERT INTO `comment` VALUES (276, 11, 2, 275, 0, '1', 0, '2024-05-20 20:20:32');
INSERT INTO `comment` VALUES (277, 11, 1, 312, 0, '？', 0, '2024-05-20 20:22:04');
INSERT INTO `comment` VALUES (278, 160, 1, 313, 0, '111', 0, '2024-05-20 20:31:47');
INSERT INTO `comment` VALUES (279, 11, 1, 313, 0, 'hhh', 0, '2024-05-20 20:32:12');
INSERT INTO `comment` VALUES (280, 11, 2, 278, 0, '11', 0, '2024-05-20 20:32:20');
INSERT INTO `comment` VALUES (281, 160, 1, 314, 0, 'qqq', 0, '2024-05-21 23:29:47');
INSERT INTO `comment` VALUES (282, 160, 1, 303, 0, '111', 0, '2024-05-21 23:33:01');
INSERT INTO `comment` VALUES (283, 160, 1, 303, 0, '11', 0, '2024-05-21 23:40:49');
INSERT INTO `comment` VALUES (284, 160, 2, 264, 0, '?', 0, '2024-05-21 23:41:00');
INSERT INTO `comment` VALUES (285, 11, 1, 315, 0, '选什么呢？', 0, '2024-05-21 23:47:56');
INSERT INTO `comment` VALUES (286, 155, 1, 315, 0, 'a', 0, '2024-05-21 23:48:40');
INSERT INTO `comment` VALUES (287, 160, 2, 285, 0, 'a', 0, '2024-05-21 23:51:14');
INSERT INTO `comment` VALUES (288, 160, 2, 264, 0, '1', 0, '2024-05-21 23:57:35');

-- ----------------------------
-- Table structure for discuss_post
-- ----------------------------
DROP TABLE IF EXISTS `discuss_post`;
CREATE TABLE `discuss_post`  (
  `id` int NOT NULL AUTO_INCREMENT,
  `user_id` varchar(45) CHARACTER SET utf8 COLLATE utf8_general_ci NULL DEFAULT NULL,
  `title` varchar(100) CHARACTER SET utf8 COLLATE utf8_general_ci NULL DEFAULT NULL,
  `content` text CHARACTER SET utf8 COLLATE utf8_general_ci NULL,
  `type` int NULL DEFAULT NULL COMMENT '0-普通; 1-置顶;',
  `status` int NULL DEFAULT NULL COMMENT '0-正常; 1-精华; 2-拉黑;',
  `create_time` timestamp NULL DEFAULT NULL,
  `comment_count` int NULL DEFAULT NULL,
  `score` double NULL DEFAULT NULL,
  PRIMARY KEY (`id`) USING BTREE,
  INDEX `index_user_id`(`user_id`) USING BTREE
) ENGINE = InnoDB AUTO_INCREMENT = 317 CHARACTER SET = utf8 COLLATE = utf8_general_ci ROW_FORMAT = Dynamic;

-- ----------------------------
-- Records of discuss_post
-- ----------------------------
INSERT INTO `discuss_post` VALUES (109, '101', 'Java枚举类', '概念\r\n\r\n枚举类，顾名思义即类的对象只有确定的有限个。比如：\r\n\r\n星期：周一、 ...  、周日\r\n\r\n性别：男、女\r\n\r\n季节：春、夏、秋、冬\r\n\r\n线程状态：NEW、RUNNABLE、BLOCKED、WAITING、TIMEED_WAITING、TERMINATED\r\n\r\n枚举类的实现\r\n\r\n    jdk1.5之前需要自定义枚举类\r\n\r\n    jdk1.5新增的enum关键字用于定义枚举类\r\n\r\n枚举类的属性\r\n\r\n枚举类的属性应不允许被改动，所以应使用private final修饰\r\n\r\n枚举类的使用private final 修饰的属性应在构造方法中进行赋值\r\n\r\n若枚举类显式的定义了带参数的构造方法，则在列出枚举值时也必须传入对应的参数\r\n', 0, 0, '2023-09-01 19:13:36', 0, 0);
INSERT INTO `discuss_post` VALUES (110, '101', 'Java枚举类', '概念\r\n\r\n枚举类，顾名思义即类的对象只有确定的有限个。比如：\r\n\r\n星期：周一、 ...  、周日\r\n\r\n性别：男、女\r\n\r\n季节：春、夏、秋、冬\r\n\r\n线程状态：NEW、RUNNABLE、BLOCKED、WAITING、TIMEED_WAITING、TERMINATED\r\n\r\n枚举类的实现\r\n\r\n    jdk1.5之前需要自定义枚举类\r\n\r\n    jdk1.5新增的enum关键字用于定义枚举类\r\n\r\n枚举类的属性\r\n\r\n枚举类的属性应不允许被改动，所以应使用private final修饰\r\n\r\n枚举类的使用private final 修饰的属性应在构造方法中进行赋值\r\n\r\n若枚举类显式的定义了带参数的构造方法，则在列出枚举值时也必须传入对应的参数\r\n', 0, 0, '2023-09-01 19:13:36', 0, 0);
INSERT INTO `discuss_post` VALUES (111, '101', 'Java枚举类', '概念\r\n\r\n枚举类，顾名思义即类的对象只有确定的有限个。比如：\r\n\r\n星期：周一、 ...  、周日\r\n\r\n性别：男、女\r\n\r\n季节：春、夏、秋、冬\r\n\r\n线程状态：NEW、RUNNABLE、BLOCKED、WAITING、TIMEED_WAITING、TERMINATED\r\n\r\n枚举类的实现\r\n\r\n    jdk1.5之前需要自定义枚举类\r\n\r\n    jdk1.5新增的enum关键字用于定义枚举类\r\n\r\n枚举类的属性\r\n\r\n枚举类的属性应不允许被改动，所以应使用private final修饰\r\n\r\n枚举类的使用private final 修饰的属性应在构造方法中进行赋值\r\n\r\n若枚举类显式的定义了带参数的构造方法，则在列出枚举值时也必须传入对应的参数\r\n', 0, 0, '2023-09-01 19:13:36', 0, 0);
INSERT INTO `discuss_post` VALUES (112, '101', 'Java枚举类', '概念\r\n\r\n枚举类，顾名思义即类的对象只有确定的有限个。比如：\r\n\r\n星期：周一、 ...  、周日\r\n\r\n性别：男、女\r\n\r\n季节：春、夏、秋、冬\r\n\r\n线程状态：NEW、RUNNABLE、BLOCKED、WAITING、TIMEED_WAITING、TERMINATED\r\n\r\n枚举类的实现\r\n\r\n    jdk1.5之前需要自定义枚举类\r\n\r\n    jdk1.5新增的enum关键字用于定义枚举类\r\n\r\n枚举类的属性\r\n\r\n枚举类的属性应不允许被改动，所以应使用private final修饰\r\n\r\n枚举类的使用private final 修饰的属性应在构造方法中进行赋值\r\n\r\n若枚举类显式的定义了带参数的构造方法，则在列出枚举值时也必须传入对应的参数\r\n', 0, 0, '2023-09-01 19:13:36', 0, 0);
INSERT INTO `discuss_post` VALUES (113, '101', 'Java枚举类', '概念\r\n\r\n枚举类，顾名思义即类的对象只有确定的有限个。比如：\r\n\r\n星期：周一、 ...  、周日\r\n\r\n性别：男、女\r\n\r\n季节：春、夏、秋、冬\r\n\r\n线程状态：NEW、RUNNABLE、BLOCKED、WAITING、TIMEED_WAITING、TERMINATED\r\n\r\n枚举类的实现\r\n\r\n    jdk1.5之前需要自定义枚举类\r\n\r\n    jdk1.5新增的enum关键字用于定义枚举类\r\n\r\n枚举类的属性\r\n\r\n枚举类的属性应不允许被改动，所以应使用private final修饰\r\n\r\n枚举类的使用private final 修饰的属性应在构造方法中进行赋值\r\n\r\n若枚举类显式的定义了带参数的构造方法，则在列出枚举值时也必须传入对应的参数\r\n', 0, 0, '2023-09-01 19:13:36', 0, 0);
INSERT INTO `discuss_post` VALUES (114, '101', 'Java枚举类', '概念\r\n\r\n枚举类，顾名思义即类的对象只有确定的有限个。比如：\r\n\r\n星期：周一、 ...  、周日\r\n\r\n性别：男、女\r\n\r\n季节：春、夏、秋、冬\r\n\r\n线程状态：NEW、RUNNABLE、BLOCKED、WAITING、TIMEED_WAITING、TERMINATED\r\n\r\n枚举类的实现\r\n\r\n    jdk1.5之前需要自定义枚举类\r\n\r\n    jdk1.5新增的enum关键字用于定义枚举类\r\n\r\n枚举类的属性\r\n\r\n枚举类的属性应不允许被改动，所以应使用private final修饰\r\n\r\n枚举类的使用private final 修饰的属性应在构造方法中进行赋值\r\n\r\n若枚举类显式的定义了带参数的构造方法，则在列出枚举值时也必须传入对应的参数\r\n', 0, 0, '2023-09-01 19:13:36', 0, 0);
INSERT INTO `discuss_post` VALUES (115, '101', 'Java枚举类', '概念\r\n\r\n枚举类，顾名思义即类的对象只有确定的有限个。比如：\r\n\r\n星期：周一、 ...  、周日\r\n\r\n性别：男、女\r\n\r\n季节：春、夏、秋、冬\r\n\r\n线程状态：NEW、RUNNABLE、BLOCKED、WAITING、TIMEED_WAITING、TERMINATED\r\n\r\n枚举类的实现\r\n\r\n    jdk1.5之前需要自定义枚举类\r\n\r\n    jdk1.5新增的enum关键字用于定义枚举类\r\n\r\n枚举类的属性\r\n\r\n枚举类的属性应不允许被改动，所以应使用private final修饰\r\n\r\n枚举类的使用private final 修饰的属性应在构造方法中进行赋值\r\n\r\n若枚举类显式的定义了带参数的构造方法，则在列出枚举值时也必须传入对应的参数\r\n', 0, 0, '2023-09-01 19:13:36', 0, 0);
INSERT INTO `discuss_post` VALUES (116, '101', 'Java枚举类', '概念\r\n\r\n枚举类，顾名思义即类的对象只有确定的有限个。比如：\r\n\r\n星期：周一、 ...  、周日\r\n\r\n性别：男、女\r\n\r\n季节：春、夏、秋、冬\r\n\r\n线程状态：NEW、RUNNABLE、BLOCKED、WAITING、TIMEED_WAITING、TERMINATED\r\n\r\n枚举类的实现\r\n\r\n    jdk1.5之前需要自定义枚举类\r\n\r\n    jdk1.5新增的enum关键字用于定义枚举类\r\n\r\n枚举类的属性\r\n\r\n枚举类的属性应不允许被改动，所以应使用private final修饰\r\n\r\n枚举类的使用private final 修饰的属性应在构造方法中进行赋值\r\n\r\n若枚举类显式的定义了带参数的构造方法，则在列出枚举值时也必须传入对应的参数\r\n', 0, 0, '2023-09-01 19:13:36', 0, 0);
INSERT INTO `discuss_post` VALUES (117, '101', 'Java枚举类', '概念\r\n\r\n枚举类，顾名思义即类的对象只有确定的有限个。比如：\r\n\r\n星期：周一、 ...  、周日\r\n\r\n性别：男、女\r\n\r\n季节：春、夏、秋、冬\r\n\r\n线程状态：NEW、RUNNABLE、BLOCKED、WAITING、TIMEED_WAITING、TERMINATED\r\n\r\n枚举类的实现\r\n\r\n    jdk1.5之前需要自定义枚举类\r\n\r\n    jdk1.5新增的enum关键字用于定义枚举类\r\n\r\n枚举类的属性\r\n\r\n枚举类的属性应不允许被改动，所以应使用private final修饰\r\n\r\n枚举类的使用private final 修饰的属性应在构造方法中进行赋值\r\n\r\n若枚举类显式的定义了带参数的构造方法，则在列出枚举值时也必须传入对应的参数\r\n', 0, 0, '2023-09-01 19:13:36', 0, 0);
INSERT INTO `discuss_post` VALUES (118, '101', 'Java枚举类', '概念\r\n\r\n枚举类，顾名思义即类的对象只有确定的有限个。比如：\r\n\r\n星期：周一、 ...  、周日\r\n\r\n性别：男、女\r\n\r\n季节：春、夏、秋、冬\r\n\r\n线程状态：NEW、RUNNABLE、BLOCKED、WAITING、TIMEED_WAITING、TERMINATED\r\n\r\n枚举类的实现\r\n\r\n    jdk1.5之前需要自定义枚举类\r\n\r\n    jdk1.5新增的enum关键字用于定义枚举类\r\n\r\n枚举类的属性\r\n\r\n枚举类的属性应不允许被改动，所以应使用private final修饰\r\n\r\n枚举类的使用private final 修饰的属性应在构造方法中进行赋值\r\n\r\n若枚举类显式的定义了带参数的构造方法，则在列出枚举值时也必须传入对应的参数\r\n', 0, 0, '2023-09-01 19:13:36', 0, 0);
INSERT INTO `discuss_post` VALUES (119, '101', 'Java枚举类', '概念\r\n\r\n枚举类，顾名思义即类的对象只有确定的有限个。比如：\r\n\r\n星期：周一、 ...  、周日\r\n\r\n性别：男、女\r\n\r\n季节：春、夏、秋、冬\r\n\r\n线程状态：NEW、RUNNABLE、BLOCKED、WAITING、TIMEED_WAITING、TERMINATED\r\n\r\n枚举类的实现\r\n\r\n    jdk1.5之前需要自定义枚举类\r\n\r\n    jdk1.5新增的enum关键字用于定义枚举类\r\n\r\n枚举类的属性\r\n\r\n枚举类的属性应不允许被改动，所以应使用private final修饰\r\n\r\n枚举类的使用private final 修饰的属性应在构造方法中进行赋值\r\n\r\n若枚举类显式的定义了带参数的构造方法，则在列出枚举值时也必须传入对应的参数\r\n', 0, 0, '2023-09-01 19:13:36', 0, 0);
INSERT INTO `discuss_post` VALUES (120, '101', 'Java枚举类', '概念\r\n\r\n枚举类，顾名思义即类的对象只有确定的有限个。比如：\r\n\r\n星期：周一、 ...  、周日\r\n\r\n性别：男、女\r\n\r\n季节：春、夏、秋、冬\r\n\r\n线程状态：NEW、RUNNABLE、BLOCKED、WAITING、TIMEED_WAITING、TERMINATED\r\n\r\n枚举类的实现\r\n\r\n    jdk1.5之前需要自定义枚举类\r\n\r\n    jdk1.5新增的enum关键字用于定义枚举类\r\n\r\n枚举类的属性\r\n\r\n枚举类的属性应不允许被改动，所以应使用private final修饰\r\n\r\n枚举类的使用private final 修饰的属性应在构造方法中进行赋值\r\n\r\n若枚举类显式的定义了带参数的构造方法，则在列出枚举值时也必须传入对应的参数\r\n', 0, 0, '2023-09-01 19:13:36', 0, 0);
INSERT INTO `discuss_post` VALUES (121, '102', 'Java枚举类', '概念\r\n\r\n枚举类，顾名思义即类的对象只有确定的有限个。比如：\r\n\r\n星期：周一、 ...  、周日\r\n\r\n性别：男、女\r\n\r\n季节：春、夏、秋、冬\r\n\r\n线程状态：NEW、RUNNABLE、BLOCKED、WAITING、TIMEED_WAITING、TERMINATED\r\n\r\n枚举类的实现\r\n\r\n    jdk1.5之前需要自定义枚举类\r\n\r\n    jdk1.5新增的enum关键字用于定义枚举类\r\n\r\n枚举类的属性\r\n\r\n枚举类的属性应不允许被改动，所以应使用private final修饰\r\n\r\n枚举类的使用private final 修饰的属性应在构造方法中进行赋值\r\n\r\n若枚举类显式的定义了带参数的构造方法，则在列出枚举值时也必须传入对应的参数\r\n', 0, 0, '2023-09-01 19:13:36', 0, 0);
INSERT INTO `discuss_post` VALUES (122, '102', 'Java枚举类', '概念\r\n\r\n枚举类，顾名思义即类的对象只有确定的有限个。比如：\r\n\r\n星期：周一、 ...  、周日\r\n\r\n性别：男、女\r\n\r\n季节：春、夏、秋、冬\r\n\r\n线程状态：NEW、RUNNABLE、BLOCKED、WAITING、TIMEED_WAITING、TERMINATED\r\n\r\n枚举类的实现\r\n\r\n    jdk1.5之前需要自定义枚举类\r\n\r\n    jdk1.5新增的enum关键字用于定义枚举类\r\n\r\n枚举类的属性\r\n\r\n枚举类的属性应不允许被改动，所以应使用private final修饰\r\n\r\n枚举类的使用private final 修饰的属性应在构造方法中进行赋值\r\n\r\n若枚举类显式的定义了带参数的构造方法，则在列出枚举值时也必须传入对应的参数\r\n', 0, 2, '2023-09-01 19:13:36', 0, 0);
INSERT INTO `discuss_post` VALUES (123, '102', 'Java枚举类', '概念\r\n\r\n枚举类，顾名思义即类的对象只有确定的有限个。比如：\r\n\r\n星期：周一、 ...  、周日\r\n\r\n性别：男、女\r\n\r\n季节：春、夏、秋、冬\r\n\r\n线程状态：NEW、RUNNABLE、BLOCKED、WAITING、TIMEED_WAITING、TERMINATED\r\n\r\n枚举类的实现\r\n\r\n    jdk1.5之前需要自定义枚举类\r\n\r\n    jdk1.5新增的enum关键字用于定义枚举类\r\n\r\n枚举类的属性\r\n\r\n枚举类的属性应不允许被改动，所以应使用private final修饰\r\n\r\n枚举类的使用private final 修饰的属性应在构造方法中进行赋值\r\n\r\n若枚举类显式的定义了带参数的构造方法，则在列出枚举值时也必须传入对应的参数\r\n', 0, 1, '2023-09-01 19:13:36', 0, 0);
INSERT INTO `discuss_post` VALUES (124, '102', 'Java枚举类', '概念\r\n\r\n枚举类，顾名思义即类的对象只有确定的有限个。比如：\r\n\r\n星期：周一、 ...  、周日\r\n\r\n性别：男、女\r\n\r\n季节：春、夏、秋、冬\r\n\r\n线程状态：NEW、RUNNABLE、BLOCKED、WAITING、TIMEED_WAITING、TERMINATED\r\n\r\n枚举类的实现\r\n\r\n    jdk1.5之前需要自定义枚举类\r\n\r\n    jdk1.5新增的enum关键字用于定义枚举类\r\n\r\n枚举类的属性\r\n\r\n枚举类的属性应不允许被改动，所以应使用private final修饰\r\n\r\n枚举类的使用private final 修饰的属性应在构造方法中进行赋值\r\n\r\n若枚举类显式的定义了带参数的构造方法，则在列出枚举值时也必须传入对应的参数\r\n', 0, 0, '2023-09-01 19:13:36', 0, 0);
INSERT INTO `discuss_post` VALUES (125, '103', 'Java枚举类', '概念\r\n\r\n枚举类，顾名思义即类的对象只有确定的有限个。比如：\r\n\r\n星期：周一、 ...  、周日\r\n\r\n性别：男、女\r\n\r\n季节：春、夏、秋、冬\r\n\r\n线程状态：NEW、RUNNABLE、BLOCKED、WAITING、TIMEED_WAITING、TERMINATED\r\n\r\n枚举类的实现\r\n\r\n    jdk1.5之前需要自定义枚举类\r\n\r\n    jdk1.5新增的enum关键字用于定义枚举类\r\n\r\n枚举类的属性\r\n\r\n枚举类的属性应不允许被改动，所以应使用private final修饰\r\n\r\n枚举类的使用private final 修饰的属性应在构造方法中进行赋值\r\n\r\n若枚举类显式的定义了带参数的构造方法，则在列出枚举值时也必须传入对应的参数\r\n', 0, 0, '2023-09-01 19:13:36', 0, 0);
INSERT INTO `discuss_post` VALUES (126, '103', 'Java枚举类', '概念\r\n\r\n枚举类，顾名思义即类的对象只有确定的有限个。比如：\r\n\r\n星期：周一、 ...  、周日\r\n\r\n性别：男、女\r\n\r\n季节：春、夏、秋、冬\r\n\r\n线程状态：NEW、RUNNABLE、BLOCKED、WAITING、TIMEED_WAITING、TERMINATED\r\n\r\n枚举类的实现\r\n\r\n    jdk1.5之前需要自定义枚举类\r\n\r\n    jdk1.5新增的enum关键字用于定义枚举类\r\n\r\n枚举类的属性\r\n\r\n枚举类的属性应不允许被改动，所以应使用private final修饰\r\n\r\n枚举类的使用private final 修饰的属性应在构造方法中进行赋值\r\n\r\n若枚举类显式的定义了带参数的构造方法，则在列出枚举值时也必须传入对应的参数\r\n', 0, 0, '2023-09-01 19:13:36', 0, 0);
INSERT INTO `discuss_post` VALUES (127, '103', 'Java枚举类', '概念\r\n\r\n枚举类，顾名思义即类的对象只有确定的有限个。比如：\r\n\r\n星期：周一、 ...  、周日\r\n\r\n性别：男、女\r\n\r\n季节：春、夏、秋、冬\r\n\r\n线程状态：NEW、RUNNABLE、BLOCKED、WAITING、TIMEED_WAITING、TERMINATED\r\n\r\n枚举类的实现\r\n\r\n    jdk1.5之前需要自定义枚举类\r\n\r\n    jdk1.5新增的enum关键字用于定义枚举类\r\n\r\n枚举类的属性\r\n\r\n枚举类的属性应不允许被改动，所以应使用private final修饰\r\n\r\n枚举类的使用private final 修饰的属性应在构造方法中进行赋值\r\n\r\n若枚举类显式的定义了带参数的构造方法，则在列出枚举值时也必须传入对应的参数\r\n', 0, 0, '2023-09-01 19:13:36', 0, 0);
INSERT INTO `discuss_post` VALUES (128, '103', 'Java枚举类', '概念\r\n\r\n枚举类，顾名思义即类的对象只有确定的有限个。比如：\r\n\r\n星期：周一、 ...  、周日\r\n\r\n性别：男、女\r\n\r\n季节：春、夏、秋、冬\r\n\r\n线程状态：NEW、RUNNABLE、BLOCKED、WAITING、TIMEED_WAITING、TERMINATED\r\n\r\n枚举类的实现\r\n\r\n    jdk1.5之前需要自定义枚举类\r\n\r\n    jdk1.5新增的enum关键字用于定义枚举类\r\n\r\n枚举类的属性\r\n\r\n枚举类的属性应不允许被改动，所以应使用private final修饰\r\n\r\n枚举类的使用private final 修饰的属性应在构造方法中进行赋值\r\n\r\n若枚举类显式的定义了带参数的构造方法，则在列出枚举值时也必须传入对应的参数\r\n', 0, 0, '2023-09-01 19:13:36', 0, 0);
INSERT INTO `discuss_post` VALUES (129, '103', 'Java枚举类', '概念\r\n\r\n枚举类，顾名思义即类的对象只有确定的有限个。比如：\r\n\r\n星期：周一、 ...  、周日\r\n\r\n性别：男、女\r\n\r\n季节：春、夏、秋、冬\r\n\r\n线程状态：NEW、RUNNABLE、BLOCKED、WAITING、TIMEED_WAITING、TERMINATED\r\n\r\n枚举类的实现\r\n\r\n    jdk1.5之前需要自定义枚举类\r\n\r\n    jdk1.5新增的enum关键字用于定义枚举类\r\n\r\n枚举类的属性\r\n\r\n枚举类的属性应不允许被改动，所以应使用private final修饰\r\n\r\n枚举类的使用private final 修饰的属性应在构造方法中进行赋值\r\n\r\n若枚举类显式的定义了带参数的构造方法，则在列出枚举值时也必须传入对应的参数\r\n', 0, 0, '2023-09-01 19:13:36', 0, 0);
INSERT INTO `discuss_post` VALUES (130, '103', 'Java枚举类', '概念\r\n\r\n枚举类，顾名思义即类的对象只有确定的有限个。比如：\r\n\r\n星期：周一、 ...  、周日\r\n\r\n性别：男、女\r\n\r\n季节：春、夏、秋、冬\r\n\r\n线程状态：NEW、RUNNABLE、BLOCKED、WAITING、TIMEED_WAITING、TERMINATED\r\n\r\n枚举类的实现\r\n\r\n    jdk1.5之前需要自定义枚举类\r\n\r\n    jdk1.5新增的enum关键字用于定义枚举类\r\n\r\n枚举类的属性\r\n\r\n枚举类的属性应不允许被改动，所以应使用private final修饰\r\n\r\n枚举类的使用private final 修饰的属性应在构造方法中进行赋值\r\n\r\n若枚举类显式的定义了带参数的构造方法，则在列出枚举值时也必须传入对应的参数\r\n', 0, 0, '2023-09-01 19:13:36', 0, 0);
INSERT INTO `discuss_post` VALUES (131, '103', 'Java枚举类', '概念\r\n\r\n枚举类，顾名思义即类的对象只有确定的有限个。比如：\r\n\r\n星期：周一、 ...  、周日\r\n\r\n性别：男、女\r\n\r\n季节：春、夏、秋、冬\r\n\r\n线程状态：NEW、RUNNABLE、BLOCKED、WAITING、TIMEED_WAITING、TERMINATED\r\n\r\n枚举类的实现\r\n\r\n    jdk1.5之前需要自定义枚举类\r\n\r\n    jdk1.5新增的enum关键字用于定义枚举类\r\n\r\n枚举类的属性\r\n\r\n枚举类的属性应不允许被改动，所以应使用private final修饰\r\n\r\n枚举类的使用private final 修饰的属性应在构造方法中进行赋值\r\n\r\n若枚举类显式的定义了带参数的构造方法，则在列出枚举值时也必须传入对应的参数\r\n', 0, 0, '2023-09-01 19:13:36', 0, 0);
INSERT INTO `discuss_post` VALUES (132, '103', 'Java枚举类', '概念\r\n\r\n枚举类，顾名思义即类的对象只有确定的有限个。比如：\r\n\r\n星期：周一、 ...  、周日\r\n\r\n性别：男、女\r\n\r\n季节：春、夏、秋、冬\r\n\r\n线程状态：NEW、RUNNABLE、BLOCKED、WAITING、TIMEED_WAITING、TERMINATED\r\n\r\n枚举类的实现\r\n\r\n    jdk1.5之前需要自定义枚举类\r\n\r\n    jdk1.5新增的enum关键字用于定义枚举类\r\n\r\n枚举类的属性\r\n\r\n枚举类的属性应不允许被改动，所以应使用private final修饰\r\n\r\n枚举类的使用private final 修饰的属性应在构造方法中进行赋值\r\n\r\n若枚举类显式的定义了带参数的构造方法，则在列出枚举值时也必须传入对应的参数\r\n', 0, 0, '2023-09-01 19:13:36', 0, 0);
INSERT INTO `discuss_post` VALUES (133, '103', 'Java枚举类', '概念\r\n\r\n枚举类，顾名思义即类的对象只有确定的有限个。比如：\r\n\r\n星期：周一、 ...  、周日\r\n\r\n性别：男、女\r\n\r\n季节：春、夏、秋、冬\r\n\r\n线程状态：NEW、RUNNABLE、BLOCKED、WAITING、TIMEED_WAITING、TERMINATED\r\n\r\n枚举类的实现\r\n\r\n    jdk1.5之前需要自定义枚举类\r\n\r\n    jdk1.5新增的enum关键字用于定义枚举类\r\n\r\n枚举类的属性\r\n\r\n枚举类的属性应不允许被改动，所以应使用private final修饰\r\n\r\n枚举类的使用private final 修饰的属性应在构造方法中进行赋值\r\n\r\n若枚举类显式的定义了带参数的构造方法，则在列出枚举值时也必须传入对应的参数\r\n', 0, 0, '2023-09-01 19:13:36', 0, 0);
INSERT INTO `discuss_post` VALUES (134, '103', 'Python枚举类', '概念\r\n\r\n枚举类，顾名思义即类的对象只有确定的有限个。比如：\r\n\r\n星期：周一、 ...  、周日\r\n\r\n性别：男、女\r\n\r\n季节：春、夏、秋、冬\r\n\r\n线程状态：NEW、RUNNABLE、BLOCKED、WAITING、TIMEED_WAITING、TERMINATED\r\n\r\n枚举类的实现\r\n\r\n    jdk1.5之前需要自定义枚举类\r\n\r\n    jdk1.5新增的enum关键字用于定义枚举类\r\n\r\n枚举类的属性\r\n\r\n枚举类的属性应不允许被改动，所以应使用private final修饰\r\n\r\n枚举类的使用private final 修饰的属性应在构造方法中进行赋值\r\n\r\n若枚举类显式的定义了带参数的构造方法，则在列出枚举值时也必须传入对应的参数\r\n', 0, 0, '2023-09-01 19:13:36', 0, 0);
INSERT INTO `discuss_post` VALUES (135, '103', 'Python枚举类', '概念\r\n\r\n枚举类，顾名思义即类的对象只有确定的有限个。比如：\r\n\r\n星期：周一、 ...  、周日\r\n\r\n性别：男、女\r\n\r\n季节：春、夏、秋、冬\r\n\r\n线程状态：NEW、RUNNABLE、BLOCKED、WAITING、TIMEED_WAITING、TERMINATED\r\n\r\n枚举类的实现\r\n\r\n    jdk1.5之前需要自定义枚举类\r\n\r\n    jdk1.5新增的enum关键字用于定义枚举类\r\n\r\n枚举类的属性\r\n\r\n枚举类的属性应不允许被改动，所以应使用private final修饰\r\n\r\n枚举类的使用private final 修饰的属性应在构造方法中进行赋值\r\n\r\n若枚举类显式的定义了带参数的构造方法，则在列出枚举值时也必须传入对应的参数\r\n', 0, 0, '2023-09-01 19:13:36', 0, 0);
INSERT INTO `discuss_post` VALUES (136, '103', 'Python枚举类', '概念\r\n\r\n枚举类，顾名思义即类的对象只有确定的有限个。比如：\r\n\r\n星期：周一、 ...  、周日\r\n\r\n性别：男、女\r\n\r\n季节：春、夏、秋、冬\r\n\r\n线程状态：NEW、RUNNABLE、BLOCKED、WAITING、TIMEED_WAITING、TERMINATED\r\n\r\n枚举类的实现\r\n\r\n    jdk1.5之前需要自定义枚举类\r\n\r\n    jdk1.5新增的enum关键字用于定义枚举类\r\n\r\n枚举类的属性\r\n\r\n枚举类的属性应不允许被改动，所以应使用private final修饰\r\n\r\n枚举类的使用private final 修饰的属性应在构造方法中进行赋值\r\n\r\n若枚举类显式的定义了带参数的构造方法，则在列出枚举值时也必须传入对应的参数\r\n', 0, 0, '2023-09-01 19:13:36', 0, 0);
INSERT INTO `discuss_post` VALUES (137, '103', 'Python枚举类', '概念\r\n\r\n枚举类，顾名思义即类的对象只有确定的有限个。比如：\r\n\r\n星期：周一、 ...  、周日\r\n\r\n性别：男、女\r\n\r\n季节：春、夏、秋、冬\r\n\r\n线程状态：NEW、RUNNABLE、BLOCKED、WAITING、TIMEED_WAITING、TERMINATED\r\n\r\n枚举类的实现\r\n\r\n    jdk1.5之前需要自定义枚举类\r\n\r\n    jdk1.5新增的enum关键字用于定义枚举类\r\n\r\n枚举类的属性\r\n\r\n枚举类的属性应不允许被改动，所以应使用private final修饰\r\n\r\n枚举类的使用private final 修饰的属性应在构造方法中进行赋值\r\n\r\n若枚举类显式的定义了带参数的构造方法，则在列出枚举值时也必须传入对应的参数\r\n', 0, 0, '2023-09-01 19:13:36', 0, 0);
INSERT INTO `discuss_post` VALUES (138, '103', 'Python枚举类', '概念\r\n\r\n枚举类，顾名思义即类的对象只有确定的有限个。比如：\r\n\r\n星期：周一、 ...  、周日\r\n\r\n性别：男、女\r\n\r\n季节：春、夏、秋、冬\r\n\r\n线程状态：NEW、RUNNABLE、BLOCKED、WAITING、TIMEED_WAITING、TERMINATED\r\n\r\n枚举类的实现\r\n\r\n    jdk1.5之前需要自定义枚举类\r\n\r\n    jdk1.5新增的enum关键字用于定义枚举类\r\n\r\n枚举类的属性\r\n\r\n枚举类的属性应不允许被改动，所以应使用private final修饰\r\n\r\n枚举类的使用private final 修饰的属性应在构造方法中进行赋值\r\n\r\n若枚举类显式的定义了带参数的构造方法，则在列出枚举值时也必须传入对应的参数\r\n', 0, 0, '2023-09-01 19:13:36', 0, 0);
INSERT INTO `discuss_post` VALUES (139, '103', 'Python枚举类', '概念\r\n\r\n枚举类，顾名思义即类的对象只有确定的有限个。比如：\r\n\r\n星期：周一、 ...  、周日\r\n\r\n性别：男、女\r\n\r\n季节：春、夏、秋、冬\r\n\r\n线程状态：NEW、RUNNABLE、BLOCKED、WAITING、TIMEED_WAITING、TERMINATED\r\n\r\n枚举类的实现\r\n\r\n    jdk1.5之前需要自定义枚举类\r\n\r\n    jdk1.5新增的enum关键字用于定义枚举类\r\n\r\n枚举类的属性\r\n\r\n枚举类的属性应不允许被改动，所以应使用private final修饰\r\n\r\n枚举类的使用private final 修饰的属性应在构造方法中进行赋值\r\n\r\n若枚举类显式的定义了带参数的构造方法，则在列出枚举值时也必须传入对应的参数\r\n', 0, 0, '2023-09-01 19:13:36', 0, 0);
INSERT INTO `discuss_post` VALUES (140, '103', 'Python枚举类', '概念\r\n\r\n枚举类，顾名思义即类的对象只有确定的有限个。比如：\r\n\r\n星期：周一、 ...  、周日\r\n\r\n性别：男、女\r\n\r\n季节：春、夏、秋、冬\r\n\r\n线程状态：NEW、RUNNABLE、BLOCKED、WAITING、TIMEED_WAITING、TERMINATED\r\n\r\n枚举类的实现\r\n\r\n    jdk1.5之前需要自定义枚举类\r\n\r\n    jdk1.5新增的enum关键字用于定义枚举类\r\n\r\n枚举类的属性\r\n\r\n枚举类的属性应不允许被改动，所以应使用private final修饰\r\n\r\n枚举类的使用private final 修饰的属性应在构造方法中进行赋值\r\n\r\n若枚举类显式的定义了带参数的构造方法，则在列出枚举值时也必须传入对应的参数\r\n', 0, 0, '2023-09-01 19:13:36', 0, 0);
INSERT INTO `discuss_post` VALUES (141, '103', 'Python枚举类', '概念\r\n\r\n枚举类，顾名思义即类的对象只有确定的有限个。比如：\r\n\r\n星期：周一、 ...  、周日\r\n\r\n性别：男、女\r\n\r\n季节：春、夏、秋、冬\r\n\r\n线程状态：NEW、RUNNABLE、BLOCKED、WAITING、TIMEED_WAITING、TERMINATED\r\n\r\n枚举类的实现\r\n\r\n    jdk1.5之前需要自定义枚举类\r\n\r\n    jdk1.5新增的enum关键字用于定义枚举类\r\n\r\n枚举类的属性\r\n\r\n枚举类的属性应不允许被改动，所以应使用private final修饰\r\n\r\n枚举类的使用private final 修饰的属性应在构造方法中进行赋值\r\n\r\n若枚举类显式的定义了带参数的构造方法，则在列出枚举值时也必须传入对应的参数\r\n', 0, 0, '2023-09-01 19:13:36', 0, 0);
INSERT INTO `discuss_post` VALUES (142, '103', 'Python枚举类', '概念\r\n\r\n枚举类，顾名思义即类的对象只有确定的有限个。比如：\r\n\r\n星期：周一、 ...  、周日\r\n\r\n性别：男、女\r\n\r\n季节：春、夏、秋、冬\r\n\r\n线程状态：NEW、RUNNABLE、BLOCKED、WAITING、TIMEED_WAITING、TERMINATED\r\n\r\n枚举类的实现\r\n\r\n    jdk1.5之前需要自定义枚举类\r\n\r\n    jdk1.5新增的enum关键字用于定义枚举类\r\n\r\n枚举类的属性\r\n\r\n枚举类的属性应不允许被改动，所以应使用private final修饰\r\n\r\n枚举类的使用private final 修饰的属性应在构造方法中进行赋值\r\n\r\n若枚举类显式的定义了带参数的构造方法，则在列出枚举值时也必须传入对应的参数\r\n', 0, 0, '2023-09-01 19:13:36', 0, 0);
INSERT INTO `discuss_post` VALUES (143, '103', 'Python枚举类', '概念\r\n\r\n枚举类，顾名思义即类的对象只有确定的有限个。比如：\r\n\r\n星期：周一、 ...  、周日\r\n\r\n性别：男、女\r\n\r\n季节：春、夏、秋、冬\r\n\r\n线程状态：NEW、RUNNABLE、BLOCKED、WAITING、TIMEED_WAITING、TERMINATED\r\n\r\n枚举类的实现\r\n\r\n    jdk1.5之前需要自定义枚举类\r\n\r\n    jdk1.5新增的enum关键字用于定义枚举类\r\n\r\n枚举类的属性\r\n\r\n枚举类的属性应不允许被改动，所以应使用private final修饰\r\n\r\n枚举类的使用private final 修饰的属性应在构造方法中进行赋值\r\n\r\n若枚举类显式的定义了带参数的构造方法，则在列出枚举值时也必须传入对应的参数\r\n', 0, 0, '2023-09-01 19:13:36', 0, 0);
INSERT INTO `discuss_post` VALUES (144, '103', 'Python枚举类', '概念\r\n\r\n枚举类，顾名思义即类的对象只有确定的有限个。比如：\r\n\r\n星期：周一、 ...  、周日\r\n\r\n性别：男、女\r\n\r\n季节：春、夏、秋、冬\r\n\r\n线程状态：NEW、RUNNABLE、BLOCKED、WAITING、TIMEED_WAITING、TERMINATED\r\n\r\n枚举类的实现\r\n\r\n    jdk1.5之前需要自定义枚举类\r\n\r\n    jdk1.5新增的enum关键字用于定义枚举类\r\n\r\n枚举类的属性\r\n\r\n枚举类的属性应不允许被改动，所以应使用private final修饰\r\n\r\n枚举类的使用private final 修饰的属性应在构造方法中进行赋值\r\n\r\n若枚举类显式的定义了带参数的构造方法，则在列出枚举值时也必须传入对应的参数\r\n', 0, 0, '2023-09-01 19:13:36', 0, 0);
INSERT INTO `discuss_post` VALUES (145, '103', 'Python枚举类', '概念\r\n\r\n枚举类，顾名思义即类的对象只有确定的有限个。比如：\r\n\r\n星期：周一、 ...  、周日\r\n\r\n性别：男、女\r\n\r\n季节：春、夏、秋、冬\r\n\r\n线程状态：NEW、RUNNABLE、BLOCKED、WAITING、TIMEED_WAITING、TERMINATED\r\n\r\n枚举类的实现\r\n\r\n    jdk1.5之前需要自定义枚举类\r\n\r\n    jdk1.5新增的enum关键字用于定义枚举类\r\n\r\n枚举类的属性\r\n\r\n枚举类的属性应不允许被改动，所以应使用private final修饰\r\n\r\n枚举类的使用private final 修饰的属性应在构造方法中进行赋值\r\n\r\n若枚举类显式的定义了带参数的构造方法，则在列出枚举值时也必须传入对应的参数\r\n', 0, 0, '2023-09-01 19:13:36', 0, 0);
INSERT INTO `discuss_post` VALUES (146, '103', 'Python枚举类', '概念\r\n\r\n枚举类，顾名思义即类的对象只有确定的有限个。比如：\r\n\r\n星期：周一、 ...  、周日\r\n\r\n性别：男、女\r\n\r\n季节：春、夏、秋、冬\r\n\r\n线程状态：NEW、RUNNABLE、BLOCKED、WAITING、TIMEED_WAITING、TERMINATED\r\n\r\n枚举类的实现\r\n\r\n    jdk1.5之前需要自定义枚举类\r\n\r\n    jdk1.5新增的enum关键字用于定义枚举类\r\n\r\n枚举类的属性\r\n\r\n枚举类的属性应不允许被改动，所以应使用private final修饰\r\n\r\n枚举类的使用private final 修饰的属性应在构造方法中进行赋值\r\n\r\n若枚举类显式的定义了带参数的构造方法，则在列出枚举值时也必须传入对应的参数\r\n', 0, 0, '2023-09-01 19:13:36', 0, 0);
INSERT INTO `discuss_post` VALUES (147, '103', 'Python枚举类', '概念\r\n\r\n枚举类，顾名思义即类的对象只有确定的有限个。比如：\r\n\r\n星期：周一、 ...  、周日\r\n\r\n性别：男、女\r\n\r\n季节：春、夏、秋、冬\r\n\r\n线程状态：NEW、RUNNABLE、BLOCKED、WAITING、TIMEED_WAITING、TERMINATED\r\n\r\n枚举类的实现\r\n\r\n    jdk1.5之前需要自定义枚举类\r\n\r\n    jdk1.5新增的enum关键字用于定义枚举类\r\n\r\n枚举类的属性\r\n\r\n枚举类的属性应不允许被改动，所以应使用private final修饰\r\n\r\n枚举类的使用private final 修饰的属性应在构造方法中进行赋值\r\n\r\n若枚举类显式的定义了带参数的构造方法，则在列出枚举值时也必须传入对应的参数\r\n', 0, 0, '2023-09-01 19:13:36', 0, 0);
INSERT INTO `discuss_post` VALUES (148, '103', 'Python枚举类', '概念\r\n\r\n枚举类，顾名思义即类的对象只有确定的有限个。比如：\r\n\r\n星期：周一、 ...  、周日\r\n\r\n性别：男、女\r\n\r\n季节：春、夏、秋、冬\r\n\r\n线程状态：NEW、RUNNABLE、BLOCKED、WAITING、TIMEED_WAITING、TERMINATED\r\n\r\n枚举类的实现\r\n\r\n    jdk1.5之前需要自定义枚举类\r\n\r\n    jdk1.5新增的enum关键字用于定义枚举类\r\n\r\n枚举类的属性\r\n\r\n枚举类的属性应不允许被改动，所以应使用private final修饰\r\n\r\n枚举类的使用private final 修饰的属性应在构造方法中进行赋值\r\n\r\n若枚举类显式的定义了带参数的构造方法，则在列出枚举值时也必须传入对应的参数\r\n', 0, 0, '2023-09-01 19:13:36', 0, 0);
INSERT INTO `discuss_post` VALUES (149, '103', 'Python枚举类', '概念\r\n\r\n枚举类，顾名思义即类的对象只有确定的有限个。比如：\r\n\r\n星期：周一、 ...  、周日\r\n\r\n性别：男、女\r\n\r\n季节：春、夏、秋、冬\r\n\r\n线程状态：NEW、RUNNABLE、BLOCKED、WAITING、TIMEED_WAITING、TERMINATED\r\n\r\n枚举类的实现\r\n\r\n    jdk1.5之前需要自定义枚举类\r\n\r\n    jdk1.5新增的enum关键字用于定义枚举类\r\n\r\n枚举类的属性\r\n\r\n枚举类的属性应不允许被改动，所以应使用private final修饰\r\n\r\n枚举类的使用private final 修饰的属性应在构造方法中进行赋值\r\n\r\n若枚举类显式的定义了带参数的构造方法，则在列出枚举值时也必须传入对应的参数\r\n', 0, 0, '2023-09-01 19:13:36', 0, 0);
INSERT INTO `discuss_post` VALUES (150, '103', 'Python枚举类', '概念\r\n\r\n枚举类，顾名思义即类的对象只有确定的有限个。比如：\r\n\r\n星期：周一、 ...  、周日\r\n\r\n性别：男、女\r\n\r\n季节：春、夏、秋、冬\r\n\r\n线程状态：NEW、RUNNABLE、BLOCKED、WAITING、TIMEED_WAITING、TERMINATED\r\n\r\n枚举类的实现\r\n\r\n    jdk1.5之前需要自定义枚举类\r\n\r\n    jdk1.5新增的enum关键字用于定义枚举类\r\n\r\n枚举类的属性\r\n\r\n枚举类的属性应不允许被改动，所以应使用private final修饰\r\n\r\n枚举类的使用private final 修饰的属性应在构造方法中进行赋值\r\n\r\n若枚举类显式的定义了带参数的构造方法，则在列出枚举值时也必须传入对应的参数\r\n', 0, 0, '2023-09-01 19:13:36', 0, 0);
INSERT INTO `discuss_post` VALUES (151, '103', 'Python枚举类', '概念\r\n\r\n枚举类，顾名思义即类的对象只有确定的有限个。比如：\r\n\r\n星期：周一、 ...  、周日\r\n\r\n性别：男、女\r\n\r\n季节：春、夏、秋、冬\r\n\r\n线程状态：NEW、RUNNABLE、BLOCKED、WAITING、TIMEED_WAITING、TERMINATED\r\n\r\n枚举类的实现\r\n\r\n    jdk1.5之前需要自定义枚举类\r\n\r\n    jdk1.5新增的enum关键字用于定义枚举类\r\n\r\n枚举类的属性\r\n\r\n枚举类的属性应不允许被改动，所以应使用private final修饰\r\n\r\n枚举类的使用private final 修饰的属性应在构造方法中进行赋值\r\n\r\n若枚举类显式的定义了带参数的构造方法，则在列出枚举值时也必须传入对应的参数\r\n', 0, 0, '2023-09-01 19:13:36', 0, 0);
INSERT INTO `discuss_post` VALUES (152, '103', 'Python枚举类', '概念\r\n\r\n枚举类，顾名思义即类的对象只有确定的有限个。比如：\r\n\r\n星期：周一、 ...  、周日\r\n\r\n性别：男、女\r\n\r\n季节：春、夏、秋、冬\r\n\r\n线程状态：NEW、RUNNABLE、BLOCKED、WAITING、TIMEED_WAITING、TERMINATED\r\n\r\n枚举类的实现\r\n\r\n    jdk1.5之前需要自定义枚举类\r\n\r\n    jdk1.5新增的enum关键字用于定义枚举类\r\n\r\n枚举类的属性\r\n\r\n枚举类的属性应不允许被改动，所以应使用private final修饰\r\n\r\n枚举类的使用private final 修饰的属性应在构造方法中进行赋值\r\n\r\n若枚举类显式的定义了带参数的构造方法，则在列出枚举值时也必须传入对应的参数\r\n', 0, 0, '2023-09-01 19:13:36', 0, 0);
INSERT INTO `discuss_post` VALUES (153, '103', 'Python枚举类', '概念\r\n\r\n枚举类，顾名思义即类的对象只有确定的有限个。比如：\r\n\r\n星期：周一、 ...  、周日\r\n\r\n性别：男、女\r\n\r\n季节：春、夏、秋、冬\r\n\r\n线程状态：NEW、RUNNABLE、BLOCKED、WAITING、TIMEED_WAITING、TERMINATED\r\n\r\n枚举类的实现\r\n\r\n    jdk1.5之前需要自定义枚举类\r\n\r\n    jdk1.5新增的enum关键字用于定义枚举类\r\n\r\n枚举类的属性\r\n\r\n枚举类的属性应不允许被改动，所以应使用private final修饰\r\n\r\n枚举类的使用private final 修饰的属性应在构造方法中进行赋值\r\n\r\n若枚举类显式的定义了带参数的构造方法，则在列出枚举值时也必须传入对应的参数\r\n', 0, 0, '2023-09-01 19:13:36', 0, 0);
INSERT INTO `discuss_post` VALUES (154, '103', 'Python枚举类', '概念\r\n\r\n枚举类，顾名思义即类的对象只有确定的有限个。比如：\r\n\r\n星期：周一、 ...  、周日\r\n\r\n性别：男、女\r\n\r\n季节：春、夏、秋、冬\r\n\r\n线程状态：NEW、RUNNABLE、BLOCKED、WAITING、TIMEED_WAITING、TERMINATED\r\n\r\n枚举类的实现\r\n\r\n    jdk1.5之前需要自定义枚举类\r\n\r\n    jdk1.5新增的enum关键字用于定义枚举类\r\n\r\n枚举类的属性\r\n\r\n枚举类的属性应不允许被改动，所以应使用private final修饰\r\n\r\n枚举类的使用private final 修饰的属性应在构造方法中进行赋值\r\n\r\n若枚举类显式的定义了带参数的构造方法，则在列出枚举值时也必须传入对应的参数\r\n', 0, 0, '2023-09-01 19:13:36', 0, 0);
INSERT INTO `discuss_post` VALUES (155, '103', 'Python枚举类', '概念\r\n\r\n枚举类，顾名思义即类的对象只有确定的有限个。比如：\r\n\r\n星期：周一、 ...  、周日\r\n\r\n性别：男、女\r\n\r\n季节：春、夏、秋、冬\r\n\r\n线程状态：NEW、RUNNABLE、BLOCKED、WAITING、TIMEED_WAITING、TERMINATED\r\n\r\n枚举类的实现\r\n\r\n    jdk1.5之前需要自定义枚举类\r\n\r\n    jdk1.5新增的enum关键字用于定义枚举类\r\n\r\n枚举类的属性\r\n\r\n枚举类的属性应不允许被改动，所以应使用private final修饰\r\n\r\n枚举类的使用private final 修饰的属性应在构造方法中进行赋值\r\n\r\n若枚举类显式的定义了带参数的构造方法，则在列出枚举值时也必须传入对应的参数\r\n', 0, 0, '2023-09-01 19:13:36', 0, 0);
INSERT INTO `discuss_post` VALUES (156, '103', 'Python枚举类', '概念\r\n\r\n枚举类，顾名思义即类的对象只有确定的有限个。比如：\r\n\r\n星期：周一、 ...  、周日\r\n\r\n性别：男、女\r\n\r\n季节：春、夏、秋、冬\r\n\r\n线程状态：NEW、RUNNABLE、BLOCKED、WAITING、TIMEED_WAITING、TERMINATED\r\n\r\n枚举类的实现\r\n\r\n    jdk1.5之前需要自定义枚举类\r\n\r\n    jdk1.5新增的enum关键字用于定义枚举类\r\n\r\n枚举类的属性\r\n\r\n枚举类的属性应不允许被改动，所以应使用private final修饰\r\n\r\n枚举类的使用private final 修饰的属性应在构造方法中进行赋值\r\n\r\n若枚举类显式的定义了带参数的构造方法，则在列出枚举值时也必须传入对应的参数\r\n', 0, 0, '2023-09-01 19:13:36', 0, 0);
INSERT INTO `discuss_post` VALUES (157, '103', 'Python枚举类', '概念\r\n\r\n枚举类，顾名思义即类的对象只有确定的有限个。比如：\r\n\r\n星期：周一、 ...  、周日\r\n\r\n性别：男、女\r\n\r\n季节：春、夏、秋、冬\r\n\r\n线程状态：NEW、RUNNABLE、BLOCKED、WAITING、TIMEED_WAITING、TERMINATED\r\n\r\n枚举类的实现\r\n\r\n    jdk1.5之前需要自定义枚举类\r\n\r\n    jdk1.5新增的enum关键字用于定义枚举类\r\n\r\n枚举类的属性\r\n\r\n枚举类的属性应不允许被改动，所以应使用private final修饰\r\n\r\n枚举类的使用private final 修饰的属性应在构造方法中进行赋值\r\n\r\n若枚举类显式的定义了带参数的构造方法，则在列出枚举值时也必须传入对应的参数\r\n', 0, 0, '2023-09-01 19:13:36', 0, 0);
INSERT INTO `discuss_post` VALUES (158, '103', 'Python枚举类', '概念\r\n\r\n枚举类，顾名思义即类的对象只有确定的有限个。比如：\r\n\r\n星期：周一、 ...  、周日\r\n\r\n性别：男、女\r\n\r\n季节：春、夏、秋、冬\r\n\r\n线程状态：NEW、RUNNABLE、BLOCKED、WAITING、TIMEED_WAITING、TERMINATED\r\n\r\n枚举类的实现\r\n\r\n    jdk1.5之前需要自定义枚举类\r\n\r\n    jdk1.5新增的enum关键字用于定义枚举类\r\n\r\n枚举类的属性\r\n\r\n枚举类的属性应不允许被改动，所以应使用private final修饰\r\n\r\n枚举类的使用private final 修饰的属性应在构造方法中进行赋值\r\n\r\n若枚举类显式的定义了带参数的构造方法，则在列出枚举值时也必须传入对应的参数\r\n', 0, 0, '2023-09-01 19:13:36', 0, 0);
INSERT INTO `discuss_post` VALUES (159, '103', 'Python枚举类', '概念\r\n\r\n枚举类，顾名思义即类的对象只有确定的有限个。比如：\r\n\r\n星期：周一、 ...  、周日\r\n\r\n性别：男、女\r\n\r\n季节：春、夏、秋、冬\r\n\r\n线程状态：NEW、RUNNABLE、BLOCKED、WAITING、TIMEED_WAITING、TERMINATED\r\n\r\n枚举类的实现\r\n\r\n    jdk1.5之前需要自定义枚举类\r\n\r\n    jdk1.5新增的enum关键字用于定义枚举类\r\n\r\n枚举类的属性\r\n\r\n枚举类的属性应不允许被改动，所以应使用private final修饰\r\n\r\n枚举类的使用private final 修饰的属性应在构造方法中进行赋值\r\n\r\n若枚举类显式的定义了带参数的构造方法，则在列出枚举值时也必须传入对应的参数\r\n', 0, 0, '2023-09-01 19:13:36', 0, 0);
INSERT INTO `discuss_post` VALUES (160, '103', 'Python枚举类', '概念\r\n\r\n枚举类，顾名思义即类的对象只有确定的有限个。比如：\r\n\r\n星期：周一、 ...  、周日\r\n\r\n性别：男、女\r\n\r\n季节：春、夏、秋、冬\r\n\r\n线程状态：NEW、RUNNABLE、BLOCKED、WAITING、TIMEED_WAITING、TERMINATED\r\n\r\n枚举类的实现\r\n\r\n    jdk1.5之前需要自定义枚举类\r\n\r\n    jdk1.5新增的enum关键字用于定义枚举类\r\n\r\n枚举类的属性\r\n\r\n枚举类的属性应不允许被改动，所以应使用private final修饰\r\n\r\n枚举类的使用private final 修饰的属性应在构造方法中进行赋值\r\n\r\n若枚举类显式的定义了带参数的构造方法，则在列出枚举值时也必须传入对应的参数\r\n', 0, 0, '2023-09-01 19:13:36', 0, 0);
INSERT INTO `discuss_post` VALUES (161, '103', 'Python枚举类', '概念\r\n\r\n枚举类，顾名思义即类的对象只有确定的有限个。比如：\r\n\r\n星期：周一、 ...  、周日\r\n\r\n性别：男、女\r\n\r\n季节：春、夏、秋、冬\r\n\r\n线程状态：NEW、RUNNABLE、BLOCKED、WAITING、TIMEED_WAITING、TERMINATED\r\n\r\n枚举类的实现\r\n\r\n    jdk1.5之前需要自定义枚举类\r\n\r\n    jdk1.5新增的enum关键字用于定义枚举类\r\n\r\n枚举类的属性\r\n\r\n枚举类的属性应不允许被改动，所以应使用private final修饰\r\n\r\n枚举类的使用private final 修饰的属性应在构造方法中进行赋值\r\n\r\n若枚举类显式的定义了带参数的构造方法，则在列出枚举值时也必须传入对应的参数\r\n', 0, 0, '2023-09-01 19:13:36', 0, 0);
INSERT INTO `discuss_post` VALUES (162, '103', 'Python枚举类', '概念\r\n\r\n枚举类，顾名思义即类的对象只有确定的有限个。比如：\r\n\r\n星期：周一、 ...  、周日\r\n\r\n性别：男、女\r\n\r\n季节：春、夏、秋、冬\r\n\r\n线程状态：NEW、RUNNABLE、BLOCKED、WAITING、TIMEED_WAITING、TERMINATED\r\n\r\n枚举类的实现\r\n\r\n    jdk1.5之前需要自定义枚举类\r\n\r\n    jdk1.5新增的enum关键字用于定义枚举类\r\n\r\n枚举类的属性\r\n\r\n枚举类的属性应不允许被改动，所以应使用private final修饰\r\n\r\n枚举类的使用private final 修饰的属性应在构造方法中进行赋值\r\n\r\n若枚举类显式的定义了带参数的构造方法，则在列出枚举值时也必须传入对应的参数\r\n', 0, 0, '2023-09-01 19:13:36', 0, 0);
INSERT INTO `discuss_post` VALUES (163, '103', 'Python枚举类', '概念\r\n\r\n枚举类，顾名思义即类的对象只有确定的有限个。比如：\r\n\r\n星期：周一、 ...  、周日\r\n\r\n性别：男、女\r\n\r\n季节：春、夏、秋、冬\r\n\r\n线程状态：NEW、RUNNABLE、BLOCKED、WAITING、TIMEED_WAITING、TERMINATED\r\n\r\n枚举类的实现\r\n\r\n    jdk1.5之前需要自定义枚举类\r\n\r\n    jdk1.5新增的enum关键字用于定义枚举类\r\n\r\n枚举类的属性\r\n\r\n枚举类的属性应不允许被改动，所以应使用private final修饰\r\n\r\n枚举类的使用private final 修饰的属性应在构造方法中进行赋值\r\n\r\n若枚举类显式的定义了带参数的构造方法，则在列出枚举值时也必须传入对应的参数\r\n', 0, 0, '2023-09-01 19:13:36', 0, 0);
INSERT INTO `discuss_post` VALUES (164, '103', 'Python枚举类', '概念\r\n\r\n枚举类，顾名思义即类的对象只有确定的有限个。比如：\r\n\r\n星期：周一、 ...  、周日\r\n\r\n性别：男、女\r\n\r\n季节：春、夏、秋、冬\r\n\r\n线程状态：NEW、RUNNABLE、BLOCKED、WAITING、TIMEED_WAITING、TERMINATED\r\n\r\n枚举类的实现\r\n\r\n    jdk1.5之前需要自定义枚举类\r\n\r\n    jdk1.5新增的enum关键字用于定义枚举类\r\n\r\n枚举类的属性\r\n\r\n枚举类的属性应不允许被改动，所以应使用private final修饰\r\n\r\n枚举类的使用private final 修饰的属性应在构造方法中进行赋值\r\n\r\n若枚举类显式的定义了带参数的构造方法，则在列出枚举值时也必须传入对应的参数\r\n', 0, 0, '2023-09-01 19:13:36', 0, 0);
INSERT INTO `discuss_post` VALUES (165, '103', 'Python枚举类', '概念\r\n\r\n枚举类，顾名思义即类的对象只有确定的有限个。比如：\r\n\r\n星期：周一、 ...  、周日\r\n\r\n性别：男、女\r\n\r\n季节：春、夏、秋、冬\r\n\r\n线程状态：NEW、RUNNABLE、BLOCKED、WAITING、TIMEED_WAITING、TERMINATED\r\n\r\n枚举类的实现\r\n\r\n    jdk1.5之前需要自定义枚举类\r\n\r\n    jdk1.5新增的enum关键字用于定义枚举类\r\n\r\n枚举类的属性\r\n\r\n枚举类的属性应不允许被改动，所以应使用private final修饰\r\n\r\n枚举类的使用private final 修饰的属性应在构造方法中进行赋值\r\n\r\n若枚举类显式的定义了带参数的构造方法，则在列出枚举值时也必须传入对应的参数\r\n', 0, 0, '2023-09-01 19:13:36', 0, 0);
INSERT INTO `discuss_post` VALUES (166, '103', 'Python枚举类', '概念\r\n\r\n枚举类，顾名思义即类的对象只有确定的有限个。比如：\r\n\r\n星期：周一、 ...  、周日\r\n\r\n性别：男、女\r\n\r\n季节：春、夏、秋、冬\r\n\r\n线程状态：NEW、RUNNABLE、BLOCKED、WAITING、TIMEED_WAITING、TERMINATED\r\n\r\n枚举类的实现\r\n\r\n    jdk1.5之前需要自定义枚举类\r\n\r\n    jdk1.5新增的enum关键字用于定义枚举类\r\n\r\n枚举类的属性\r\n\r\n枚举类的属性应不允许被改动，所以应使用private final修饰\r\n\r\n枚举类的使用private final 修饰的属性应在构造方法中进行赋值\r\n\r\n若枚举类显式的定义了带参数的构造方法，则在列出枚举值时也必须传入对应的参数\r\n', 0, 0, '2023-09-01 19:13:36', 0, 0);
INSERT INTO `discuss_post` VALUES (167, '103', 'Python枚举类', '概念\r\n\r\n枚举类，顾名思义即类的对象只有确定的有限个。比如：\r\n\r\n星期：周一、 ...  、周日\r\n\r\n性别：男、女\r\n\r\n季节：春、夏、秋、冬\r\n\r\n线程状态：NEW、RUNNABLE、BLOCKED、WAITING、TIMEED_WAITING、TERMINATED\r\n\r\n枚举类的实现\r\n\r\n    jdk1.5之前需要自定义枚举类\r\n\r\n    jdk1.5新增的enum关键字用于定义枚举类\r\n\r\n枚举类的属性\r\n\r\n枚举类的属性应不允许被改动，所以应使用private final修饰\r\n\r\n枚举类的使用private final 修饰的属性应在构造方法中进行赋值\r\n\r\n若枚举类显式的定义了带参数的构造方法，则在列出枚举值时也必须传入对应的参数\r\n', 0, 0, '2023-09-01 19:13:36', 0, 0);
INSERT INTO `discuss_post` VALUES (168, '103', 'Python枚举类', '概念\r\n\r\n枚举类，顾名思义即类的对象只有确定的有限个。比如：\r\n\r\n星期：周一、 ...  、周日\r\n\r\n性别：男、女\r\n\r\n季节：春、夏、秋、冬\r\n\r\n线程状态：NEW、RUNNABLE、BLOCKED、WAITING、TIMEED_WAITING、TERMINATED\r\n\r\n枚举类的实现\r\n\r\n    jdk1.5之前需要自定义枚举类\r\n\r\n    jdk1.5新增的enum关键字用于定义枚举类\r\n\r\n枚举类的属性\r\n\r\n枚举类的属性应不允许被改动，所以应使用private final修饰\r\n\r\n枚举类的使用private final 修饰的属性应在构造方法中进行赋值\r\n\r\n若枚举类显式的定义了带参数的构造方法，则在列出枚举值时也必须传入对应的参数\r\n', 0, 0, '2023-09-01 19:13:36', 0, 0);
INSERT INTO `discuss_post` VALUES (169, '103', 'Python枚举类', '概念\r\n\r\n枚举类，顾名思义即类的对象只有确定的有限个。比如：\r\n\r\n星期：周一、 ...  、周日\r\n\r\n性别：男、女\r\n\r\n季节：春、夏、秋、冬\r\n\r\n线程状态：NEW、RUNNABLE、BLOCKED、WAITING、TIMEED_WAITING、TERMINATED\r\n\r\n枚举类的实现\r\n\r\n    jdk1.5之前需要自定义枚举类\r\n\r\n    jdk1.5新增的enum关键字用于定义枚举类\r\n\r\n枚举类的属性\r\n\r\n枚举类的属性应不允许被改动，所以应使用private final修饰\r\n\r\n枚举类的使用private final 修饰的属性应在构造方法中进行赋值\r\n\r\n若枚举类显式的定义了带参数的构造方法，则在列出枚举值时也必须传入对应的参数\r\n', 0, 0, '2023-09-01 19:13:36', 0, 0);
INSERT INTO `discuss_post` VALUES (170, '103', 'Python枚举类', '概念\r\n\r\n枚举类，顾名思义即类的对象只有确定的有限个。比如：\r\n\r\n星期：周一、 ...  、周日\r\n\r\n性别：男、女\r\n\r\n季节：春、夏、秋、冬\r\n\r\n线程状态：NEW、RUNNABLE、BLOCKED、WAITING、TIMEED_WAITING、TERMINATED\r\n\r\n枚举类的实现\r\n\r\n    jdk1.5之前需要自定义枚举类\r\n\r\n    jdk1.5新增的enum关键字用于定义枚举类\r\n\r\n枚举类的属性\r\n\r\n枚举类的属性应不允许被改动，所以应使用private final修饰\r\n\r\n枚举类的使用private final 修饰的属性应在构造方法中进行赋值\r\n\r\n若枚举类显式的定义了带参数的构造方法，则在列出枚举值时也必须传入对应的参数\r\n', 0, 0, '2023-09-01 19:13:36', 0, 0);
INSERT INTO `discuss_post` VALUES (171, '103', 'Python枚举类', '概念\r\n\r\n枚举类，顾名思义即类的对象只有确定的有限个。比如：\r\n\r\n星期：周一、 ...  、周日\r\n\r\n性别：男、女\r\n\r\n季节：春、夏、秋、冬\r\n\r\n线程状态：NEW、RUNNABLE、BLOCKED、WAITING、TIMEED_WAITING、TERMINATED\r\n\r\n枚举类的实现\r\n\r\n    jdk1.5之前需要自定义枚举类\r\n\r\n    jdk1.5新增的enum关键字用于定义枚举类\r\n\r\n枚举类的属性\r\n\r\n枚举类的属性应不允许被改动，所以应使用private final修饰\r\n\r\n枚举类的使用private final 修饰的属性应在构造方法中进行赋值\r\n\r\n若枚举类显式的定义了带参数的构造方法，则在列出枚举值时也必须传入对应的参数\r\n', 0, 0, '2023-09-01 19:13:36', 0, 0);
INSERT INTO `discuss_post` VALUES (172, '103', 'Python枚举类', '概念\r\n\r\n枚举类，顾名思义即类的对象只有确定的有限个。比如：\r\n\r\n星期：周一、 ...  、周日\r\n\r\n性别：男、女\r\n\r\n季节：春、夏、秋、冬\r\n\r\n线程状态：NEW、RUNNABLE、BLOCKED、WAITING、TIMEED_WAITING、TERMINATED\r\n\r\n枚举类的实现\r\n\r\n    jdk1.5之前需要自定义枚举类\r\n\r\n    jdk1.5新增的enum关键字用于定义枚举类\r\n\r\n枚举类的属性\r\n\r\n枚举类的属性应不允许被改动，所以应使用private final修饰\r\n\r\n枚举类的使用private final 修饰的属性应在构造方法中进行赋值\r\n\r\n若枚举类显式的定义了带参数的构造方法，则在列出枚举值时也必须传入对应的参数\r\n', 0, 0, '2023-09-01 19:13:36', 0, 0);
INSERT INTO `discuss_post` VALUES (173, '103', 'Python枚举类', '概念\r\n\r\n枚举类，顾名思义即类的对象只有确定的有限个。比如：\r\n\r\n星期：周一、 ...  、周日\r\n\r\n性别：男、女\r\n\r\n季节：春、夏、秋、冬\r\n\r\n线程状态：NEW、RUNNABLE、BLOCKED、WAITING、TIMEED_WAITING、TERMINATED\r\n\r\n枚举类的实现\r\n\r\n    jdk1.5之前需要自定义枚举类\r\n\r\n    jdk1.5新增的enum关键字用于定义枚举类\r\n\r\n枚举类的属性\r\n\r\n枚举类的属性应不允许被改动，所以应使用private final修饰\r\n\r\n枚举类的使用private final 修饰的属性应在构造方法中进行赋值\r\n\r\n若枚举类显式的定义了带参数的构造方法，则在列出枚举值时也必须传入对应的参数\r\n', 0, 0, '2023-09-01 19:13:36', 0, 0);
INSERT INTO `discuss_post` VALUES (174, '103', 'Python枚举类', '概念\r\n\r\n枚举类，顾名思义即类的对象只有确定的有限个。比如：\r\n\r\n星期：周一、 ...  、周日\r\n\r\n性别：男、女\r\n\r\n季节：春、夏、秋、冬\r\n\r\n线程状态：NEW、RUNNABLE、BLOCKED、WAITING、TIMEED_WAITING、TERMINATED\r\n\r\n枚举类的实现\r\n\r\n    jdk1.5之前需要自定义枚举类\r\n\r\n    jdk1.5新增的enum关键字用于定义枚举类\r\n\r\n枚举类的属性\r\n\r\n枚举类的属性应不允许被改动，所以应使用private final修饰\r\n\r\n枚举类的使用private final 修饰的属性应在构造方法中进行赋值\r\n\r\n若枚举类显式的定义了带参数的构造方法，则在列出枚举值时也必须传入对应的参数\r\n', 0, 0, '2023-09-01 19:13:36', 0, 0);
INSERT INTO `discuss_post` VALUES (175, '103', 'Python枚举类', '概念\r\n\r\n枚举类，顾名思义即类的对象只有确定的有限个。比如：\r\n\r\n星期：周一、 ...  、周日\r\n\r\n性别：男、女\r\n\r\n季节：春、夏、秋、冬\r\n\r\n线程状态：NEW、RUNNABLE、BLOCKED、WAITING、TIMEED_WAITING、TERMINATED\r\n\r\n枚举类的实现\r\n\r\n    jdk1.5之前需要自定义枚举类\r\n\r\n    jdk1.5新增的enum关键字用于定义枚举类\r\n\r\n枚举类的属性\r\n\r\n枚举类的属性应不允许被改动，所以应使用private final修饰\r\n\r\n枚举类的使用private final 修饰的属性应在构造方法中进行赋值\r\n\r\n若枚举类显式的定义了带参数的构造方法，则在列出枚举值时也必须传入对应的参数\r\n', 0, 0, '2023-09-01 19:13:36', 0, 0);
INSERT INTO `discuss_post` VALUES (176, '103', 'Python枚举类', '概念\r\n\r\n枚举类，顾名思义即类的对象只有确定的有限个。比如：\r\n\r\n星期：周一、 ...  、周日\r\n\r\n性别：男、女\r\n\r\n季节：春、夏、秋、冬\r\n\r\n线程状态：NEW、RUNNABLE、BLOCKED、WAITING、TIMEED_WAITING、TERMINATED\r\n\r\n枚举类的实现\r\n\r\n    jdk1.5之前需要自定义枚举类\r\n\r\n    jdk1.5新增的enum关键字用于定义枚举类\r\n\r\n枚举类的属性\r\n\r\n枚举类的属性应不允许被改动，所以应使用private final修饰\r\n\r\n枚举类的使用private final 修饰的属性应在构造方法中进行赋值\r\n\r\n若枚举类显式的定义了带参数的构造方法，则在列出枚举值时也必须传入对应的参数\r\n', 0, 0, '2023-09-01 19:13:36', 0, 0);
INSERT INTO `discuss_post` VALUES (177, '103', 'Python枚举类', '概念\r\n\r\n枚举类，顾名思义即类的对象只有确定的有限个。比如：\r\n\r\n星期：周一、 ...  、周日\r\n\r\n性别：男、女\r\n\r\n季节：春、夏、秋、冬\r\n\r\n线程状态：NEW、RUNNABLE、BLOCKED、WAITING、TIMEED_WAITING、TERMINATED\r\n\r\n枚举类的实现\r\n\r\n    jdk1.5之前需要自定义枚举类\r\n\r\n    jdk1.5新增的enum关键字用于定义枚举类\r\n\r\n枚举类的属性\r\n\r\n枚举类的属性应不允许被改动，所以应使用private final修饰\r\n\r\n枚举类的使用private final 修饰的属性应在构造方法中进行赋值\r\n\r\n若枚举类显式的定义了带参数的构造方法，则在列出枚举值时也必须传入对应的参数\r\n', 0, 0, '2023-09-01 19:13:36', 0, 0);
INSERT INTO `discuss_post` VALUES (178, '103', 'Python枚举类', '概念\r\n\r\n枚举类，顾名思义即类的对象只有确定的有限个。比如：\r\n\r\n星期：周一、 ...  、周日\r\n\r\n性别：男、女\r\n\r\n季节：春、夏、秋、冬\r\n\r\n线程状态：NEW、RUNNABLE、BLOCKED、WAITING、TIMEED_WAITING、TERMINATED\r\n\r\n枚举类的实现\r\n\r\n    jdk1.5之前需要自定义枚举类\r\n\r\n    jdk1.5新增的enum关键字用于定义枚举类\r\n\r\n枚举类的属性\r\n\r\n枚举类的属性应不允许被改动，所以应使用private final修饰\r\n\r\n枚举类的使用private final 修饰的属性应在构造方法中进行赋值\r\n\r\n若枚举类显式的定义了带参数的构造方法，则在列出枚举值时也必须传入对应的参数\r\n', 0, 0, '2023-09-01 19:13:36', 0, 0);
INSERT INTO `discuss_post` VALUES (179, '103', 'Python枚举类', '概念\r\n\r\n枚举类，顾名思义即类的对象只有确定的有限个。比如：\r\n\r\n星期：周一、 ...  、周日\r\n\r\n性别：男、女\r\n\r\n季节：春、夏、秋、冬\r\n\r\n线程状态：NEW、RUNNABLE、BLOCKED、WAITING、TIMEED_WAITING、TERMINATED\r\n\r\n枚举类的实现\r\n\r\n    jdk1.5之前需要自定义枚举类\r\n\r\n    jdk1.5新增的enum关键字用于定义枚举类\r\n\r\n枚举类的属性\r\n\r\n枚举类的属性应不允许被改动，所以应使用private final修饰\r\n\r\n枚举类的使用private final 修饰的属性应在构造方法中进行赋值\r\n\r\n若枚举类显式的定义了带参数的构造方法，则在列出枚举值时也必须传入对应的参数\r\n', 0, 0, '2023-09-01 19:13:36', 0, 0);
INSERT INTO `discuss_post` VALUES (180, '103', 'Python枚举类', '概念\r\n\r\n枚举类，顾名思义即类的对象只有确定的有限个。比如：\r\n\r\n星期：周一、 ...  、周日\r\n\r\n性别：男、女\r\n\r\n季节：春、夏、秋、冬\r\n\r\n线程状态：NEW、RUNNABLE、BLOCKED、WAITING、TIMEED_WAITING、TERMINATED\r\n\r\n枚举类的实现\r\n\r\n    jdk1.5之前需要自定义枚举类\r\n\r\n    jdk1.5新增的enum关键字用于定义枚举类\r\n\r\n枚举类的属性\r\n\r\n枚举类的属性应不允许被改动，所以应使用private final修饰\r\n\r\n枚举类的使用private final 修饰的属性应在构造方法中进行赋值\r\n\r\n若枚举类显式的定义了带参数的构造方法，则在列出枚举值时也必须传入对应的参数\r\n', 0, 0, '2023-09-01 19:13:36', 0, 0);
INSERT INTO `discuss_post` VALUES (181, '103', 'Python枚举类', '概念\r\n\r\n枚举类，顾名思义即类的对象只有确定的有限个。比如：\r\n\r\n星期：周一、 ...  、周日\r\n\r\n性别：男、女\r\n\r\n季节：春、夏、秋、冬\r\n\r\n线程状态：NEW、RUNNABLE、BLOCKED、WAITING、TIMEED_WAITING、TERMINATED\r\n\r\n枚举类的实现\r\n\r\n    jdk1.5之前需要自定义枚举类\r\n\r\n    jdk1.5新增的enum关键字用于定义枚举类\r\n\r\n枚举类的属性\r\n\r\n枚举类的属性应不允许被改动，所以应使用private final修饰\r\n\r\n枚举类的使用private final 修饰的属性应在构造方法中进行赋值\r\n\r\n若枚举类显式的定义了带参数的构造方法，则在列出枚举值时也必须传入对应的参数\r\n', 0, 0, '2023-09-01 19:13:36', 0, 0);
INSERT INTO `discuss_post` VALUES (182, '103', 'Python枚举类', '概念\r\n\r\n枚举类，顾名思义即类的对象只有确定的有限个。比如：\r\n\r\n星期：周一、 ...  、周日\r\n\r\n性别：男、女\r\n\r\n季节：春、夏、秋、冬\r\n\r\n线程状态：NEW、RUNNABLE、BLOCKED、WAITING、TIMEED_WAITING、TERMINATED\r\n\r\n枚举类的实现\r\n\r\n    jdk1.5之前需要自定义枚举类\r\n\r\n    jdk1.5新增的enum关键字用于定义枚举类\r\n\r\n枚举类的属性\r\n\r\n枚举类的属性应不允许被改动，所以应使用private final修饰\r\n\r\n枚举类的使用private final 修饰的属性应在构造方法中进行赋值\r\n\r\n若枚举类显式的定义了带参数的构造方法，则在列出枚举值时也必须传入对应的参数\r\n', 0, 0, '2023-09-01 19:13:36', 0, 0);
INSERT INTO `discuss_post` VALUES (183, '103', 'Python枚举类', '概念\r\n\r\n枚举类，顾名思义即类的对象只有确定的有限个。比如：\r\n\r\n星期：周一、 ...  、周日\r\n\r\n性别：男、女\r\n\r\n季节：春、夏、秋、冬\r\n\r\n线程状态：NEW、RUNNABLE、BLOCKED、WAITING、TIMEED_WAITING、TERMINATED\r\n\r\n枚举类的实现\r\n\r\n    jdk1.5之前需要自定义枚举类\r\n\r\n    jdk1.5新增的enum关键字用于定义枚举类\r\n\r\n枚举类的属性\r\n\r\n枚举类的属性应不允许被改动，所以应使用private final修饰\r\n\r\n枚举类的使用private final 修饰的属性应在构造方法中进行赋值\r\n\r\n若枚举类显式的定义了带参数的构造方法，则在列出枚举值时也必须传入对应的参数\r\n', 0, 0, '2023-09-01 19:13:36', 0, 0);
INSERT INTO `discuss_post` VALUES (184, '103', 'Python枚举类', '概念\r\n\r\n枚举类，顾名思义即类的对象只有确定的有限个。比如：\r\n\r\n星期：周一、 ...  、周日\r\n\r\n性别：男、女\r\n\r\n季节：春、夏、秋、冬\r\n\r\n线程状态：NEW、RUNNABLE、BLOCKED、WAITING、TIMEED_WAITING、TERMINATED\r\n\r\n枚举类的实现\r\n\r\n    jdk1.5之前需要自定义枚举类\r\n\r\n    jdk1.5新增的enum关键字用于定义枚举类\r\n\r\n枚举类的属性\r\n\r\n枚举类的属性应不允许被改动，所以应使用private final修饰\r\n\r\n枚举类的使用private final 修饰的属性应在构造方法中进行赋值\r\n\r\n若枚举类显式的定义了带参数的构造方法，则在列出枚举值时也必须传入对应的参数\r\n', 0, 0, '2023-09-01 19:13:36', 0, 0);
INSERT INTO `discuss_post` VALUES (185, '103', 'Python枚举类', '概念\r\n\r\n枚举类，顾名思义即类的对象只有确定的有限个。比如：\r\n\r\n星期：周一、 ...  、周日\r\n\r\n性别：男、女\r\n\r\n季节：春、夏、秋、冬\r\n\r\n线程状态：NEW、RUNNABLE、BLOCKED、WAITING、TIMEED_WAITING、TERMINATED\r\n\r\n枚举类的实现\r\n\r\n    jdk1.5之前需要自定义枚举类\r\n\r\n    jdk1.5新增的enum关键字用于定义枚举类\r\n\r\n枚举类的属性\r\n\r\n枚举类的属性应不允许被改动，所以应使用private final修饰\r\n\r\n枚举类的使用private final 修饰的属性应在构造方法中进行赋值\r\n\r\n若枚举类显式的定义了带参数的构造方法，则在列出枚举值时也必须传入对应的参数\r\n', 0, 0, '2023-09-01 19:13:36', 0, 0);
INSERT INTO `discuss_post` VALUES (186, '103', 'Python枚举类', '概念\r\n\r\n枚举类，顾名思义即类的对象只有确定的有限个。比如：\r\n\r\n星期：周一、 ...  、周日\r\n\r\n性别：男、女\r\n\r\n季节：春、夏、秋、冬\r\n\r\n线程状态：NEW、RUNNABLE、BLOCKED、WAITING、TIMEED_WAITING、TERMINATED\r\n\r\n枚举类的实现\r\n\r\n    jdk1.5之前需要自定义枚举类\r\n\r\n    jdk1.5新增的enum关键字用于定义枚举类\r\n\r\n枚举类的属性\r\n\r\n枚举类的属性应不允许被改动，所以应使用private final修饰\r\n\r\n枚举类的使用private final 修饰的属性应在构造方法中进行赋值\r\n\r\n若枚举类显式的定义了带参数的构造方法，则在列出枚举值时也必须传入对应的参数\r\n', 0, 0, '2023-09-01 19:13:36', 0, 0);
INSERT INTO `discuss_post` VALUES (187, '103', 'Python枚举类', '概念\r\n\r\n枚举类，顾名思义即类的对象只有确定的有限个。比如：\r\n\r\n星期：周一、 ...  、周日\r\n\r\n性别：男、女\r\n\r\n季节：春、夏、秋、冬\r\n\r\n线程状态：NEW、RUNNABLE、BLOCKED、WAITING、TIMEED_WAITING、TERMINATED\r\n\r\n枚举类的实现\r\n\r\n    jdk1.5之前需要自定义枚举类\r\n\r\n    jdk1.5新增的enum关键字用于定义枚举类\r\n\r\n枚举类的属性\r\n\r\n枚举类的属性应不允许被改动，所以应使用private final修饰\r\n\r\n枚举类的使用private final 修饰的属性应在构造方法中进行赋值\r\n\r\n若枚举类显式的定义了带参数的构造方法，则在列出枚举值时也必须传入对应的参数\r\n', 0, 0, '2023-09-01 19:13:36', 0, 0);
INSERT INTO `discuss_post` VALUES (188, '103', 'Python枚举类', '概念\r\n\r\n枚举类，顾名思义即类的对象只有确定的有限个。比如：\r\n\r\n星期：周一、 ...  、周日\r\n\r\n性别：男、女\r\n\r\n季节：春、夏、秋、冬\r\n\r\n线程状态：NEW、RUNNABLE、BLOCKED、WAITING、TIMEED_WAITING、TERMINATED\r\n\r\n枚举类的实现\r\n\r\n    jdk1.5之前需要自定义枚举类\r\n\r\n    jdk1.5新增的enum关键字用于定义枚举类\r\n\r\n枚举类的属性\r\n\r\n枚举类的属性应不允许被改动，所以应使用private final修饰\r\n\r\n枚举类的使用private final 修饰的属性应在构造方法中进行赋值\r\n\r\n若枚举类显式的定义了带参数的构造方法，则在列出枚举值时也必须传入对应的参数\r\n', 0, 0, '2023-09-01 19:13:36', 0, 0);
INSERT INTO `discuss_post` VALUES (189, '103', 'Python枚举类', '概念\r\n\r\n枚举类，顾名思义即类的对象只有确定的有限个。比如：\r\n\r\n星期：周一、 ...  、周日\r\n\r\n性别：男、女\r\n\r\n季节：春、夏、秋、冬\r\n\r\n线程状态：NEW、RUNNABLE、BLOCKED、WAITING、TIMEED_WAITING、TERMINATED\r\n\r\n枚举类的实现\r\n\r\n    jdk1.5之前需要自定义枚举类\r\n\r\n    jdk1.5新增的enum关键字用于定义枚举类\r\n\r\n枚举类的属性\r\n\r\n枚举类的属性应不允许被改动，所以应使用private final修饰\r\n\r\n枚举类的使用private final 修饰的属性应在构造方法中进行赋值\r\n\r\n若枚举类显式的定义了带参数的构造方法，则在列出枚举值时也必须传入对应的参数\r\n', 0, 0, '2023-09-01 19:13:36', 0, 0);
INSERT INTO `discuss_post` VALUES (190, '103', 'Python枚举类', '概念\r\n\r\n枚举类，顾名思义即类的对象只有确定的有限个。比如：\r\n\r\n星期：周一、 ...  、周日\r\n\r\n性别：男、女\r\n\r\n季节：春、夏、秋、冬\r\n\r\n线程状态：NEW、RUNNABLE、BLOCKED、WAITING、TIMEED_WAITING、TERMINATED\r\n\r\n枚举类的实现\r\n\r\n    jdk1.5之前需要自定义枚举类\r\n\r\n    jdk1.5新增的enum关键字用于定义枚举类\r\n\r\n枚举类的属性\r\n\r\n枚举类的属性应不允许被改动，所以应使用private final修饰\r\n\r\n枚举类的使用private final 修饰的属性应在构造方法中进行赋值\r\n\r\n若枚举类显式的定义了带参数的构造方法，则在列出枚举值时也必须传入对应的参数\r\n', 0, 0, '2023-09-01 19:13:36', 0, 0);
INSERT INTO `discuss_post` VALUES (191, '103', 'Python枚举类', '概念\r\n\r\n枚举类，顾名思义即类的对象只有确定的有限个。比如：\r\n\r\n星期：周一、 ...  、周日\r\n\r\n性别：男、女\r\n\r\n季节：春、夏、秋、冬\r\n\r\n线程状态：NEW、RUNNABLE、BLOCKED、WAITING、TIMEED_WAITING、TERMINATED\r\n\r\n枚举类的实现\r\n\r\n    jdk1.5之前需要自定义枚举类\r\n\r\n    jdk1.5新增的enum关键字用于定义枚举类\r\n\r\n枚举类的属性\r\n\r\n枚举类的属性应不允许被改动，所以应使用private final修饰\r\n\r\n枚举类的使用private final 修饰的属性应在构造方法中进行赋值\r\n\r\n若枚举类显式的定义了带参数的构造方法，则在列出枚举值时也必须传入对应的参数\r\n', 0, 0, '2023-09-01 19:13:36', 0, 0);
INSERT INTO `discuss_post` VALUES (192, '103', 'Python枚举类', '概念\r\n\r\n枚举类，顾名思义即类的对象只有确定的有限个。比如：\r\n\r\n星期：周一、 ...  、周日\r\n\r\n性别：男、女\r\n\r\n季节：春、夏、秋、冬\r\n\r\n线程状态：NEW、RUNNABLE、BLOCKED、WAITING、TIMEED_WAITING、TERMINATED\r\n\r\n枚举类的实现\r\n\r\n    jdk1.5之前需要自定义枚举类\r\n\r\n    jdk1.5新增的enum关键字用于定义枚举类\r\n\r\n枚举类的属性\r\n\r\n枚举类的属性应不允许被改动，所以应使用private final修饰\r\n\r\n枚举类的使用private final 修饰的属性应在构造方法中进行赋值\r\n\r\n若枚举类显式的定义了带参数的构造方法，则在列出枚举值时也必须传入对应的参数\r\n', 0, 0, '2023-09-01 19:13:36', 0, 0);
INSERT INTO `discuss_post` VALUES (193, '103', 'Python枚举类', '概念\r\n\r\n枚举类，顾名思义即类的对象只有确定的有限个。比如：\r\n\r\n星期：周一、 ...  、周日\r\n\r\n性别：男、女\r\n\r\n季节：春、夏、秋、冬\r\n\r\n线程状态：NEW、RUNNABLE、BLOCKED、WAITING、TIMEED_WAITING、TERMINATED\r\n\r\n枚举类的实现\r\n\r\n    jdk1.5之前需要自定义枚举类\r\n\r\n    jdk1.5新增的enum关键字用于定义枚举类\r\n\r\n枚举类的属性\r\n\r\n枚举类的属性应不允许被改动，所以应使用private final修饰\r\n\r\n枚举类的使用private final 修饰的属性应在构造方法中进行赋值\r\n\r\n若枚举类显式的定义了带参数的构造方法，则在列出枚举值时也必须传入对应的参数\r\n', 0, 0, '2023-09-01 19:13:36', 0, 0);
INSERT INTO `discuss_post` VALUES (194, '103', 'Python枚举类', '概念\r\n\r\n枚举类，顾名思义即类的对象只有确定的有限个。比如：\r\n\r\n星期：周一、 ...  、周日\r\n\r\n性别：男、女\r\n\r\n季节：春、夏、秋、冬\r\n\r\n线程状态：NEW、RUNNABLE、BLOCKED、WAITING、TIMEED_WAITING、TERMINATED\r\n\r\n枚举类的实现\r\n\r\n    jdk1.5之前需要自定义枚举类\r\n\r\n    jdk1.5新增的enum关键字用于定义枚举类\r\n\r\n枚举类的属性\r\n\r\n枚举类的属性应不允许被改动，所以应使用private final修饰\r\n\r\n枚举类的使用private final 修饰的属性应在构造方法中进行赋值\r\n\r\n若枚举类显式的定义了带参数的构造方法，则在列出枚举值时也必须传入对应的参数\r\n', 0, 0, '2023-09-01 19:13:36', 0, 0);
INSERT INTO `discuss_post` VALUES (195, '103', 'Python枚举类', '概念\r\n\r\n枚举类，顾名思义即类的对象只有确定的有限个。比如：\r\n\r\n星期：周一、 ...  、周日\r\n\r\n性别：男、女\r\n\r\n季节：春、夏、秋、冬\r\n\r\n线程状态：NEW、RUNNABLE、BLOCKED、WAITING、TIMEED_WAITING、TERMINATED\r\n\r\n枚举类的实现\r\n\r\n    jdk1.5之前需要自定义枚举类\r\n\r\n    jdk1.5新增的enum关键字用于定义枚举类\r\n\r\n枚举类的属性\r\n\r\n枚举类的属性应不允许被改动，所以应使用private final修饰\r\n\r\n枚举类的使用private final 修饰的属性应在构造方法中进行赋值\r\n\r\n若枚举类显式的定义了带参数的构造方法，则在列出枚举值时也必须传入对应的参数\r\n', 0, 0, '2023-09-01 19:13:36', 0, 0);
INSERT INTO `discuss_post` VALUES (196, '103', 'Python枚举类', '概念\r\n\r\n枚举类，顾名思义即类的对象只有确定的有限个。比如：\r\n\r\n星期：周一、 ...  、周日\r\n\r\n性别：男、女\r\n\r\n季节：春、夏、秋、冬\r\n\r\n线程状态：NEW、RUNNABLE、BLOCKED、WAITING、TIMEED_WAITING、TERMINATED\r\n\r\n枚举类的实现\r\n\r\n    jdk1.5之前需要自定义枚举类\r\n\r\n    jdk1.5新增的enum关键字用于定义枚举类\r\n\r\n枚举类的属性\r\n\r\n枚举类的属性应不允许被改动，所以应使用private final修饰\r\n\r\n枚举类的使用private final 修饰的属性应在构造方法中进行赋值\r\n\r\n若枚举类显式的定义了带参数的构造方法，则在列出枚举值时也必须传入对应的参数\r\n', 0, 0, '2023-09-01 19:13:36', 0, 0);
INSERT INTO `discuss_post` VALUES (197, '103', 'Python枚举类', '概念\r\n\r\n枚举类，顾名思义即类的对象只有确定的有限个。比如：\r\n\r\n星期：周一、 ...  、周日\r\n\r\n性别：男、女\r\n\r\n季节：春、夏、秋、冬\r\n\r\n线程状态：NEW、RUNNABLE、BLOCKED、WAITING、TIMEED_WAITING、TERMINATED\r\n\r\n枚举类的实现\r\n\r\n    jdk1.5之前需要自定义枚举类\r\n\r\n    jdk1.5新增的enum关键字用于定义枚举类\r\n\r\n枚举类的属性\r\n\r\n枚举类的属性应不允许被改动，所以应使用private final修饰\r\n\r\n枚举类的使用private final 修饰的属性应在构造方法中进行赋值\r\n\r\n若枚举类显式的定义了带参数的构造方法，则在列出枚举值时也必须传入对应的参数\r\n', 0, 0, '2023-09-01 19:13:36', 0, 0);
INSERT INTO `discuss_post` VALUES (198, '103', 'Python枚举类', '概念\r\n\r\n枚举类，顾名思义即类的对象只有确定的有限个。比如：\r\n\r\n星期：周一、 ...  、周日\r\n\r\n性别：男、女\r\n\r\n季节：春、夏、秋、冬\r\n\r\n线程状态：NEW、RUNNABLE、BLOCKED、WAITING、TIMEED_WAITING、TERMINATED\r\n\r\n枚举类的实现\r\n\r\n    jdk1.5之前需要自定义枚举类\r\n\r\n    jdk1.5新增的enum关键字用于定义枚举类\r\n\r\n枚举类的属性\r\n\r\n枚举类的属性应不允许被改动，所以应使用private final修饰\r\n\r\n枚举类的使用private final 修饰的属性应在构造方法中进行赋值\r\n\r\n若枚举类显式的定义了带参数的构造方法，则在列出枚举值时也必须传入对应的参数\r\n', 0, 0, '2023-09-01 19:13:36', 0, 0);
INSERT INTO `discuss_post` VALUES (199, '103', 'Python枚举类', '概念\r\n\r\n枚举类，顾名思义即类的对象只有确定的有限个。比如：\r\n\r\n星期：周一、 ...  、周日\r\n\r\n性别：男、女\r\n\r\n季节：春、夏、秋、冬\r\n\r\n线程状态：NEW、RUNNABLE、BLOCKED、WAITING、TIMEED_WAITING、TERMINATED\r\n\r\n枚举类的实现\r\n\r\n    jdk1.5之前需要自定义枚举类\r\n\r\n    jdk1.5新增的enum关键字用于定义枚举类\r\n\r\n枚举类的属性\r\n\r\n枚举类的属性应不允许被改动，所以应使用private final修饰\r\n\r\n枚举类的使用private final 修饰的属性应在构造方法中进行赋值\r\n\r\n若枚举类显式的定义了带参数的构造方法，则在列出枚举值时也必须传入对应的参数\r\n', 0, 0, '2023-09-01 19:13:36', 0, 0);
INSERT INTO `discuss_post` VALUES (200, '103', 'Python枚举类', '概念\r\n\r\n枚举类，顾名思义即类的对象只有确定的有限个。比如：\r\n\r\n星期：周一、 ...  、周日\r\n\r\n性别：男、女\r\n\r\n季节：春、夏、秋、冬\r\n\r\n线程状态：NEW、RUNNABLE、BLOCKED、WAITING、TIMEED_WAITING、TERMINATED\r\n\r\n枚举类的实现\r\n\r\n    jdk1.5之前需要自定义枚举类\r\n\r\n    jdk1.5新增的enum关键字用于定义枚举类\r\n\r\n枚举类的属性\r\n\r\n枚举类的属性应不允许被改动，所以应使用private final修饰\r\n\r\n枚举类的使用private final 修饰的属性应在构造方法中进行赋值\r\n\r\n若枚举类显式的定义了带参数的构造方法，则在列出枚举值时也必须传入对应的参数\r\n', 0, 0, '2023-09-01 19:13:36', 0, 0);
INSERT INTO `discuss_post` VALUES (201, '103', 'Python枚举类', '概念\r\n\r\n枚举类，顾名思义即类的对象只有确定的有限个。比如：\r\n\r\n星期：周一、 ...  、周日\r\n\r\n性别：男、女\r\n\r\n季节：春、夏、秋、冬\r\n\r\n线程状态：NEW、RUNNABLE、BLOCKED、WAITING、TIMEED_WAITING、TERMINATED\r\n\r\n枚举类的实现\r\n\r\n    jdk1.5之前需要自定义枚举类\r\n\r\n    jdk1.5新增的enum关键字用于定义枚举类\r\n\r\n枚举类的属性\r\n\r\n枚举类的属性应不允许被改动，所以应使用private final修饰\r\n\r\n枚举类的使用private final 修饰的属性应在构造方法中进行赋值\r\n\r\n若枚举类显式的定义了带参数的构造方法，则在列出枚举值时也必须传入对应的参数\r\n', 0, 0, '2023-09-01 19:13:36', 0, 0);
INSERT INTO `discuss_post` VALUES (202, '103', 'Python枚举类', '概念\r\n\r\n枚举类，顾名思义即类的对象只有确定的有限个。比如：\r\n\r\n星期：周一、 ...  、周日\r\n\r\n性别：男、女\r\n\r\n季节：春、夏、秋、冬\r\n\r\n线程状态：NEW、RUNNABLE、BLOCKED、WAITING、TIMEED_WAITING、TERMINATED\r\n\r\n枚举类的实现\r\n\r\n    jdk1.5之前需要自定义枚举类\r\n\r\n    jdk1.5新增的enum关键字用于定义枚举类\r\n\r\n枚举类的属性\r\n\r\n枚举类的属性应不允许被改动，所以应使用private final修饰\r\n\r\n枚举类的使用private final 修饰的属性应在构造方法中进行赋值\r\n\r\n若枚举类显式的定义了带参数的构造方法，则在列出枚举值时也必须传入对应的参数\r\n', 0, 0, '2023-09-01 19:13:36', 0, 0);
INSERT INTO `discuss_post` VALUES (203, '103', 'Python枚举类', '概念\r\n\r\n枚举类，顾名思义即类的对象只有确定的有限个。比如：\r\n\r\n星期：周一、 ...  、周日\r\n\r\n性别：男、女\r\n\r\n季节：春、夏、秋、冬\r\n\r\n线程状态：NEW、RUNNABLE、BLOCKED、WAITING、TIMEED_WAITING、TERMINATED\r\n\r\n枚举类的实现\r\n\r\n    jdk1.5之前需要自定义枚举类\r\n\r\n    jdk1.5新增的enum关键字用于定义枚举类\r\n\r\n枚举类的属性\r\n\r\n枚举类的属性应不允许被改动，所以应使用private final修饰\r\n\r\n枚举类的使用private final 修饰的属性应在构造方法中进行赋值\r\n\r\n若枚举类显式的定义了带参数的构造方法，则在列出枚举值时也必须传入对应的参数\r\n', 0, 0, '2023-09-01 19:13:36', 0, 0);
INSERT INTO `discuss_post` VALUES (204, '103', 'Python枚举类', '概念\r\n\r\n枚举类，顾名思义即类的对象只有确定的有限个。比如：\r\n\r\n星期：周一、 ...  、周日\r\n\r\n性别：男、女\r\n\r\n季节：春、夏、秋、冬\r\n\r\n线程状态：NEW、RUNNABLE、BLOCKED、WAITING、TIMEED_WAITING、TERMINATED\r\n\r\n枚举类的实现\r\n\r\n    jdk1.5之前需要自定义枚举类\r\n\r\n    jdk1.5新增的enum关键字用于定义枚举类\r\n\r\n枚举类的属性\r\n\r\n枚举类的属性应不允许被改动，所以应使用private final修饰\r\n\r\n枚举类的使用private final 修饰的属性应在构造方法中进行赋值\r\n\r\n若枚举类显式的定义了带参数的构造方法，则在列出枚举值时也必须传入对应的参数\r\n', 0, 0, '2023-09-01 19:13:36', 0, 0);
INSERT INTO `discuss_post` VALUES (205, '103', 'Python枚举类', '概念\r\n\r\n枚举类，顾名思义即类的对象只有确定的有限个。比如：\r\n\r\n星期：周一、 ...  、周日\r\n\r\n性别：男、女\r\n\r\n季节：春、夏、秋、冬\r\n\r\n线程状态：NEW、RUNNABLE、BLOCKED、WAITING、TIMEED_WAITING、TERMINATED\r\n\r\n枚举类的实现\r\n\r\n    jdk1.5之前需要自定义枚举类\r\n\r\n    jdk1.5新增的enum关键字用于定义枚举类\r\n\r\n枚举类的属性\r\n\r\n枚举类的属性应不允许被改动，所以应使用private final修饰\r\n\r\n枚举类的使用private final 修饰的属性应在构造方法中进行赋值\r\n\r\n若枚举类显式的定义了带参数的构造方法，则在列出枚举值时也必须传入对应的参数\r\n', 0, 0, '2023-09-01 19:13:36', 0, 0);
INSERT INTO `discuss_post` VALUES (206, '103', 'Python枚举类', '概念\r\n\r\n枚举类，顾名思义即类的对象只有确定的有限个。比如：\r\n\r\n星期：周一、 ...  、周日\r\n\r\n性别：男、女\r\n\r\n季节：春、夏、秋、冬\r\n\r\n线程状态：NEW、RUNNABLE、BLOCKED、WAITING、TIMEED_WAITING、TERMINATED\r\n\r\n枚举类的实现\r\n\r\n    jdk1.5之前需要自定义枚举类\r\n\r\n    jdk1.5新增的enum关键字用于定义枚举类\r\n\r\n枚举类的属性\r\n\r\n枚举类的属性应不允许被改动，所以应使用private final修饰\r\n\r\n枚举类的使用private final 修饰的属性应在构造方法中进行赋值\r\n\r\n若枚举类显式的定义了带参数的构造方法，则在列出枚举值时也必须传入对应的参数\r\n', 0, 0, '2023-09-01 19:13:36', 0, 0);
INSERT INTO `discuss_post` VALUES (207, '103', 'Python枚举类', '概念\r\n\r\n枚举类，顾名思义即类的对象只有确定的有限个。比如：\r\n\r\n星期：周一、 ...  、周日\r\n\r\n性别：男、女\r\n\r\n季节：春、夏、秋、冬\r\n\r\n线程状态：NEW、RUNNABLE、BLOCKED、WAITING、TIMEED_WAITING、TERMINATED\r\n\r\n枚举类的实现\r\n\r\n    jdk1.5之前需要自定义枚举类\r\n\r\n    jdk1.5新增的enum关键字用于定义枚举类\r\n\r\n枚举类的属性\r\n\r\n枚举类的属性应不允许被改动，所以应使用private final修饰\r\n\r\n枚举类的使用private final 修饰的属性应在构造方法中进行赋值\r\n\r\n若枚举类显式的定义了带参数的构造方法，则在列出枚举值时也必须传入对应的参数\r\n', 0, 0, '2023-09-01 19:13:36', 0, 0);
INSERT INTO `discuss_post` VALUES (208, '103', 'Python枚举类', '概念\r\n\r\n枚举类，顾名思义即类的对象只有确定的有限个。比如：\r\n\r\n星期：周一、 ...  、周日\r\n\r\n性别：男、女\r\n\r\n季节：春、夏、秋、冬\r\n\r\n线程状态：NEW、RUNNABLE、BLOCKED、WAITING、TIMEED_WAITING、TERMINATED\r\n\r\n枚举类的实现\r\n\r\n    jdk1.5之前需要自定义枚举类\r\n\r\n    jdk1.5新增的enum关键字用于定义枚举类\r\n\r\n枚举类的属性\r\n\r\n枚举类的属性应不允许被改动，所以应使用private final修饰\r\n\r\n枚举类的使用private final 修饰的属性应在构造方法中进行赋值\r\n\r\n若枚举类显式的定义了带参数的构造方法，则在列出枚举值时也必须传入对应的参数\r\n', 0, 0, '2023-09-01 19:13:36', 0, 0);
INSERT INTO `discuss_post` VALUES (209, '103', 'Python枚举类', '概念\r\n\r\n枚举类，顾名思义即类的对象只有确定的有限个。比如：\r\n\r\n星期：周一、 ...  、周日\r\n\r\n性别：男、女\r\n\r\n季节：春、夏、秋、冬\r\n\r\n线程状态：NEW、RUNNABLE、BLOCKED、WAITING、TIMEED_WAITING、TERMINATED\r\n\r\n枚举类的实现\r\n\r\n    jdk1.5之前需要自定义枚举类\r\n\r\n    jdk1.5新增的enum关键字用于定义枚举类\r\n\r\n枚举类的属性\r\n\r\n枚举类的属性应不允许被改动，所以应使用private final修饰\r\n\r\n枚举类的使用private final 修饰的属性应在构造方法中进行赋值\r\n\r\n若枚举类显式的定义了带参数的构造方法，则在列出枚举值时也必须传入对应的参数\r\n', 0, 0, '2023-09-01 19:13:36', 0, 0);
INSERT INTO `discuss_post` VALUES (210, '103', 'Python枚举类', '概念\r\n\r\n枚举类，顾名思义即类的对象只有确定的有限个。比如：\r\n\r\n星期：周一、 ...  、周日\r\n\r\n性别：男、女\r\n\r\n季节：春、夏、秋、冬\r\n\r\n线程状态：NEW、RUNNABLE、BLOCKED、WAITING、TIMEED_WAITING、TERMINATED\r\n\r\n枚举类的实现\r\n\r\n    jdk1.5之前需要自定义枚举类\r\n\r\n    jdk1.5新增的enum关键字用于定义枚举类\r\n\r\n枚举类的属性\r\n\r\n枚举类的属性应不允许被改动，所以应使用private final修饰\r\n\r\n枚举类的使用private final 修饰的属性应在构造方法中进行赋值\r\n\r\n若枚举类显式的定义了带参数的构造方法，则在列出枚举值时也必须传入对应的参数\r\n', 0, 0, '2023-09-01 19:13:36', 0, 0);
INSERT INTO `discuss_post` VALUES (211, '103', 'Python枚举类', '今年的就业形势，确实不容乐观。过了个年，仿佛跳水一般，整个讨论区哀鸿遍野！19届真的没人要了吗？！18届被优化真的没有出路了吗？！大家的“哀嚎”与“悲惨遭遇”牵动了每日潜伏于讨论区的牛客小哥哥小姐姐们的心，于是牛客决定：是时候为大家做点什么了！为了帮助大家度过“艰难”，牛客网特别联合60+家企业，开启互联网求职暖春计划，面向18届&19届，拯救0 offer！', 0, 0, '2023-09-01 19:13:36', 0, 0);
INSERT INTO `discuss_post` VALUES (212, '103', 'Python枚举类', '今年的就业形势，确实不容乐观。过了个年，仿佛跳水一般，整个讨论区哀鸿遍野！19届真的没人要了吗？！18届被优化真的没有出路了吗？！大家的“哀嚎”与“悲惨遭遇”牵动了每日潜伏于讨论区的牛客小哥哥小姐姐们的心，于是牛客决定：是时候为大家做点什么了！为了帮助大家度过“艰难”，牛客网特别联合60+家企业，开启互联网求职暖春计划，面向18届&19届，拯救0 offer！', 0, 0, '2023-09-01 19:13:36', 0, 0);
INSERT INTO `discuss_post` VALUES (213, '103', 'Python枚举类', '今年的就业形势，确实不容乐观。过了个年，仿佛跳水一般，整个讨论区哀鸿遍野！19届真的没人要了吗？！18届被优化真的没有出路了吗？！大家的“哀嚎”与“悲惨遭遇”牵动了每日潜伏于讨论区的牛客小哥哥小姐姐们的心，于是牛客决定：是时候为大家做点什么了！为了帮助大家度过“艰难”，牛客网特别联合60+家企业，开启互联网求职暖春计划，面向18届&19届，拯救0 offer！', 0, 0, '2023-09-01 19:13:36', 0, 0);
INSERT INTO `discuss_post` VALUES (214, '103', 'Python枚举类', '今年的就业形势，确实不容乐观。过了个年，仿佛跳水一般，整个讨论区哀鸿遍野！19届真的没人要了吗？！18届被优化真的没有出路了吗？！大家的“哀嚎”与“悲惨遭遇”牵动了每日潜伏于讨论区的牛客小哥哥小姐姐们的心，于是牛客决定：是时候为大家做点什么了！为了帮助大家度过“艰难”，牛客网特别联合60+家企业，开启互联网求职暖春计划，面向18届&19届，拯救0 offer！', 0, 0, '2023-09-01 19:13:36', 0, 0);
INSERT INTO `discuss_post` VALUES (215, '103', 'Python枚举类', '今年的就业形势，确实不容乐观。过了个年，仿佛跳水一般，整个讨论区哀鸿遍野！19届真的没人要了吗？！18届被优化真的没有出路了吗？！大家的“哀嚎”与“悲惨遭遇”牵动了每日潜伏于讨论区的牛客小哥哥小姐姐们的心，于是牛客决定：是时候为大家做点什么了！为了帮助大家度过“艰难”，牛客网特别联合60+家企业，开启互联网求职暖春计划，面向18届&19届，拯救0 offer！', 0, 0, '2023-09-01 19:13:36', 0, 0);
INSERT INTO `discuss_post` VALUES (216, '103', 'Python枚举类', '今年的就业形势，确实不容乐观。过了个年，仿佛跳水一般，整个讨论区哀鸿遍野！19届真的没人要了吗？！18届被优化真的没有出路了吗？！大家的“哀嚎”与“悲惨遭遇”牵动了每日潜伏于讨论区的牛客小哥哥小姐姐们的心，于是牛客决定：是时候为大家做点什么了！为了帮助大家度过“艰难”，牛客网特别联合60+家企业，开启互联网求职暖春计划，面向18届&19届，拯救0 offer！', 0, 0, '2023-09-01 19:13:36', 0, 0);
INSERT INTO `discuss_post` VALUES (217, '103', 'Python枚举类', '今年的就业形势，确实不容乐观。过了个年，仿佛跳水一般，整个讨论区哀鸿遍野！19届真的没人要了吗？！18届被优化真的没有出路了吗？！大家的“哀嚎”与“悲惨遭遇”牵动了每日潜伏于讨论区的牛客小哥哥小姐姐们的心，于是牛客决定：是时候为大家做点什么了！为了帮助大家度过“艰难”，牛客网特别联合60+家企业，开启互联网求职暖春计划，面向18届&19届，拯救0 offer！', 0, 0, '2023-09-01 19:13:36', 0, 0);
INSERT INTO `discuss_post` VALUES (218, '111', 'haha', 'hahahaha', 0, 0, '2023-09-01 19:13:36', 0, 0);
INSERT INTO `discuss_post` VALUES (219, '111', 'hehe', 'hehe', 0, 0, '2023-09-01 19:13:36', 0, 0);
INSERT INTO `discuss_post` VALUES (220, '111', 'heihei', 'heihei', 0, 0, '2023-09-01 19:13:36', 0, 0);
INSERT INTO `discuss_post` VALUES (221, '111', 'ddd', 'ddd', 0, 0, '2023-09-01 19:13:36', 0, 0);
INSERT INTO `discuss_post` VALUES (222, '111', 'www', 'www', 0, 0, '2023-09-01 19:13:36', 0, 0);
INSERT INTO `discuss_post` VALUES (223, '111', 'qqq', 'qqq', 0, 0, '2023-09-01 19:13:36', 0, 0);
INSERT INTO `discuss_post` VALUES (224, '111', 'ggg', 'ggg', 0, 0, '2023-09-01 19:13:36', 0, 0);
INSERT INTO `discuss_post` VALUES (225, '111', 'kkk', 'kkk', 0, 0, '2023-09-01 19:13:36', 0, 0);
INSERT INTO `discuss_post` VALUES (226, '111', '&lt;script&gt;alert(1);&lt;/script&gt;', '&lt;script&gt;alert(1);&lt;/script&gt;', 0, 0, '2023-09-01 19:13:36', 0, 0);
INSERT INTO `discuss_post` VALUES (227, '111', '哈哈', '***, ***, 快来呀!', 0, 2, '2023-09-01 19:13:36', 0, 0);
INSERT INTO `discuss_post` VALUES (228, '111', 'ccc', 'ccc', 0, 0, '2023-09-01 19:13:36', 9, 0);
INSERT INTO `discuss_post` VALUES (229, '112', 'lala', 'lalalalala', 0, 0, '2023-09-01 19:13:36', 1, 1709.0791812460477);
INSERT INTO `discuss_post` VALUES (230, '131', '新人报道', '新人报道,请多关照!', 0, 0, '2023-09-01 19:13:36', 0, 0);
INSERT INTO `discuss_post` VALUES (231, '132', '灌水', '新人灌水', 0, 0, '2023-09-01 19:13:36', 1, 0);
INSERT INTO `discuss_post` VALUES (232, '132', '发一个', '发一个帖子, 哈哈!', 0, 1, '2023-09-01 19:13:36', 7, 1713.167317334748);
INSERT INTO `discuss_post` VALUES (233, '111', 'Hello', 'Hello World', 0, 0, '2023-09-01 19:13:36', 15, 1715.2741578492637);
INSERT INTO `discuss_post` VALUES (234, '111', '玄学帖~~~', '据说玄学贴很灵验，求大佬捞捞我这个菜鸡给个机会！', 0, 0, '2023-09-01 19:13:36', 14, 1718.1335389083702);
INSERT INTO `discuss_post` VALUES (235, '111', '揭秘时尚科技的力量', '它是最时尚的互联网公司之一，\n致力于帮助人们发现流行趋势；\n它是专注于科技的电商企业，\n力图让人们享受更优质的购物体验。', 0, 1, '2023-09-01 19:13:36', 1, 0);
INSERT INTO `discuss_post` VALUES (236, '111', '测试1', '测试1', 0, 0, '2023-09-01 19:13:36', 2, 0);
INSERT INTO `discuss_post` VALUES (237, '111', '测试2', '测试2', 0, 0, '2023-09-01 19:13:36', 7, 1717.9242792860618);
INSERT INTO `discuss_post` VALUES (238, '111', '中国', '中华人民共和国', 0, 0, '2023-09-01 19:13:36', 0, 0);
INSERT INTO `discuss_post` VALUES (239, '111', '美国', '美利坚合众国', 0, 0, '2023-09-01 19:13:36', 0, 0);
INSERT INTO `discuss_post` VALUES (240, '111', '日本', '大日本帝国', 0, 0, '2023-09-01 19:13:36', 0, 0);
INSERT INTO `discuss_post` VALUES (241, '111', '华人', '我爱中华人民共和国', 0, 0, '2023-09-01 19:13:36', 0, 0);
INSERT INTO `discuss_post` VALUES (242, '111', '爱国', '我叫王爱国, 我爱中华人民共和国!', 0, 0, '2023-09-01 19:13:36', 0, 0);
INSERT INTO `discuss_post` VALUES (243, '111', '因特网哈哈', '好啊', 0, 0, '2023-09-01 19:13:36', 0, 0);
INSERT INTO `discuss_post` VALUES (244, '111', '哎呀', '好艰难啊好艰难!', 0, 0, '2023-09-01 19:13:36', 0, 0);
INSERT INTO `discuss_post` VALUES (245, '111', 'Spring Boot整合Elasticsearch', 'Elasticsearch是一款分布式搜索引擎框架', 0, 0, '2023-09-01 19:13:36', 1, 0);
INSERT INTO `discuss_post` VALUES (246, '133', 'Good', 'Good Morning', 0, 0, '2023-09-01 19:13:36', 3, 1723.5314789170423);
INSERT INTO `discuss_post` VALUES (247, '133', 'haha', 'haha', 0, 0, '2023-09-01 19:13:36', 0, 0);
INSERT INTO `discuss_post` VALUES (248, '134', 'lhh', 'aaa', 0, 0, '2023-09-01 19:13:36', 0, 0);
INSERT INTO `discuss_post` VALUES (249, '134', '&lt;script&gt;alert(1);&lt;/script&gt;', '&lt;script&gt;alert(1);&lt;/script&gt;', 0, 0, '2023-09-01 19:13:36', 1, 0);
INSERT INTO `discuss_post` VALUES (265, '103', 'Python枚举类', '今年的就业形势，确实不容乐观。过了个年，仿佛跳水一般，整个讨论区哀鸿遍野！19届真的没人要了吗？！18届被优化真的没有出路了吗？！大家的&ldquo;哀嚎&rdquo;与&ldquo;悲惨遭遇&rdquo;牵动了每日潜伏于讨论区的牛客小哥哥小姐姐们的心，于是牛客决定：是时候为大家做点什么了！为了帮助大家度过&ldquo;寒冬&rdquo;，牛客网特别联合60+家企业，开启互联网求职暖春计划，面向18届&amp;19届，拯救0 offer！', 0, 0, '2023-09-01 19:13:36', 0, 0);
INSERT INTO `discuss_post` VALUES (270, '138', 'xxx', 'xxx', 0, 0, '2023-09-01 19:13:36', 6, 1729.7923916894983);
INSERT INTO `discuss_post` VALUES (271, '138', 'public', 'public static void main', 0, 0, '2023-09-01 19:13:36', 2, 1729.3802112417115);
INSERT INTO `discuss_post` VALUES (272, '111', '黄猫', '天呀', 0, 2, '2023-09-01 19:13:36', 2, 1730.3802112417115);
INSERT INTO `discuss_post` VALUES (273, '145', '黑猫', '哈哈哈哈', 0, 2, '2023-09-01 19:13:36', 2, 1732.3802112417115);
INSERT INTO `discuss_post` VALUES (274, '146', '我要offer', '跪求offer~~~', 0, 1, '2023-09-01 19:13:36', 37, 1750.6522463410033);
INSERT INTO `discuss_post` VALUES (276, '149', '新人报道', '新人报道，请多关照！', 0, 0, '2023-09-01 19:13:36', 6, 1751.806179973984);
INSERT INTO `discuss_post` VALUES (277, '149', '虹猫', 'Spring Cache RedisCacheManager', 0, 0, '2023-09-01 19:13:36', 38, 1752.5797835966168);
INSERT INTO `discuss_post` VALUES (280, '149', '国庆', '事务的4个特性，包括原子性、一致性、隔离性、持久性。', 0, 2, '2023-09-01 19:13:36', 16, 1755.2095150145426);
INSERT INTO `discuss_post` VALUES (281, '152', 'LOL赛事已经落寞了？新老选手交替困难，S13四大赛区全是熟人', '最近关于电竞圈的消息是很多人在关注的，虽然现在没有比赛看，但是话题真不少，主要也是因为太无聊了，所以大家开始关注电竞圈的八卦内容，这段时间也确实有很多新消息，特别是转会的内容。', 0, 0, '2023-09-03 00:47:51', 0, 0);
INSERT INTO `discuss_post` VALUES (282, '152', '&lt;script&gt;1200万人围观！马斯克直播特斯拉自动驾驶，闪现&ldquo;惊险一幕&rdquo;&lt;/script&gt;', '***，***，***\n特斯拉的创始人兼首席执行官埃隆&middot;马斯克是一个不断挑战极限、不断创造奇迹的人。他不仅希望用电动汽车革新交通行业，还想把人类送上火星。\n\n他最近的一次壮举，是在硅谷帕洛阿尔托（Palo Alto）的街道上直播测试特斯拉全自动驾驶测试版V12（下称FSD Beta V12）。\n\n这场长达45分钟的&ldquo;高能&rdquo;直播吸引了近1200万人围观。这次直播之所以能吸引如此广泛的关注，是因为FSD Beta V12系统据称是特斯拉最重要的一次升级。\n\n然而，FSD Beta V12在一个交通繁忙的路口出现了严重的误判，幸亏马斯克及时踩住刹车，避免了一场可能的事故，但这也是整场直播中马斯克唯一一次出手干预。\n\nFSD Beta V12到底是个什么样的系统？为何会出现这样的误判？特斯拉的自动驾驶技术真的可靠吗？  \n\nFSD Beta V12系统：首个端到端AI自动驾驶\n\n马斯克的这次直播之所以能吸引如此广泛的关注，是因为FSD Beta V12据称是有史以来首个端到端AI自动驾驶系统（Full AI End-to-End），是特斯拉最重要的一次升级。\n\n与其他品牌的自动驾驶车辆依靠车身的激光雷达不同，特斯拉该版本的自动驾驶依靠神经网络来识别交通信号灯、行人和其他车辆等障碍物。有网友甚至称，简直就是DriveGPT。\n\n《每日经济新闻》记者注意到，今年早些时候，马斯克承诺称，&ldquo;V12是为FSD成为端到端AI而保留的，从图像到转弯、刹车和加速等方方面面。&rdquo;\n\n从技术上看，特斯拉FSD Beta V12是通过大量的视频训练数据以及1万个英伟达H100 GPU加持来实现端到端AI自动驾驶的，仅有很少一部分使用自己的超算Dojo。FSD Beta V12现在只需输入大量视频，以便识别在不同情况下需要做什么，而不是对每个道路元素或情况进行单独编码，因此省了数十万行代码，令系统更轻便、更灵活。更重要的是，该系统无需互联网连接也能在不熟悉的地形上正常工作。\n\n马斯克介绍称，所有视频训练都是在特斯拉 HW3上完成的，推理计算功率约为100瓦。马斯克认为只需要AI和车辆本身的摄像头就足够实现自动驾驶。\n\n不过，如许多人所指出的那样，依靠AI也让马斯克的自动驾驶系统更加不可预测。\n\n直播闪现&ldquo;惊险一幕&rdquo;\n\n马斯克此次驾驶的是Model S，硬件是基于HW3（Hardware 3）的版本，但软件是新版FSD Beta V12。单手开启Model S后，马斯克举着手机录下了完整行程。整个自动驾驶行程持续了45分钟，直播视频在X平台上吸引了近1200万次观看。', 0, 1, '2023-09-03 00:50:01', 1, 0);
INSERT INTO `discuss_post` VALUES (283, '152', '新人，求学习建议~~~~', '救命~大家学习后端的顺序是什么呀？新人好迷茫。。。', 0, 0, '2023-09-08 10:19:51', 2, 0);
INSERT INTO `discuss_post` VALUES (284, '111', '互联网热夏', '....', 0, 0, '2023-09-08 10:40:23', 1, 0);
INSERT INTO `discuss_post` VALUES (285, '111', '我是新人', '求关照。。。。', 0, 2, '2023-09-11 20:25:07', 0, 0);
INSERT INTO `discuss_post` VALUES (286, '152', 'OSI 七层模型', '    OSI 七层模型 是国际标准化组织提出一个网络分层模型，每一层都专注做一件事情，并且每一层都需要使用下一层提供的功能比如传输层需要使用网络层提供的路由和寻址功能，这样传输层才知道把数据传输到哪里去。OSI 的七层体系结构概念清楚，理论也很完整，但是它比较复杂而且不实用，而且有些功能在多个层中重复出现。\n', 0, 1, '2023-09-14 16:57:09', 2, 0);
INSERT INTO `discuss_post` VALUES (287, '152', 'OSI 和 TCP/IP 网络分层模型详解（基础）', '     OSI 七层模型当时一直被一些大公司甚至一些国家政府支持。这样的背景下，为什么会失败呢？我觉得主要有下面几方面原因：OSI 的专家缺乏实际经验，他们在完成 OSI 标准时缺乏商业驱动力OSI 的协议实现起来过分复杂，而且运行效率很低OSI 制定标准的周期太长，因而使得按 OSI 标准生产的设备无法及时进入市场（20 世纪 90 年代初期，虽然整套的 OSI 国际标准都已经制定出来，但基于 TCP/IP 的互联网已经抢先在全球相当大的范围成功运行了）OSI 的层次划分不太合理，有些功能在多个层次中重复出现。OSI 七层模型虽然失败了，但是却提供了很多不错的理论基础。为了更好地去了解网络分层，OSI 七层模型还是非常有必要学习的。\n', 0, 0, '2023-09-14 17:01:11', 0, 0);
INSERT INTO `discuss_post` VALUES (288, '152', 'OSI七层模型定义', '     OSI定义了网络互连的七层模型（物理层、数据链路层、网络层、传输层、会话层、表示层、应用层），如下图所示：. 图 1 OSI七层模型. 应用层：为应用程序或用户请求提供各种请求服务。. OSI参考模型最高层，也是最靠近用户的一层，为计算机用户、各种应用程序以及网络提供接口，也为用户直接提供各种网络服务。. 表示层：数据编码、格式转换、数据加密。. 提供各种用于应用层数据的编码和转换功能,确保一个系统的应用层发送的数据能被另一个系统的应用层识别。. 如果必要，该层可提供一种标准表示形式，用于将计算机内部的多种数据格式转换成通信中采用的标准表示形式。. 数据压缩和加密也是表示层可提供的转换功能之一。', 0, 1, '2023-09-14 17:15:08', 0, 0);
INSERT INTO `discuss_post` VALUES (289, '152', '一文看懂网络七层协议/OSI七层模型', '物理层：\n解决两个硬件之间怎么通信的问题，常见的物理媒介有光纤、电缆、中继器等。它主要定义物理设备标准，如网线的接口类型、光纤的接口类型、各种传输介质的传输速率等。\n\n它的主要作用是传输比特流（就是由1、0转化为电流强弱来进行传输，到达目的地后在转化为1、0，也就是我们常说的数模转换与模数转换）。这一层的数据叫做比特。\n\n数据链路层：\n在计算机网络中由于各种干扰的存在，物理链路是不可靠的。该层的主要功能就是：通过各种控制协议，将有差错的物理信道变为无差错的、能可靠传输数据帧的数据链路。\n\n它的具体工作是接收来自物理层的位流形式的数据，并封装成帧，传送到上一层；同样，也将来自上层的数据帧，拆装为位流形式的数据转发到物理层。这一层的数据叫做帧。\n\n网络层：\n计算机网络中如果有多台计算机，怎么找到要发的那台？如果中间有多个节点，怎么选择路径？这就是路由要做的事。\n\n该层的主要任务就是：通过路由选择算法，为报文（该层的数据单位，由上一层数据打包而来）通过通信子网选择最适当的路径。这一层定义的是IP地址，通过IP地址寻址，所以产生了IP协议。\n\n传输层：\n当发送大量数据时，很可能会出现丢包的情况，另一台电脑要告诉是否完整接收到全部的包。如果缺了，就告诉丢了哪些包，然后再发一次，直至全部接收为止。\n\n简单来说，传输层的主要功能就是：监控数据传输服务的质量，保证报文的正确传输。\n\n会话层：\n虽然已经可以实现给正确的计算机，发送正确的封装过后的信息了。但我们总不可能每次都要调用传输层协议去打包，然后再调用IP协议去找路由，所以我们要建立一个自动收发包，自动寻址的功能。于是会话层出现了：它的作用就是建立和管理应用程序之间的通信。\n\n表示层：\n表示层负责数据格式的转换，将应用处理的信息转换为适合网络传输的格式，或者将来自下一层的数据转换为上层能处理的格式。\n\n应用层：\n应用层是计算机用户，以及各种应用程序和网络之间的接口，其功能是直接向用户提供服务，完成用户希望在网络上完成的各种工作。前端同学对应用层肯定是最熟悉的。\n\n', 0, 1, '2023-09-14 17:16:03', 2, 0);
INSERT INTO `discuss_post` VALUES (290, '111', '新人水贴~~~', '    大家来踩我呀~', 1, 2, '2023-09-14 21:48:35', 0, 0);
INSERT INTO `discuss_post` VALUES (291, '154', '新人求关注。。。', '求关注6666666', 0, 2, '2023-09-19 12:10:42', 1, 0);
INSERT INTO `discuss_post` VALUES (292, '157', '新人cat111', '666', 0, 2, '2023-11-28 10:58:59', 1, 0);
INSERT INTO `discuss_post` VALUES (294, '21', '我是版主', '点赞', 0, 0, '2023-11-28 11:11:21', 1, 0);
INSERT INTO `discuss_post` VALUES (295, '157', '66', '66', 0, 2, '2023-11-28 11:19:57', 0, 0);
INSERT INTO `discuss_post` VALUES (297, '21', '6666', '6666', 0, 0, '2024-03-06 11:26:45', 0, 0);
INSERT INTO `discuss_post` VALUES (298, '21', '666', '666', 0, 0, '2024-03-06 11:45:03', 0, 0);
INSERT INTO `discuss_post` VALUES (299, '21', '777', '777', 0, 0, '2024-03-06 11:46:10', 1, 0);
INSERT INTO `discuss_post` VALUES (300, '21', '666', '123456', 0, 0, '2024-03-07 10:14:08', 0, 0);
INSERT INTO `discuss_post` VALUES (301, '22', '测试1', '测试1', 0, 0, '2024-03-07 10:16:20', 0, 0);
INSERT INTO `discuss_post` VALUES (302, '22', '测试2', '测试2', 0, 0, '2024-03-07 10:16:48', 0, 0);
INSERT INTO `discuss_post` VALUES (303, '11', '2024年4月学习打卡活动来啦~', '    各位朋友，十分感谢你们加入考公知识交流平台。截至今日，平台已有32000多名用户。其中，绝大多数为意向考公的大学生。而准备公务员考试并不是一件容易的事情，每一天的学习都不能落下。如果把备考期间的学习情况都记录下来，等到成功上岸的那一刻，回过头看看每一天的学习记录，又会是怎样的体验！\n\n为此，我们发起了这次「学习打卡」活动！希望大家能够在平台内分享学习收获，在与好友互动的同时，携手上岸！', 1, 1, '2024-04-23 01:59:13', 5, 0);
INSERT INTO `discuss_post` VALUES (304, '154', '公考报名求助', '请问一下各位省委党校、省政协办会厅、省国资委、市住建、市审计怎么选', 0, 0, '2024-04-23 02:07:05', 2, 0);
INSERT INTO `discuss_post` VALUES (305, '155', '各位局长，我想问下大专老师和公务员怎么选', '都在中部地区省会城市，大专是省直公办，公务员是市直的市监局。\n    我是双非博士应届毕业生，没有工作经历，只做过不少兼职。不喜欢学术科研，不喜欢写论文，喜欢别人安排什么我做什么的工作。\n    因为目前还没有工作，所以对寒暑假的香没有太大概念，就觉得有个稳定的工作就很好了（从大学开始就不停地做兼职，做过的工作有10份不止，折腾够了）。\n    虽然是个博士，但是没有什么能力，不敢教别人也怕教不好，性格也有一些内向。\n    还请各位局长们指点一下，谢谢！', 0, 0, '2024-04-23 02:09:02', 0, 0);
INSERT INTO `discuss_post` VALUES (306, '156', '一道涉及环形跑道追及的数量题求论坛大神们解答！！', '甲和乙同时出发，在长360米的环形道路上沿同一方向各自匀速散步。甲出发2圈后第一次追上乙，又走了4圈半第二次追上乙。则甲出发后走了多少米第一次到达乙的出发点？\nA . 160\nB . 200\nC . 240\nD . 280\n\n\n答案：A\n\n\n但本人有个角度比较奇怪的疑问：甲乙第一次相遇后，甲又走了4圈半第二次追上乙，那么乙走的路程为啥不能是5圈半呢？此时S2甲：S2乙=4.5：5.5 = 9：11\n则第一次相遇S1甲：S1乙也等于9：11\n又因为S1甲 = 360*2=720\n所以S1乙 = 880\n假设两人都是顺时针走\n那么乙顺时针多走160米，到达甲第一次出发点\n同理，甲顺时针走（360-160）米到达乙第一次出发点\n\n\n这样想有啥问题吗？大神们，求指教！！', 0, 0, '2024-04-23 02:10:14', 0, 0);
INSERT INTO `discuss_post` VALUES (307, '21', '原机构教师，今年省考面试85.57分分享经验给大家', '自我介绍，我是以前某公的老师（管理勿删非广告）\n一直教授申论和面试\n今年省考申论74.5分，面试85.57分，不过很可惜，没能翻盘，行测成绩一塌糊涂。\n之前有知道这边，看了一下面试那边的帖子，都是很多年前的帖子，\n在这立个贴，给大家免费答疑，并分享多省联考申论和面试的经验\n无广告，不加私人v ，仅仅是希望能帮助更多的人。\n\n\n先简单说几句  第一个是关于申论\n绝大多数人对申论的印象停留在运气\n其实申论的本质很简单，就是阅读理解\n有点像... 言语理解中的片段阅读，只不过从几十个字扩充为一千字一则的材料。\n首先大家想学好申论，就得从深层次理解申论到底在考察什么\n同时，近些年申论已经开始出现了新的变化\n我估计很多所谓机构名师都不清楚到底变化在哪里\n举个简单的例子，一共大家交流探讨\n前些年的申论（一般指21年之前）无论国考、多省联考 还是辽宁、山东等自主命题省份\n都有一个明显的趋势，就是作文材料（和新材料）和前文关联度极强，\n基本很多同学在学习的时候基本上都是从前面几个材料找例子，找分论点\n但是这些年忽然发现，国考变了，不知道在讲什么\n作文核心材料中的东西和老师讲的、和之前练习的东西不一样 ，\n忽然找不到分论点了  \n其实国考的申论已经从 A-&gt;C (A指的是小题材料） 直接推导出C（核心论点）\n变为了  只给A -&gt; C  而中间的B 需要我们自己梳理其中的关系\n比如 国考 &ldquo;物无妄然，必有其理&rdquo;  核心论点就是万事万物发展都有其规律，\n但是你发现 前面材料 无论是变化还是无人机等等 材料中的内容好像和规律联系不起来，\n甚至很多同学到最后也没明白原来是说的规律，而不是道理，\n所以近些年的申论 就是在深层次的考察学生的阅读理解能力。\n\n同样面试也是，面试现在也进入到了新的阶段\n我看很多小伙伴非常纠结 不知道怎么答面试\n学了面试越学越懵\n我作为一名从业者 只能告诉你很多大机构中的老师其实也就是半吊子\n很多老师自己对基础题目的理解都不透彻，\n甚至很多老师考场都没上过，\n但是跟你讲考场、讲规矩讲的头头是道\n其实面试很简单，\n第一步就是学会说话，能说话、敢说话，你管他在说什么，你先学会说\n第二步就是学会逻辑，把逻辑搞清楚，是顺承、是因果，你得清楚你到底想传达什么\n就像我经常和学生举例子， 我说你认为楼下沙县小吃和黄焖鸡米饭哪个更好？\n学生就跟我分析 ，沙县小吃好在哪 ，对比黄焖鸡优势是什么,,,\n你会发现，让你分析一个你身边具象的内容，你熟悉的内容你就能把你想说的说清楚\n因为你知道你想说什么，但是现在很多学生，根本不知道自己想说啥，一味的去套用，这绝对是不对的\n第三步也就是熟悉热点，就像上面的例子，你想表达出来，你就得把他变成你生活中的实际案例，\n让你看到题目，就能有感触、有感受、能理解，不求你知道的非常全面，但是需要你简单了解\n做到前三步，其实你已经超越很多人了\n第四步就是个性化答题， 当你熟悉了这个东西，能够了解到他的背景，有人物、事件、例子等等在你的脑子里\n你会发现，个性化其实是最简单的，因为他就是你的感受。\n比如说养老问题，现在很多养老机构一席难求，你怎么看？\n   你是不是还在说 养老机构能够有效满足XXX能够填补XXX空缺，能够给老年人提供XXX，是当下银发经济发展的有机补充，但是一席难求暴露出XXXX问题，我认为，原因是....\n    这是什么？这是模板，这是百分之九十的学生说的东西\n    什么是个性化？ 个性化就是基于你对题目的理解，将它数据化、生活化，你就有个性化了\n    比如你有没有想过以后老了去养老院？  或者你有没有去过养老院看看现在养老院的变化？\n    以前的养老院是什么样的？现在是什么样的？  我小时候印象中的养老院就是一个小屋一张床，一张桌子，简单的设施，仅仅是给老人提供了居住的场所，而前些天我参加社区活动，有幸参观了我们社区的一家养老机构，明亮的窗户、完善的设施都让我感到无比震撼，甚至我在老年人食堂吃了一顿饭之后，都有办卡的冲动，其实到这我相信各位考官也能明白，当下的养老机构已经不在是传统意义上的居所，而是适老、敬老的新阵地.，当然我们也要正视...（你可以补充当下老年人的人数达到2.98亿，我国9073养老模式等等 ）然后再去论证为什么出现一席难求，你怎么看到这个事情，本质上应该如何解决等等\n   所以，面试怎么学？ 很简单，多说、多看、多听、多总结。  今天太晚了 ，我会时刻关注贴子，大家有问题随时问我，我会尽量及时解答，我是满洲，希望能够帮到每一位怀揣梦想的少年~', 0, 1, '2024-04-23 02:12:02', 1, 0);
INSERT INTO `discuss_post` VALUES (308, '155', '题外话', '沉迷***，家破人亡；沾染***，终生后悔。', 0, 0, '2024-04-23 02:36:50', 1, 0);
INSERT INTO `discuss_post` VALUES (309, '11', '测试1', '测试1', 0, 2, '2024-05-15 21:59:52', 0, 0);
INSERT INTO `discuss_post` VALUES (310, '11', '测试1', '测试1', 0, 2, '2024-05-15 22:01:07', 0, 0);
INSERT INTO `discuss_post` VALUES (311, '11', '测试1', '测试1', 0, 2, '2024-05-15 22:17:46', 0, 0);
INSERT INTO `discuss_post` VALUES (312, '11', 'cat02', '111', 0, 2, '2024-05-20 20:21:50', 1, 0);
INSERT INTO `discuss_post` VALUES (313, '160', '222', '222', 0, 2, '2024-05-20 20:31:36', 2, 0);
INSERT INTO `discuss_post` VALUES (314, '160', 'qqq', 'qqq', 0, 2, '2024-05-21 23:29:34', 1, 0);
INSERT INTO `discuss_post` VALUES (315, '11', '请教大家一道言语题', '世界上一些棉花种植区域的虫害导致全球棉花价格大幅上涨，相比之下，大豆的价格长期保持稳定，由于棉花成熟快，甲国许多大豆种植者计划停止大豆种植而改种棉花。所以，至少在未来几年内，棉花价格的高涨将大幅提高棉花种植者的收入。以下哪项如果为真，最能削弱上述论证?\n\nA过去几年大豆种植成本显著增加预计将继续攀升\nB很少有消费者愿意为棉织品支付比现在更高的价格\nC甲国新研发的杀虫剂价格低廉，还能有效杀死棉花害虫\nD未来几年，甲国的棉花和棉花制品需求量不会急剧增加', 0, 0, '2024-05-21 23:47:39', 2, 0);
INSERT INTO `discuss_post` VALUES (316, '160', 'qqq', 'qqq', 0, 2, '2024-05-21 23:51:23', 0, 0);
INSERT INTO `discuss_post` VALUES (317, '160', 'qqq', 'qqq', 0, 0, '2024-05-21 23:57:43', 0, 0);

-- ----------------------------
-- Table structure for login_ticket
-- ----------------------------
DROP TABLE IF EXISTS `login_ticket`;
CREATE TABLE `login_ticket`  (
  `id` int NOT NULL AUTO_INCREMENT,
  `user_id` int NOT NULL,
  `ticket` varchar(45) CHARACTER SET utf8 COLLATE utf8_general_ci NOT NULL,
  `status` int NULL DEFAULT 0 COMMENT '0-有效; 1-无效;',
  `expired` timestamp NOT NULL,
  PRIMARY KEY (`id`) USING BTREE,
  INDEX `index_ticket`(`ticket`(20)) USING BTREE
) ENGINE = InnoDB AUTO_INCREMENT = 102 CHARACTER SET = utf8 COLLATE = utf8_general_ci ROW_FORMAT = Dynamic;

-- ----------------------------
-- Records of login_ticket
-- ----------------------------
INSERT INTO `login_ticket` VALUES (5, 152, '5967cb6e328541ab946fae96f9abaea3', 1, '2023-10-02 14:19:42');
INSERT INTO `login_ticket` VALUES (6, 152, '2ba6b015d5bd4a60801089a4e66acb2c', 1, '2023-10-02 14:20:22');
INSERT INTO `login_ticket` VALUES (7, 152, 'a4b7ff9b5b6c47d09a0b33bcbf054099', 1, '2023-10-02 20:52:23');
INSERT INTO `login_ticket` VALUES (8, 152, 'e4c0907d1cb2461e8b0412b352936218', 1, '2023-10-02 20:55:11');
INSERT INTO `login_ticket` VALUES (9, 152, 'f482b396c4d448c6a9ec4aa0c5d2d045', 0, '2023-09-03 12:47:02');
INSERT INTO `login_ticket` VALUES (10, 152, '2eec3c149d3c4310af16148e75af9472', 1, '2023-09-04 03:26:16');
INSERT INTO `login_ticket` VALUES (11, 111, '42f17b9522ba494e8a929c87e43f9d31', 1, '2023-10-03 22:09:31');
INSERT INTO `login_ticket` VALUES (12, 152, 'fc416aea82f1456ba2ae2b73ec0cc083', 1, '2023-10-03 22:40:56');
INSERT INTO `login_ticket` VALUES (13, 111, '00c2a9a605654bbb956f9b35f0f02797', 0, '2023-09-04 10:42:07');
INSERT INTO `login_ticket` VALUES (14, 152, 'b999ce09625240aab9c159478757cdda', 0, '2023-10-05 11:26:02');
INSERT INTO `login_ticket` VALUES (15, 152, '3c21c10238714a5ba1c468b0e6ae41b0', 0, '2023-09-07 11:18:26');
INSERT INTO `login_ticket` VALUES (16, 152, '39a7c73f080d409589305f415fc6322b', 1, '2023-10-07 22:37:00');
INSERT INTO `login_ticket` VALUES (17, 111, '2496205ae4d444afaf0efe6cf6672ebc', 1, '2023-10-08 01:35:45');
INSERT INTO `login_ticket` VALUES (18, 152, '1b0323a64776482b862f06daed8bbc3f', 1, '2023-10-08 10:17:05');
INSERT INTO `login_ticket` VALUES (19, 111, '695633bc0fab47d794ec22a8e99e0b65', 0, '2023-09-08 22:20:55');
INSERT INTO `login_ticket` VALUES (20, 152, '067c4ae93bb54c54831e452bebea547c', 1, '2023-10-09 14:51:33');
INSERT INTO `login_ticket` VALUES (21, 12, '27b17ab27dcc439d859c233d6c499c4c', 1, '2023-10-09 14:53:48');
INSERT INTO `login_ticket` VALUES (22, 21, '826c755322094ff28f267be02da1a061', 1, '2023-10-09 14:55:26');
INSERT INTO `login_ticket` VALUES (23, 152, '1ad1c4383d5c4da0a86b2c713ee89273', 1, '2023-09-10 03:00:07');
INSERT INTO `login_ticket` VALUES (24, 12, '1d6048462ad0425d9053274f497b6bd6', 1, '2023-09-10 04:35:49');
INSERT INTO `login_ticket` VALUES (25, 152, '7a4ba4eb680e4aadb3ca84d10e5c1c76', 1, '2023-09-10 04:43:03');
INSERT INTO `login_ticket` VALUES (26, 11, '853b7feafaad4575a4b5977cafa52059', 1, '2023-09-10 04:47:34');
INSERT INTO `login_ticket` VALUES (27, 21, '2bf4f675dfed43b1a866a6c79f07bbde', 0, '2023-09-10 04:48:05');
INSERT INTO `login_ticket` VALUES (28, 152, 'da039484fc5c46cd8154e6dd7e06b9da', 1, '2023-09-11 08:49:29');
INSERT INTO `login_ticket` VALUES (29, 152, '5dcc44787be84a0ebf3668691eaebda8', 1, '2023-09-11 08:55:03');
INSERT INTO `login_ticket` VALUES (30, 152, '0cb18d3823bb4ec8981c8ed302500745', 1, '2023-09-11 10:38:15');
INSERT INTO `login_ticket` VALUES (31, 111, 'c2f75265b7d649aaaaab30a3cd175575', 1, '2023-09-11 11:01:06');
INSERT INTO `login_ticket` VALUES (32, 11, '67b7fe15d2db4a949c010760f4c4059e', 1, '2023-10-10 23:02:11');
INSERT INTO `login_ticket` VALUES (33, 152, 'e52a60a38f33417e80f9795270c2a0a6', 0, '2023-09-11 11:03:08');
INSERT INTO `login_ticket` VALUES (34, 111, '2872112e1dff41949e69de6c38d0815f', 1, '2023-09-12 08:24:37');
INSERT INTO `login_ticket` VALUES (35, 11, '7f8da619e09044058d00389df902e73a', 1, '2023-09-12 10:21:39');
INSERT INTO `login_ticket` VALUES (36, 21, '6a3f9fc0a4c74a6cba8f54a33efed8a6', 1, '2023-09-12 10:33:24');
INSERT INTO `login_ticket` VALUES (37, 152, 'f4779fc2d1cc41388d447a4c8837c054', 0, '2023-09-12 10:50:13');
INSERT INTO `login_ticket` VALUES (38, 152, 'a43e33117db34896b6028160ed5b3421', 1, '2023-09-15 04:03:06');
INSERT INTO `login_ticket` VALUES (39, 152, '9db58248324142d48f7c7fdef920b3fb', 1, '2023-09-15 04:11:01');
INSERT INTO `login_ticket` VALUES (40, 111, 'cc18dcd5dda84743906781f57664f9ba', 1, '2023-09-15 05:25:19');
INSERT INTO `login_ticket` VALUES (41, 152, '6910366a0b2849aab493e799ba6e8d3b', 1, '2023-09-15 09:30:32');
INSERT INTO `login_ticket` VALUES (42, 111, 'cbd697b6630a467988843f288556f3cf', 1, '2023-09-15 09:47:57');
INSERT INTO `login_ticket` VALUES (43, 21, 'caf165c13c694d129bbebcad9f9b6ec7', 1, '2023-09-15 09:59:12');
INSERT INTO `login_ticket` VALUES (44, 11, 'e9e56207abdf443e8fc22b38c4f08427', 1, '2023-09-15 10:00:28');
INSERT INTO `login_ticket` VALUES (45, 21, '467282bf32eb4cada53ff891ec3d3e32', 1, '2023-09-15 10:01:47');
INSERT INTO `login_ticket` VALUES (46, 11, 'a93ac25a94db4b96bae402529e162b09', 0, '2023-09-15 10:04:15');
INSERT INTO `login_ticket` VALUES (47, 154, '4ae3b8acc4874975a7cdc432479da63e', 1, '2023-09-20 00:08:11');
INSERT INTO `login_ticket` VALUES (48, 11, 'a241a87c50ea4eb2bcbff2fb554f0c25', 1, '2023-09-20 00:12:38');
INSERT INTO `login_ticket` VALUES (49, 21, '8302bfc6b3bf45e2a577350454c3cd1f', 0, '2023-09-20 00:15:52');
INSERT INTO `login_ticket` VALUES (50, 155, 'eeac802cab474163878f78a34c77e8f4', 1, '2023-09-21 04:58:14');
INSERT INTO `login_ticket` VALUES (51, 155, '570bd9cb2324403cbc45c429f3e0c992', 1, '2023-09-21 05:00:16');
INSERT INTO `login_ticket` VALUES (52, 21, '4fbb53d6ac0241a8947f596cebed595a', 1, '2023-09-21 05:00:37');
INSERT INTO `login_ticket` VALUES (53, 154, '5983a54ba1484c3dbb0650d9ab9f5b0e', 1, '2023-09-21 05:09:44');
INSERT INTO `login_ticket` VALUES (54, 21, 'cf1bbf87a8d144f9937fc377404c6064', 0, '2023-09-21 05:10:09');
INSERT INTO `login_ticket` VALUES (55, 157, '132b98120b084710bf5e74ba2fa49460', 1, '2023-12-28 10:58:22');
INSERT INTO `login_ticket` VALUES (56, 11, '390a1bc0ca714955aea36fbe3151dc21', 1, '2023-12-28 11:02:03');
INSERT INTO `login_ticket` VALUES (57, 21, '91fa3340be64443c9d849a30fd519900', 1, '2023-11-28 23:05:58');
INSERT INTO `login_ticket` VALUES (58, 157, '79012d50bac54ff69769f2da781ba7a0', 1, '2023-11-28 23:07:27');
INSERT INTO `login_ticket` VALUES (59, 21, 'bdbb6d211ad442599ec22c47913f86bf', 1, '2023-11-28 23:09:36');
INSERT INTO `login_ticket` VALUES (60, 157, 'f4050047a92c4d458e133a087dd1175c', 1, '2023-11-28 23:19:44');
INSERT INTO `login_ticket` VALUES (61, 11, 'ec7a723ed19d4860842973230c852c56', 1, '2023-11-28 23:21:35');
INSERT INTO `login_ticket` VALUES (62, 21, '14b69f1b25224a5886a90ff43020c76d', 0, '2023-11-28 23:22:14');
INSERT INTO `login_ticket` VALUES (63, 21, '85cc16c7b9ee4a62999a3676b1f7f9a6', 1, '2024-04-03 11:24:30');
INSERT INTO `login_ticket` VALUES (64, 21, 'c0bfc94250f54c58bf060f3d265ec163', 0, '2024-03-04 23:27:39');
INSERT INTO `login_ticket` VALUES (65, 21, 'e161c3f2b9394cab84b6065541ec6a1d', 1, '2024-04-04 12:12:35');
INSERT INTO `login_ticket` VALUES (66, 22, 'cf7a5091ea6b42f18819fbd99a7b69d1', 0, '2024-03-07 22:15:36');
INSERT INTO `login_ticket` VALUES (67, 11, '0bffedcb92d2462d934f1038da52ccde', 1, '2024-04-19 12:05:14');
INSERT INTO `login_ticket` VALUES (68, 11, '0422bcc8643b4ca48bd819e444355d2b', 0, '2024-04-20 15:59:37');
INSERT INTO `login_ticket` VALUES (69, 11, '31931dd554bb4ab3952671a539087ae7', 1, '2024-04-23 13:03:36');
INSERT INTO `login_ticket` VALUES (70, 11, '067352ba58594d04a5f2a9a9a5f9c4a6', 1, '2024-04-23 13:54:27');
INSERT INTO `login_ticket` VALUES (71, 154, '3c960dbcb26348188ab8034189095db0', 1, '2024-04-23 14:06:45');
INSERT INTO `login_ticket` VALUES (72, 155, '52a8f4145a7144758df739ccd36447f8', 1, '2024-04-23 14:07:27');
INSERT INTO `login_ticket` VALUES (73, 156, '02da8bd9c0d845c8bb656f26450fe87a', 1, '2024-04-23 14:09:45');
INSERT INTO `login_ticket` VALUES (74, 21, '57e065a462844bf5ac5cd4f35fc4b58d', 1, '2024-04-23 14:11:13');
INSERT INTO `login_ticket` VALUES (75, 11, '813232f14fcf4fee8e9a75caad272d4a', 1, '2024-04-23 14:15:24');
INSERT INTO `login_ticket` VALUES (76, 154, 'd5d83f867160401baf5ffb8d707a03e0', 1, '2024-04-23 14:19:51');
INSERT INTO `login_ticket` VALUES (77, 155, '675cdb42e84243c5a63e55fda2f5038c', 1, '2024-04-23 14:21:15');
INSERT INTO `login_ticket` VALUES (78, 156, 'f9e69f8f208e48fb935aee8e1abc0b75', 1, '2024-04-23 14:21:36');
INSERT INTO `login_ticket` VALUES (79, 154, 'e69f5184854341c4bc31d2dba91621dd', 1, '2024-04-23 14:21:53');
INSERT INTO `login_ticket` VALUES (80, 155, 'd392a4c35a7c4b51b60e9106a8eaef2d', 1, '2024-04-23 14:29:37');
INSERT INTO `login_ticket` VALUES (81, 156, '0f6678334fcc45ffa0aae4c4d35a4c49', 1, '2024-04-23 14:30:20');
INSERT INTO `login_ticket` VALUES (82, 154, 'a2b8f1c597484097818e3b0c935edf08', 1, '2024-04-23 14:30:59');
INSERT INTO `login_ticket` VALUES (83, 155, 'eb7a1520b0704296bdfc7985c5be7a3c', 1, '2024-04-23 14:32:29');
INSERT INTO `login_ticket` VALUES (84, 11, '5f99eb439ffc4aa6a564a03371879ee4', 1, '2024-04-23 14:38:51');
INSERT INTO `login_ticket` VALUES (85, 154, '7e87e65c6d9b4a40bc68e66d32c06f6a', 1, '2024-04-23 14:39:48');
INSERT INTO `login_ticket` VALUES (86, 11, 'd5259b07743b4139ba6e7628450eaa5b', 0, '2024-04-23 15:05:52');
INSERT INTO `login_ticket` VALUES (87, 11, 'be8b690359db40fab876dd097fcca6c2', 0, '2024-05-03 12:21:44');
INSERT INTO `login_ticket` VALUES (88, 11, 'd9f71b46db4e4c6f824bb80cdd9a2711', 0, '2024-05-08 02:30:42');
INSERT INTO `login_ticket` VALUES (89, 11, 'ac8a12a241e94c1186ce865f1914cf96', 0, '2024-05-09 01:17:14');
INSERT INTO `login_ticket` VALUES (90, 11, 'd1ca2a3e88984cee99164095214ca1ee', 0, '2024-05-10 09:08:39');
INSERT INTO `login_ticket` VALUES (91, 11, '8495d515b5da4975b7f9c115195931f5', 0, '2024-05-11 08:52:44');
INSERT INTO `login_ticket` VALUES (92, 11, '727a3d148e09436e840a473495e6be63', 0, '2024-05-12 02:38:31');
INSERT INTO `login_ticket` VALUES (93, 11, 'c3f9cf04be1b44d4aa082559b3b6926e', 0, '2024-05-14 23:58:11');
INSERT INTO `login_ticket` VALUES (94, 11, 'e380116db67d4dfeb430994ec972d3e4', 0, '2024-05-16 01:41:11');
INSERT INTO `login_ticket` VALUES (95, 11, 'b14bc9bd8f164f2295e80f1dad8f160d', 0, '2024-05-21 08:10:11');
INSERT INTO `login_ticket` VALUES (96, 160, '3bc7b11bb1e049429a945fe5cc0fc493', 0, '2024-05-21 08:30:06');
INSERT INTO `login_ticket` VALUES (97, 160, 'f10ce8b521ff4adab116fcae6e9cf36c', 1, '2024-05-22 11:29:09');
INSERT INTO `login_ticket` VALUES (98, 11, 'e7b54c67755a46f0bba63f1e87848adb', 1, '2024-05-22 11:30:23');
INSERT INTO `login_ticket` VALUES (99, 11, '9861bbac27c24feaaf3b1b7c1a380aca', 0, '2024-05-22 11:36:28');
INSERT INTO `login_ticket` VALUES (100, 160, '0fe473cb30464289a94559d21315191e', 1, '2024-05-22 11:36:40');
INSERT INTO `login_ticket` VALUES (101, 155, '5ad14cee39fd45569dd7ec90feb213e0', 1, '2024-05-22 11:48:19');
INSERT INTO `login_ticket` VALUES (102, 160, '1260f1117aba4175856b767c7e8897ed', 0, '2024-05-22 11:48:58');

-- ----------------------------
-- Table structure for message
-- ----------------------------
DROP TABLE IF EXISTS `message`;
CREATE TABLE `message`  (
  `id` int NOT NULL AUTO_INCREMENT,
  `from_id` int NULL DEFAULT NULL,
  `to_id` int NULL DEFAULT NULL,
  `conversation_id` varchar(45) CHARACTER SET utf8 COLLATE utf8_general_ci NOT NULL,
  `content` text CHARACTER SET utf8 COLLATE utf8_general_ci NULL,
  `status` int NULL DEFAULT NULL COMMENT '0-未读;1-已读;2-删除;',
  `create_time` timestamp NULL DEFAULT NULL,
  PRIMARY KEY (`id`) USING BTREE,
  INDEX `index_from_id`(`from_id`) USING BTREE,
  INDEX `index_to_id`(`to_id`) USING BTREE,
  INDEX `index_conversation_id`(`conversation_id`) USING BTREE
) ENGINE = InnoDB AUTO_INCREMENT = 496 CHARACTER SET = utf8 COLLATE = utf8_general_ci ROW_FORMAT = Dynamic;

-- ----------------------------
-- Records of message
-- ----------------------------
INSERT INTO `message` VALUES (1, 112, 111, '111_112', '你好', 1, '2019-04-05 22:49:15');
INSERT INTO `message` VALUES (2, 112, 111, '111_112', '在吗', 1, '2019-04-06 21:34:29');
INSERT INTO `message` VALUES (3, 112, 111, '111_112', '说话', 1, '2019-04-06 21:34:29');
INSERT INTO `message` VALUES (4, 112, 111, '111_112', '人呢', 1, '2019-04-06 21:34:29');
INSERT INTO `message` VALUES (5, 113, 111, '111_113', 'Hello', 1, '2019-04-06 21:35:02');
INSERT INTO `message` VALUES (6, 113, 111, '111_113', 'How are you?', 1, '2019-04-06 21:35:02');
INSERT INTO `message` VALUES (7, 113, 111, '111_113', 'Are you ok?', 1, '2019-04-06 21:35:02');
INSERT INTO `message` VALUES (8, 114, 111, '111_114', '哈哈', 1, '2019-04-06 21:35:24');
INSERT INTO `message` VALUES (9, 114, 111, '111_114', '呵呵', 1, '2019-04-06 21:35:24');
INSERT INTO `message` VALUES (10, 114, 111, '111_114', '嘿嘿', 1, '2019-04-06 21:35:24');
INSERT INTO `message` VALUES (11, 115, 111, '111_115', 'good', 1, '2019-04-06 21:36:26');
INSERT INTO `message` VALUES (12, 115, 111, '111_115', 'yes', 1, '2019-04-06 21:36:26');
INSERT INTO `message` VALUES (13, 115, 111, '111_115', 'perfect', 1, '2019-04-06 21:36:26');
INSERT INTO `message` VALUES (14, 115, 111, '111_115', 'ah', 1, '2019-04-06 21:36:26');
INSERT INTO `message` VALUES (15, 116, 111, '111_116', '哎呀', 1, '2019-04-06 21:36:54');
INSERT INTO `message` VALUES (16, 116, 111, '111_116', '我发错了', 1, '2019-04-06 21:36:54');
INSERT INTO `message` VALUES (17, 117, 111, '111_117', '喂', 1, '2019-04-06 21:37:17');
INSERT INTO `message` VALUES (18, 118, 111, '111_118', 'HI', 1, '2019-04-06 21:59:16');
INSERT INTO `message` VALUES (19, 118, 111, '111_118', 'Hello', 1, '2019-04-06 21:59:16');
INSERT INTO `message` VALUES (20, 119, 111, '111_119', 'AAA', 1, '2019-04-06 22:00:16');
INSERT INTO `message` VALUES (21, 119, 111, '111_119', 'BBB', 1, '2019-04-06 22:00:16');
INSERT INTO `message` VALUES (22, 119, 111, '111_119', 'CCC', 1, '2019-04-06 22:00:16');
INSERT INTO `message` VALUES (23, 112, 111, '111_112', '哥们', 1, '2019-04-06 22:04:05');
INSERT INTO `message` VALUES (24, 112, 111, '111_112', '出来', 2, '2019-04-06 22:04:05');
INSERT INTO `message` VALUES (25, 112, 111, '111_112', '商量点事', 1, '2019-04-06 22:04:05');
INSERT INTO `message` VALUES (26, 111, 112, '111_112', '干啥', 2, '2019-04-06 23:22:07');
INSERT INTO `message` VALUES (27, 111, 112, '111_112', '忙呢', 2, '2019-04-06 23:22:07');
INSERT INTO `message` VALUES (28, 111, 112, '111_112', '来呀', 1, '2019-04-06 23:29:56');
INSERT INTO `message` VALUES (29, 131, 111, '111_131', '你好', 1, '2019-04-08 12:24:10');
INSERT INTO `message` VALUES (30, 131, 111, '111_131', 'haha', 1, '2019-04-08 12:43:22');
INSERT INTO `message` VALUES (31, 111, 131, '111_131', 'hehe', 1, '2019-04-08 12:50:56');
INSERT INTO `message` VALUES (32, 131, 111, '111_131', 'yeah', 1, '2019-04-08 12:57:16');
INSERT INTO `message` VALUES (33, 131, 111, '111_131', 'aaa', 1, '2019-04-08 12:58:03');
INSERT INTO `message` VALUES (34, 111, 131, '111_131', 'ttt', 1, '2019-04-08 12:58:16');
INSERT INTO `message` VALUES (35, 132, 111, '111_132', '为啥不让我灌水', 1, '2019-04-08 14:08:55');
INSERT INTO `message` VALUES (36, 111, 132, '111_132', '就是不让灌水', 1, '2019-04-08 14:22:55');
INSERT INTO `message` VALUES (37, 111, 132, '111_132', '以后注意啊', 2, '2019-04-08 14:29:01');
INSERT INTO `message` VALUES (38, 111, 131, '111_131', '啦啦啦', 2, '2019-04-13 10:20:50');
INSERT INTO `message` VALUES (39, 111, 131, '111_131', '嘎嘎嘎', 0, '2019-04-13 10:21:03');
INSERT INTO `message` VALUES (92, 1, 111, 'like', '{\"entityType\":1,\"entityId\":237,\"postId\":237,\"userId\":112}', 1, '2019-04-13 22:20:58');
INSERT INTO `message` VALUES (93, 1, 111, 'comment', '{\"entityType\":1,\"entityId\":237,\"postId\":237,\"userId\":112}', 1, '2019-04-13 22:21:04');
INSERT INTO `message` VALUES (94, 1, 111, 'follow', '{\"entityType\":3,\"entityId\":111,\"userId\":112}', 1, '2019-04-13 22:21:08');
INSERT INTO `message` VALUES (95, 1, 111, 'like', '{\"entityType\":1,\"entityId\":237,\"postId\":237,\"userId\":113}', 1, '2019-04-13 22:22:58');
INSERT INTO `message` VALUES (96, 1, 111, 'comment', '{\"entityType\":1,\"entityId\":237,\"postId\":237,\"userId\":113}', 1, '2019-04-13 22:23:01');
INSERT INTO `message` VALUES (97, 1, 111, 'follow', '{\"entityType\":3,\"entityId\":111,\"userId\":113}', 1, '2019-04-13 22:23:04');
INSERT INTO `message` VALUES (98, 1, 111, 'like', '{\"entityType\":1,\"entityId\":237,\"postId\":237,\"userId\":114}', 1, '2019-04-13 22:23:26');
INSERT INTO `message` VALUES (99, 1, 111, 'comment', '{\"entityType\":1,\"entityId\":237,\"postId\":237,\"userId\":114}', 1, '2019-04-13 22:23:34');
INSERT INTO `message` VALUES (100, 1, 111, 'follow', '{\"entityType\":3,\"entityId\":111,\"userId\":114}', 1, '2019-04-13 22:23:37');
INSERT INTO `message` VALUES (101, 1, 111, 'like', '{\"entityType\":1,\"entityId\":237,\"postId\":237,\"userId\":115}', 1, '2019-04-13 22:23:57');
INSERT INTO `message` VALUES (102, 1, 111, 'comment', '{\"entityType\":1,\"entityId\":237,\"postId\":237,\"userId\":115}', 1, '2019-04-13 22:24:00');
INSERT INTO `message` VALUES (103, 1, 111, 'follow', '{\"entityType\":3,\"entityId\":111,\"userId\":115}', 2, '2019-04-13 22:24:02');
INSERT INTO `message` VALUES (104, 1, 111, 'like', '{\"entityType\":1,\"entityId\":237,\"postId\":237,\"userId\":116}', 1, '2019-04-13 22:24:24');
INSERT INTO `message` VALUES (105, 1, 111, 'comment', '{\"entityType\":1,\"entityId\":237,\"postId\":237,\"userId\":116}', 1, '2019-04-13 22:24:28');
INSERT INTO `message` VALUES (106, 1, 111, 'follow', '{\"entityType\":3,\"entityId\":111,\"userId\":116}', 1, '2019-04-13 22:24:30');
INSERT INTO `message` VALUES (107, 1, 111, 'like', '{\"entityType\":1,\"entityId\":237,\"postId\":237,\"userId\":117}', 1, '2019-04-13 22:24:52');
INSERT INTO `message` VALUES (108, 1, 111, 'comment', '{\"entityType\":1,\"entityId\":237,\"postId\":237,\"userId\":117}', 1, '2019-04-13 22:24:56');
INSERT INTO `message` VALUES (109, 1, 111, 'follow', '{\"entityType\":3,\"entityId\":111,\"userId\":117}', 1, '2019-04-13 22:24:59');
INSERT INTO `message` VALUES (110, 1, 111, 'like', '{\"entityType\":1,\"entityId\":237,\"postId\":237,\"userId\":118}', 1, '2019-04-13 22:25:15');
INSERT INTO `message` VALUES (111, 1, 111, 'comment', '{\"entityType\":1,\"entityId\":237,\"postId\":237,\"userId\":118}', 1, '2019-04-13 22:25:33');
INSERT INTO `message` VALUES (112, 1, 111, 'follow', '{\"entityType\":3,\"entityId\":111,\"userId\":118}', 1, '2019-04-13 22:25:43');
INSERT INTO `message` VALUES (113, 1, 1, 'follow', '{\"entityType\":3,\"entityId\":1,\"userId\":133}', 0, '2019-04-19 11:09:32');
INSERT INTO `message` VALUES (114, 1, 111, 'comment', '{\"entityType\":1,\"entityId\":245,\"postId\":245,\"userId\":133}', 1, '2019-04-19 11:09:41');
INSERT INTO `message` VALUES (115, 1, 133, 'comment', '{\"entityType\":2,\"entityId\":55,\"postId\":245,\"userId\":133}', 1, '2019-04-19 11:09:46');
INSERT INTO `message` VALUES (116, 1, 133, 'comment', '{\"entityType\":2,\"entityId\":55,\"postId\":245,\"userId\":133}', 1, '2019-04-19 11:09:53');
INSERT INTO `message` VALUES (117, 1, 133, 'like', '{\"entityType\":1,\"entityId\":246,\"postId\":246,\"userId\":133}', 1, '2019-04-19 11:37:28');
INSERT INTO `message` VALUES (118, 1, 133, 'comment', '{\"entityType\":1,\"entityId\":246,\"postId\":246,\"userId\":133}', 1, '2019-04-19 11:37:34');
INSERT INTO `message` VALUES (119, 111, 131, '111_131', 'aaa', 0, '2019-04-19 17:21:24');
INSERT INTO `message` VALUES (120, 1, 133, 'like', '{\"entityType\":1,\"entityId\":246,\"postId\":246,\"userId\":111}', 0, '2019-04-19 17:21:45');
INSERT INTO `message` VALUES (121, 1, 133, 'comment', '{\"entityType\":1,\"entityId\":246,\"postId\":246,\"userId\":111}', 0, '2019-04-19 17:21:50');
INSERT INTO `message` VALUES (122, 1, 134, 'like', '{\"entityType\":1,\"entityId\":249,\"postId\":249,\"userId\":134}', 1, '2019-04-19 18:16:48');
INSERT INTO `message` VALUES (123, 1, 134, 'like', '{\"entityType\":1,\"entityId\":249,\"postId\":249,\"userId\":134}', 1, '2019-04-19 18:16:50');
INSERT INTO `message` VALUES (124, 1, 134, 'like', '{\"entityType\":1,\"entityId\":249,\"postId\":249,\"userId\":134}', 1, '2019-04-19 18:16:52');
INSERT INTO `message` VALUES (125, 1, 134, 'comment', '{\"entityType\":1,\"entityId\":249,\"postId\":249,\"userId\":134}', 1, '2019-04-19 18:16:57');
INSERT INTO `message` VALUES (126, 1, 134, 'like', '{\"entityType\":2,\"entityId\":60,\"postId\":249,\"userId\":134}', 1, '2019-04-19 18:17:00');
INSERT INTO `message` VALUES (127, 1, 134, 'comment', '{\"entityType\":2,\"entityId\":60,\"postId\":249,\"userId\":134}', 1, '2019-04-19 18:17:04');
INSERT INTO `message` VALUES (128, 1, 134, 'comment', '{\"entityType\":2,\"entityId\":60,\"postId\":249,\"userId\":134}', 1, '2019-04-19 18:17:09');
INSERT INTO `message` VALUES (129, 1, 111, 'follow', '{\"entityType\":3,\"entityId\":111,\"userId\":134}', 1, '2019-04-19 18:17:44');
INSERT INTO `message` VALUES (130, 134, 111, '111_134', 'hello', 1, '2019-04-19 18:19:04');
INSERT INTO `message` VALUES (131, 111, 134, '111_134', 'nihao', 0, '2019-04-19 18:19:30');
INSERT INTO `message` VALUES (132, 1, 111, 'comment', '{\"entityType\":1,\"entityId\":233,\"postId\":233,\"userId\":111}', 1, '2019-04-23 12:34:03');
INSERT INTO `message` VALUES (133, 1, 133, 'like', '{\"entityType\":1,\"entityId\":246,\"postId\":246,\"userId\":111}', 0, '2019-04-23 15:30:38');
INSERT INTO `message` VALUES (134, 1, 133, 'comment', '{\"entityType\":1,\"entityId\":246,\"postId\":246,\"userId\":111}', 0, '2019-04-23 15:30:47');
INSERT INTO `message` VALUES (135, 1, 111, 'like', '{\"entityType\":1,\"entityId\":237,\"postId\":237,\"userId\":111}', 1, '2019-04-23 15:31:00');
INSERT INTO `message` VALUES (136, 1, 111, 'like', '{\"entityType\":1,\"entityId\":233,\"postId\":233,\"userId\":111}', 1, '2019-04-23 15:31:07');
INSERT INTO `message` VALUES (137, 1, 111, 'comment', '{\"entityType\":1,\"entityId\":233,\"postId\":233,\"userId\":111}', 1, '2019-04-23 15:31:13');
INSERT INTO `message` VALUES (138, 1, 132, 'like', '{\"entityType\":1,\"entityId\":232,\"postId\":232,\"userId\":111}', 0, '2019-04-23 15:33:12');
INSERT INTO `message` VALUES (139, 1, 112, 'like', '{\"entityType\":1,\"entityId\":229,\"postId\":229,\"userId\":111}', 0, '2019-04-23 15:33:56');
INSERT INTO `message` VALUES (140, 1, 138, 'comment', '{\"entityType\":1,\"entityId\":270,\"postId\":270,\"userId\":138}', 1, '2019-04-25 14:46:09');
INSERT INTO `message` VALUES (141, 1, 138, 'comment', '{\"entityType\":1,\"entityId\":270,\"postId\":270,\"userId\":138}', 1, '2019-04-25 14:46:13');
INSERT INTO `message` VALUES (142, 1, 138, 'comment', '{\"entityType\":1,\"entityId\":270,\"postId\":270,\"userId\":138}', 1, '2019-04-25 14:46:16');
INSERT INTO `message` VALUES (143, 1, 138, 'comment', '{\"entityType\":1,\"entityId\":270,\"postId\":270,\"userId\":138}', 1, '2019-04-25 14:46:25');
INSERT INTO `message` VALUES (144, 1, 138, 'comment', '{\"entityType\":1,\"entityId\":270,\"postId\":270,\"userId\":138}', 1, '2019-04-25 14:46:28');
INSERT INTO `message` VALUES (145, 1, 138, 'comment', '{\"entityType\":1,\"entityId\":270,\"postId\":270,\"userId\":138}', 1, '2019-04-25 14:46:31');
INSERT INTO `message` VALUES (146, 1, 138, 'comment', '{\"entityType\":2,\"entityId\":66,\"postId\":270,\"userId\":138}', 1, '2019-04-25 14:46:43');
INSERT INTO `message` VALUES (147, 1, 138, 'comment', '{\"entityType\":2,\"entityId\":66,\"postId\":270,\"userId\":138}', 1, '2019-04-25 14:46:48');
INSERT INTO `message` VALUES (148, 1, 138, 'comment', '{\"entityType\":2,\"entityId\":66,\"postId\":270,\"userId\":138}', 1, '2019-04-25 14:46:57');
INSERT INTO `message` VALUES (149, 1, 138, 'comment', '{\"entityType\":2,\"entityId\":66,\"postId\":270,\"userId\":138}', 1, '2019-04-25 14:47:06');
INSERT INTO `message` VALUES (150, 1, 138, 'like', '{\"entityType\":1,\"entityId\":270,\"postId\":270,\"userId\":138}', 1, '2019-04-25 14:47:21');
INSERT INTO `message` VALUES (151, 1, 138, 'like', '{\"entityType\":1,\"entityId\":270,\"postId\":270,\"userId\":138}', 1, '2019-04-25 14:47:25');
INSERT INTO `message` VALUES (152, 1, 138, 'like', '{\"entityType\":2,\"entityId\":66,\"postId\":270,\"userId\":138}', 1, '2019-04-25 14:47:27');
INSERT INTO `message` VALUES (153, 1, 138, 'like', '{\"entityType\":2,\"entityId\":72,\"postId\":270,\"userId\":138}', 1, '2019-04-25 14:47:30');
INSERT INTO `message` VALUES (154, 1, 138, 'like', '{\"entityType\":2,\"entityId\":73,\"postId\":270,\"userId\":138}', 1, '2019-04-25 14:47:30');
INSERT INTO `message` VALUES (155, 1, 138, 'like', '{\"entityType\":2,\"entityId\":74,\"postId\":270,\"userId\":138}', 1, '2019-04-25 14:47:31');
INSERT INTO `message` VALUES (156, 1, 138, 'like', '{\"entityType\":2,\"entityId\":75,\"postId\":270,\"userId\":138}', 1, '2019-04-25 14:47:32');
INSERT INTO `message` VALUES (157, 1, 138, 'like', '{\"entityType\":2,\"entityId\":67,\"postId\":270,\"userId\":138}', 1, '2019-04-25 14:47:33');
INSERT INTO `message` VALUES (158, 1, 138, 'like', '{\"entityType\":2,\"entityId\":68,\"postId\":270,\"userId\":138}', 1, '2019-04-25 14:47:34');
INSERT INTO `message` VALUES (159, 1, 138, 'like', '{\"entityType\":2,\"entityId\":69,\"postId\":270,\"userId\":138}', 1, '2019-04-25 14:47:36');
INSERT INTO `message` VALUES (160, 1, 138, 'like', '{\"entityType\":2,\"entityId\":70,\"postId\":270,\"userId\":138}', 1, '2019-04-25 14:47:37');
INSERT INTO `message` VALUES (161, 138, 111, '111_138', 'hello', 1, '2019-04-25 15:10:45');
INSERT INTO `message` VALUES (162, 1, 111, 'follow', '{\"entityType\":3,\"entityId\":111,\"userId\":138}', 1, '2019-04-25 15:10:57');
INSERT INTO `message` VALUES (163, 1, 111, 'follow', '{\"entityType\":3,\"entityId\":111,\"userId\":138}', 1, '2019-04-25 15:10:59');
INSERT INTO `message` VALUES (164, 138, 111, '111_138', 'heihei', 1, '2019-04-25 15:12:48');
INSERT INTO `message` VALUES (165, 138, 111, '111_138', 'lala', 1, '2019-04-25 15:12:58');
INSERT INTO `message` VALUES (166, 1, 138, 'like', '{\"entityType\":1,\"entityId\":271,\"postId\":271,\"userId\":138}', 1, '2019-04-25 15:22:22');
INSERT INTO `message` VALUES (167, 1, 138, 'comment', '{\"entityType\":1,\"entityId\":271,\"postId\":271,\"userId\":138}', 1, '2019-04-25 15:22:28');
INSERT INTO `message` VALUES (168, 1, 138, 'comment', '{\"entityType\":1,\"entityId\":271,\"postId\":271,\"userId\":138}', 1, '2019-04-25 15:22:33');
INSERT INTO `message` VALUES (169, 1, 138, 'comment', '{\"entityType\":2,\"entityId\":77,\"postId\":271,\"userId\":138}', 1, '2019-04-25 15:22:43');
INSERT INTO `message` VALUES (170, 1, 138, 'like', '{\"entityType\":2,\"entityId\":78,\"postId\":271,\"userId\":138}', 1, '2019-04-25 15:22:46');
INSERT INTO `message` VALUES (171, 1, 138, 'comment', '{\"entityType\":2,\"entityId\":77,\"postId\":271,\"userId\":138}', 1, '2019-04-25 15:22:50');
INSERT INTO `message` VALUES (172, 138, 111, '111_138', 'Hello aaa', 1, '2019-04-25 15:23:27');
INSERT INTO `message` VALUES (173, 138, 111, '111_138', '???', 1, '2019-04-25 15:23:40');
INSERT INTO `message` VALUES (174, 1, 111, 'like', '{\"entityType\":1,\"entityId\":234,\"postId\":234,\"userId\":111}', 1, '2019-04-26 14:15:14');
INSERT INTO `message` VALUES (175, 1, 111, 'like', '{\"entityType\":2,\"entityId\":29,\"postId\":233,\"userId\":111}', 1, '2019-04-26 15:17:54');
INSERT INTO `message` VALUES (176, 1, 112, 'like', '{\"entityType\":2,\"entityId\":30,\"postId\":233,\"userId\":111}', 0, '2019-04-26 15:17:55');
INSERT INTO `message` VALUES (177, 1, 111, 'like', '{\"entityType\":2,\"entityId\":29,\"postId\":233,\"userId\":111}', 1, '2019-04-26 15:17:57');
INSERT INTO `message` VALUES (178, 1, 112, 'like', '{\"entityType\":2,\"entityId\":30,\"postId\":233,\"userId\":111}', 0, '2019-04-26 15:17:58');
INSERT INTO `message` VALUES (179, 1, 112, 'like', '{\"entityType\":2,\"entityId\":28,\"postId\":233,\"userId\":111}', 0, '2019-04-26 15:17:58');
INSERT INTO `message` VALUES (180, 1, 111, 'like', '{\"entityType\":1,\"entityId\":272,\"postId\":272,\"userId\":111}', 1, '2019-04-26 15:42:48');
INSERT INTO `message` VALUES (181, 1, 111, 'comment', '{\"entityType\":1,\"entityId\":272,\"postId\":272,\"userId\":111}', 1, '2019-04-26 15:42:54');
INSERT INTO `message` VALUES (182, 1, 111, 'comment', '{\"entityType\":2,\"entityId\":80,\"postId\":272,\"userId\":111}', 1, '2019-04-26 15:43:26');
INSERT INTO `message` VALUES (183, 1, 111, 'comment', '{\"entityType\":2,\"entityId\":80,\"postId\":272,\"userId\":111}', 1, '2019-04-26 15:43:33');
INSERT INTO `message` VALUES (184, 1, 111, 'comment', '{\"entityType\":2,\"entityId\":80,\"postId\":272,\"userId\":111}', 1, '2019-04-26 15:43:40');
INSERT INTO `message` VALUES (185, 1, 138, 'follow', '{\"entityType\":3,\"entityId\":138,\"userId\":111}', 0, '2019-04-26 19:46:08');
INSERT INTO `message` VALUES (186, 1, 138, 'follow', '{\"entityType\":3,\"entityId\":138,\"userId\":111}', 0, '2019-04-26 19:46:09');
INSERT INTO `message` VALUES (187, 1, 138, 'like', '{\"entityType\":1,\"entityId\":271,\"postId\":271,\"userId\":111}', 0, '2019-04-26 19:46:17');
INSERT INTO `message` VALUES (188, 1, 138, 'like', '{\"entityType\":2,\"entityId\":77,\"postId\":271,\"userId\":111}', 0, '2019-04-26 19:46:19');
INSERT INTO `message` VALUES (189, 1, 138, 'like', '{\"entityType\":2,\"entityId\":79,\"postId\":271,\"userId\":111}', 0, '2019-04-26 19:46:21');
INSERT INTO `message` VALUES (190, 1, 138, 'like', '{\"entityType\":2,\"entityId\":78,\"postId\":271,\"userId\":111}', 0, '2019-04-26 19:46:22');
INSERT INTO `message` VALUES (191, 111, 111, '111_111', 'cc', 1, '2019-04-28 10:16:08');
INSERT INTO `message` VALUES (192, 1, 145, 'like', '{\"entityType\":1,\"entityId\":273,\"postId\":273,\"userId\":145}', 1, '2019-04-28 15:32:57');
INSERT INTO `message` VALUES (193, 1, 145, 'comment', '{\"entityType\":1,\"entityId\":273,\"postId\":273,\"userId\":145}', 1, '2019-04-28 15:33:03');
INSERT INTO `message` VALUES (194, 1, 145, 'like', '{\"entityType\":2,\"entityId\":84,\"postId\":273,\"userId\":145}', 1, '2019-04-28 15:33:05');
INSERT INTO `message` VALUES (195, 1, 145, 'comment', '{\"entityType\":2,\"entityId\":84,\"postId\":273,\"userId\":145}', 1, '2019-04-28 15:33:12');
INSERT INTO `message` VALUES (196, 1, 145, 'comment', '{\"entityType\":2,\"entityId\":84,\"postId\":273,\"userId\":145}', 1, '2019-04-28 15:33:16');
INSERT INTO `message` VALUES (197, 1, 111, 'follow', '{\"entityType\":3,\"entityId\":111,\"userId\":145}', 1, '2019-04-28 15:33:40');
INSERT INTO `message` VALUES (198, 1, 145, 'follow', '{\"entityType\":3,\"entityId\":145,\"userId\":111}', 1, '2019-04-28 15:33:52');
INSERT INTO `message` VALUES (199, 111, 145, '111_145', '你好', 1, '2019-04-28 15:34:18');
INSERT INTO `message` VALUES (200, 1, 111, 'like', '{\"entityType\":1,\"entityId\":272,\"postId\":272,\"userId\":145}', 1, '2019-04-28 16:11:42');
INSERT INTO `message` VALUES (201, 1, 111, 'like', '{\"entityType\":1,\"entityId\":272,\"postId\":272,\"userId\":145}', 1, '2019-04-28 16:12:40');
INSERT INTO `message` VALUES (202, 1, 145, 'like', '{\"entityType\":1,\"entityId\":273,\"postId\":273,\"userId\":111}', 1, '2019-04-28 18:56:03');
INSERT INTO `message` VALUES (203, 1, 145, 'comment', '{\"entityType\":1,\"entityId\":273,\"postId\":273,\"userId\":111}', 1, '2019-04-28 18:56:14');
INSERT INTO `message` VALUES (204, 1, 145, 'follow', '{\"entityType\":3,\"entityId\":145,\"userId\":111}', 1, '2019-04-28 18:56:18');
INSERT INTO `message` VALUES (205, 1, 111, 'comment', '{\"entityType\":1,\"entityId\":272,\"postId\":272,\"userId\":145}', 1, '2019-05-06 11:37:28');
INSERT INTO `message` VALUES (206, 145, 111, '111_145', 'hello', 1, '2019-05-06 11:37:39');
INSERT INTO `message` VALUES (207, 111, 112, '111_112', 'bbb', 0, '2019-05-08 16:56:46');
INSERT INTO `message` VALUES (208, 1, 111, 'comment', '{\"entityType\":1,\"entityId\":234,\"postId\":234,\"userId\":146}', 1, '2019-05-10 10:35:01');
INSERT INTO `message` VALUES (209, 1, 112, 'comment', '{\"entityType\":2,\"entityId\":43,\"postId\":234,\"userId\":146}', 0, '2019-05-10 10:35:09');
INSERT INTO `message` VALUES (210, 1, 112, 'comment', '{\"entityType\":2,\"entityId\":43,\"postId\":234,\"userId\":112}', 0, '2019-05-10 10:35:29');
INSERT INTO `message` VALUES (211, 1, 112, 'like', '{\"entityType\":2,\"entityId\":43,\"postId\":234,\"userId\":113}', 0, '2019-05-10 10:36:00');
INSERT INTO `message` VALUES (212, 1, 146, 'like', '{\"entityType\":2,\"entityId\":89,\"postId\":234,\"userId\":113}', 0, '2019-05-10 10:36:02');
INSERT INTO `message` VALUES (213, 1, 111, 'comment', '{\"entityType\":1,\"entityId\":234,\"postId\":234,\"userId\":113}', 1, '2019-05-10 10:36:06');
INSERT INTO `message` VALUES (214, 1, 111, 'comment', '{\"entityType\":1,\"entityId\":234,\"postId\":234,\"userId\":114}', 1, '2019-05-10 10:36:25');
INSERT INTO `message` VALUES (215, 1, 111, 'comment', '{\"entityType\":1,\"entityId\":234,\"postId\":234,\"userId\":114}', 1, '2019-05-10 10:36:41');
INSERT INTO `message` VALUES (216, 1, 112, 'like', '{\"entityType\":2,\"entityId\":43,\"postId\":234,\"userId\":114}', 0, '2019-05-10 10:36:44');
INSERT INTO `message` VALUES (217, 1, 111, 'like', '{\"entityType\":1,\"entityId\":234,\"postId\":234,\"userId\":114}', 1, '2019-05-10 10:36:44');
INSERT INTO `message` VALUES (218, 1, 146, 'like', '{\"entityType\":2,\"entityId\":89,\"postId\":234,\"userId\":114}', 0, '2019-05-10 10:36:47');
INSERT INTO `message` VALUES (219, 1, 113, 'like', '{\"entityType\":2,\"entityId\":92,\"postId\":234,\"userId\":114}', 0, '2019-05-10 10:36:48');
INSERT INTO `message` VALUES (220, 1, 114, 'like', '{\"entityType\":2,\"entityId\":93,\"postId\":234,\"userId\":114}', 0, '2019-05-10 10:36:50');
INSERT INTO `message` VALUES (221, 1, 111, 'comment', '{\"entityType\":1,\"entityId\":234,\"postId\":234,\"userId\":115}', 1, '2019-05-10 10:37:16');
INSERT INTO `message` VALUES (222, 1, 111, 'comment', '{\"entityType\":1,\"entityId\":234,\"postId\":234,\"userId\":146}', 1, '2019-05-10 12:39:16');
INSERT INTO `message` VALUES (223, 1, 146, 'comment', '{\"entityType\":2,\"entityId\":96,\"postId\":234,\"userId\":146}', 0, '2019-05-10 12:39:37');
INSERT INTO `message` VALUES (224, 1, 111, 'comment', '{\"entityType\":1,\"entityId\":234,\"postId\":234,\"userId\":146}', 1, '2019-05-10 12:40:08');
INSERT INTO `message` VALUES (225, 1, 111, 'comment', '{\"entityType\":1,\"entityId\":234,\"postId\":234,\"userId\":146}', 1, '2019-05-10 12:40:55');
INSERT INTO `message` VALUES (226, 1, 111, 'comment', '{\"entityType\":1,\"entityId\":234,\"postId\":234,\"userId\":146}', 1, '2019-05-10 12:42:53');
INSERT INTO `message` VALUES (227, 1, 111, 'comment', '{\"entityType\":1,\"entityId\":234,\"postId\":234,\"userId\":146}', 1, '2019-05-10 12:46:50');
INSERT INTO `message` VALUES (228, 1, 111, 'comment', '{\"entityType\":1,\"entityId\":234,\"postId\":234,\"userId\":146}', 1, '2019-05-10 12:46:50');
INSERT INTO `message` VALUES (229, 1, 111, 'comment', '{\"entityType\":1,\"entityId\":234,\"postId\":234,\"userId\":146}', 1, '2019-05-10 12:47:29');
INSERT INTO `message` VALUES (230, 1, 111, 'comment', '{\"entityType\":1,\"entityId\":234,\"postId\":234,\"userId\":146}', 1, '2019-05-10 12:55:34');
INSERT INTO `message` VALUES (231, 1, 146, 'comment', '{\"entityType\":1,\"entityId\":274,\"postId\":274,\"userId\":146}', 0, '2019-05-15 11:34:32');
INSERT INTO `message` VALUES (232, 1, 146, 'like', '{\"entityType\":1,\"entityId\":274,\"postId\":274,\"userId\":111}', 0, '2019-05-15 11:34:46');
INSERT INTO `message` VALUES (233, 1, 146, 'like', '{\"entityType\":2,\"entityId\":104,\"postId\":274,\"userId\":111}', 0, '2019-05-15 11:34:47');
INSERT INTO `message` VALUES (234, 1, 146, 'comment', '{\"entityType\":2,\"entityId\":104,\"postId\":274,\"userId\":111}', 0, '2019-05-15 11:34:51');
INSERT INTO `message` VALUES (235, 1, 146, 'comment', '{\"entityType\":2,\"entityId\":104,\"postId\":274,\"userId\":146}', 0, '2019-05-15 11:35:14');
INSERT INTO `message` VALUES (236, 1, 111, 'like', '{\"entityType\":2,\"entityId\":105,\"postId\":274,\"userId\":146}', 1, '2019-05-15 11:35:16');
INSERT INTO `message` VALUES (237, 1, 146, 'comment', '{\"entityType\":2,\"entityId\":104,\"postId\":274,\"userId\":111}', 0, '2019-05-15 11:35:40');
INSERT INTO `message` VALUES (238, 1, 146, 'like', '{\"entityType\":1,\"entityId\":274,\"postId\":274,\"userId\":112}', 0, '2019-05-15 11:40:46');
INSERT INTO `message` VALUES (239, 1, 146, 'comment', '{\"entityType\":1,\"entityId\":274,\"postId\":274,\"userId\":112}', 0, '2019-05-15 11:40:50');
INSERT INTO `message` VALUES (240, 1, 146, 'comment', '{\"entityType\":1,\"entityId\":274,\"postId\":274,\"userId\":112}', 0, '2019-05-15 11:45:53');
INSERT INTO `message` VALUES (241, 1, 146, 'comment', '{\"entityType\":1,\"entityId\":274,\"postId\":274,\"userId\":111}', 0, '2019-05-15 11:55:07');
INSERT INTO `message` VALUES (242, 1, 146, 'comment', '{\"entityType\":1,\"entityId\":274,\"postId\":274,\"userId\":111}', 0, '2019-05-15 11:55:16');
INSERT INTO `message` VALUES (243, 1, 146, 'comment', '{\"entityType\":1,\"entityId\":274,\"postId\":274,\"userId\":111}', 0, '2019-05-15 12:00:37');
INSERT INTO `message` VALUES (244, 1, 146, 'comment', '{\"entityType\":1,\"entityId\":274,\"postId\":274,\"userId\":111}', 0, '2019-05-15 15:05:03');
INSERT INTO `message` VALUES (245, 1, 146, 'comment', '{\"entityType\":1,\"entityId\":274,\"postId\":274,\"userId\":111}', 0, '2019-05-15 15:26:53');
INSERT INTO `message` VALUES (246, 1, 146, 'comment', '{\"entityType\":1,\"entityId\":274,\"postId\":274,\"userId\":111}', 0, '2019-05-15 15:27:06');
INSERT INTO `message` VALUES (247, 1, 146, 'comment', '{\"entityType\":1,\"entityId\":274,\"postId\":274,\"userId\":111}', 0, '2019-05-15 15:27:16');
INSERT INTO `message` VALUES (248, 1, 146, 'comment', '{\"entityType\":1,\"entityId\":274,\"postId\":274,\"userId\":111}', 0, '2019-05-15 15:35:20');
INSERT INTO `message` VALUES (249, 1, 146, 'comment', '{\"entityType\":1,\"entityId\":274,\"postId\":274,\"userId\":111}', 0, '2019-05-15 17:09:09');
INSERT INTO `message` VALUES (250, 1, 146, 'comment', '{\"entityType\":1,\"entityId\":274,\"postId\":274,\"userId\":111}', 0, '2019-05-15 17:10:35');
INSERT INTO `message` VALUES (251, 1, 146, 'comment', '{\"entityType\":1,\"entityId\":274,\"postId\":274,\"userId\":111}', 0, '2019-05-15 17:15:44');
INSERT INTO `message` VALUES (252, 1, 146, 'comment', '{\"entityType\":1,\"entityId\":274,\"postId\":274,\"userId\":111}', 0, '2019-05-15 17:53:26');
INSERT INTO `message` VALUES (253, 1, 146, 'comment', '{\"entityType\":1,\"entityId\":274,\"postId\":274,\"userId\":111}', 0, '2019-05-15 17:53:54');
INSERT INTO `message` VALUES (254, 1, 146, 'comment', '{\"entityType\":1,\"entityId\":274,\"postId\":274,\"userId\":111}', 0, '2019-05-15 17:55:08');
INSERT INTO `message` VALUES (255, 1, 146, 'comment', '{\"entityType\":1,\"entityId\":274,\"postId\":274,\"userId\":111}', 0, '2019-05-15 17:55:39');
INSERT INTO `message` VALUES (256, 1, 146, 'comment', '{\"entityType\":1,\"entityId\":274,\"postId\":274,\"userId\":111}', 0, '2019-05-15 17:57:02');
INSERT INTO `message` VALUES (257, 1, 146, 'comment', '{\"entityType\":1,\"entityId\":274,\"postId\":274,\"userId\":111}', 0, '2019-05-15 17:57:20');
INSERT INTO `message` VALUES (258, 1, 146, 'comment', '{\"entityType\":1,\"entityId\":274,\"postId\":274,\"userId\":111}', 0, '2019-05-15 17:57:26');
INSERT INTO `message` VALUES (259, 1, 146, 'comment', '{\"entityType\":1,\"entityId\":274,\"postId\":274,\"userId\":111}', 0, '2019-05-15 17:57:31');
INSERT INTO `message` VALUES (260, 1, 146, 'comment', '{\"entityType\":1,\"entityId\":274,\"postId\":274,\"userId\":111}', 0, '2019-05-15 18:00:19');
INSERT INTO `message` VALUES (261, 1, 146, 'comment', '{\"entityType\":1,\"entityId\":274,\"postId\":274,\"userId\":111}', 0, '2019-05-15 18:00:25');
INSERT INTO `message` VALUES (262, 1, 146, 'comment', '{\"entityType\":1,\"entityId\":274,\"postId\":274,\"userId\":111}', 0, '2019-05-15 18:00:31');
INSERT INTO `message` VALUES (263, 1, 146, 'comment', '{\"entityType\":1,\"entityId\":274,\"postId\":274,\"userId\":111}', 0, '2019-05-15 18:00:37');
INSERT INTO `message` VALUES (264, 1, 146, 'comment', '{\"entityType\":1,\"entityId\":274,\"postId\":274,\"userId\":111}', 0, '2019-05-15 18:00:43');
INSERT INTO `message` VALUES (265, 1, 146, 'comment', '{\"entityType\":1,\"entityId\":274,\"postId\":274,\"userId\":111}', 0, '2019-05-15 18:01:34');
INSERT INTO `message` VALUES (266, 1, 146, 'comment', '{\"entityType\":1,\"entityId\":274,\"postId\":274,\"userId\":111}', 0, '2019-05-15 18:01:39');
INSERT INTO `message` VALUES (267, 1, 146, 'comment', '{\"entityType\":1,\"entityId\":274,\"postId\":274,\"userId\":111}', 0, '2019-05-15 18:01:45');
INSERT INTO `message` VALUES (268, 1, 146, 'comment', '{\"entityType\":1,\"entityId\":274,\"postId\":274,\"userId\":111}', 0, '2019-05-15 18:01:50');
INSERT INTO `message` VALUES (269, 1, 146, 'comment', '{\"entityType\":1,\"entityId\":274,\"postId\":274,\"userId\":111}', 0, '2019-05-15 18:01:55');
INSERT INTO `message` VALUES (270, 1, 146, 'comment', '{\"entityType\":1,\"entityId\":274,\"postId\":274,\"userId\":111}', 0, '2019-05-15 18:02:29');
INSERT INTO `message` VALUES (271, 1, 146, 'comment', '{\"entityType\":1,\"entityId\":274,\"postId\":274,\"userId\":111}', 0, '2019-05-15 18:18:20');
INSERT INTO `message` VALUES (272, 1, 146, 'comment', '{\"entityType\":1,\"entityId\":274,\"postId\":274,\"userId\":111}', 0, '2019-05-15 18:18:26');
INSERT INTO `message` VALUES (273, 1, 146, 'comment', '{\"entityType\":1,\"entityId\":274,\"postId\":274,\"userId\":111}', 0, '2019-05-15 18:18:31');
INSERT INTO `message` VALUES (274, 1, 146, 'comment', '{\"entityType\":1,\"entityId\":274,\"postId\":274,\"userId\":111}', 0, '2019-05-15 18:18:40');
INSERT INTO `message` VALUES (275, 1, 146, 'comment', '{\"entityType\":1,\"entityId\":274,\"postId\":274,\"userId\":111}', 0, '2019-05-15 18:26:59');
INSERT INTO `message` VALUES (276, 1, 11, 'comment', '{\"entityType\":1,\"entityId\":275,\"postId\":275,\"userId\":111}', 1, '2019-05-16 19:06:59');
INSERT INTO `message` VALUES (277, 1, 11, 'comment', '{\"entityType\":1,\"entityId\":275,\"postId\":275,\"userId\":111}', 1, '2019-05-16 19:07:05');
INSERT INTO `message` VALUES (278, 1, 11, 'comment', '{\"entityType\":1,\"entityId\":275,\"postId\":275,\"userId\":111}', 1, '2019-05-16 19:07:06');
INSERT INTO `message` VALUES (279, 1, 11, 'comment', '{\"entityType\":1,\"entityId\":275,\"postId\":275,\"userId\":111}', 1, '2019-05-16 19:07:11');
INSERT INTO `message` VALUES (280, 1, 11, 'comment', '{\"entityType\":1,\"entityId\":275,\"postId\":275,\"userId\":111}', 1, '2019-05-16 19:07:15');
INSERT INTO `message` VALUES (281, 1, 11, 'comment', '{\"entityType\":1,\"entityId\":275,\"postId\":275,\"userId\":111}', 1, '2019-05-16 19:07:38');
INSERT INTO `message` VALUES (282, 1, 11, 'comment', '{\"entityType\":1,\"entityId\":275,\"postId\":275,\"userId\":111}', 1, '2019-05-16 19:12:18');
INSERT INTO `message` VALUES (283, 1, 11, 'comment', '{\"entityType\":1,\"entityId\":275,\"postId\":275,\"userId\":111}', 1, '2019-05-16 19:12:24');
INSERT INTO `message` VALUES (284, 1, 11, 'comment', '{\"entityType\":1,\"entityId\":275,\"postId\":275,\"userId\":111}', 1, '2019-05-16 19:12:29');
INSERT INTO `message` VALUES (285, 1, 11, 'comment', '{\"entityType\":1,\"entityId\":275,\"postId\":275,\"userId\":111}', 1, '2019-05-16 19:12:35');
INSERT INTO `message` VALUES (286, 1, 11, 'comment', '{\"entityType\":1,\"entityId\":275,\"postId\":275,\"userId\":111}', 1, '2019-05-16 19:12:39');
INSERT INTO `message` VALUES (287, 1, 11, 'comment', '{\"entityType\":1,\"entityId\":275,\"postId\":275,\"userId\":111}', 1, '2019-05-16 19:12:45');
INSERT INTO `message` VALUES (288, 1, 149, 'like', '{\"entityType\":1,\"entityId\":276,\"postId\":276,\"userId\":149}', 1, '2019-05-17 15:50:30');
INSERT INTO `message` VALUES (289, 1, 149, 'comment', '{\"entityType\":1,\"entityId\":276,\"postId\":276,\"userId\":149}', 0, '2019-05-17 15:50:39');
INSERT INTO `message` VALUES (290, 1, 149, 'comment', '{\"entityType\":1,\"entityId\":276,\"postId\":276,\"userId\":111}', 1, '2019-05-17 15:51:00');
INSERT INTO `message` VALUES (291, 1, 149, 'like', '{\"entityType\":1,\"entityId\":276,\"postId\":276,\"userId\":111}', 1, '2019-05-17 15:51:02');
INSERT INTO `message` VALUES (292, 1, 149, 'comment', '{\"entityType\":1,\"entityId\":276,\"postId\":276,\"userId\":112}', 1, '2019-05-17 15:51:22');
INSERT INTO `message` VALUES (293, 1, 111, 'like', '{\"entityType\":2,\"entityId\":165,\"postId\":276,\"userId\":149}', 1, '2019-05-17 15:51:40');
INSERT INTO `message` VALUES (294, 1, 112, 'like', '{\"entityType\":2,\"entityId\":166,\"postId\":276,\"userId\":149}', 0, '2019-05-17 15:51:41');
INSERT INTO `message` VALUES (295, 1, 111, 'comment', '{\"entityType\":2,\"entityId\":165,\"postId\":276,\"userId\":149}', 1, '2019-05-17 15:51:53');
INSERT INTO `message` VALUES (296, 1, 112, 'comment', '{\"entityType\":2,\"entityId\":166,\"postId\":276,\"userId\":149}', 0, '2019-05-17 15:52:01');
INSERT INTO `message` VALUES (297, 1, 149, 'comment', '{\"entityType\":1,\"entityId\":276,\"postId\":276,\"userId\":149}', 1, '2019-05-17 15:52:14');
INSERT INTO `message` VALUES (298, 1, 149, 'comment', '{\"entityType\":1,\"entityId\":276,\"postId\":276,\"userId\":113}', 1, '2019-05-17 15:52:35');
INSERT INTO `message` VALUES (299, 1, 149, 'comment', '{\"entityType\":1,\"entityId\":276,\"postId\":276,\"userId\":114}', 1, '2019-05-17 15:53:01');
INSERT INTO `message` VALUES (300, 1, 149, 'comment', '{\"entityType\":1,\"entityId\":277,\"postId\":277,\"userId\":111}', 0, '2019-05-17 17:07:11');
INSERT INTO `message` VALUES (301, 1, 149, 'comment', '{\"entityType\":1,\"entityId\":277,\"postId\":277,\"userId\":111}', 0, '2019-05-17 17:07:15');
INSERT INTO `message` VALUES (302, 1, 149, 'comment', '{\"entityType\":1,\"entityId\":277,\"postId\":277,\"userId\":111}', 0, '2019-05-17 17:07:19');
INSERT INTO `message` VALUES (303, 1, 149, 'comment', '{\"entityType\":1,\"entityId\":277,\"postId\":277,\"userId\":111}', 0, '2019-05-17 17:07:22');
INSERT INTO `message` VALUES (304, 1, 149, 'comment', '{\"entityType\":1,\"entityId\":277,\"postId\":277,\"userId\":111}', 0, '2019-05-17 17:07:25');
INSERT INTO `message` VALUES (305, 1, 149, 'comment', '{\"entityType\":1,\"entityId\":277,\"postId\":277,\"userId\":111}', 0, '2019-05-17 17:07:29');
INSERT INTO `message` VALUES (306, 1, 149, 'comment', '{\"entityType\":1,\"entityId\":277,\"postId\":277,\"userId\":111}', 0, '2019-05-17 17:07:34');
INSERT INTO `message` VALUES (307, 1, 149, 'comment', '{\"entityType\":1,\"entityId\":277,\"postId\":277,\"userId\":111}', 0, '2019-05-17 17:07:38');
INSERT INTO `message` VALUES (308, 1, 149, 'comment', '{\"entityType\":1,\"entityId\":277,\"postId\":277,\"userId\":111}', 0, '2019-05-17 17:07:43');
INSERT INTO `message` VALUES (309, 1, 149, 'comment', '{\"entityType\":1,\"entityId\":277,\"postId\":277,\"userId\":111}', 0, '2019-05-17 17:07:48');
INSERT INTO `message` VALUES (310, 1, 149, 'comment', '{\"entityType\":1,\"entityId\":277,\"postId\":277,\"userId\":111}', 0, '2019-05-17 17:07:53');
INSERT INTO `message` VALUES (311, 1, 149, 'comment', '{\"entityType\":1,\"entityId\":277,\"postId\":277,\"userId\":111}', 0, '2019-05-17 17:19:54');
INSERT INTO `message` VALUES (312, 1, 149, 'comment', '{\"entityType\":1,\"entityId\":277,\"postId\":277,\"userId\":111}', 0, '2019-05-17 17:26:29');
INSERT INTO `message` VALUES (313, 1, 149, 'comment', '{\"entityType\":1,\"entityId\":277,\"postId\":277,\"userId\":111}', 0, '2019-05-17 17:49:58');
INSERT INTO `message` VALUES (314, 1, 149, 'comment', '{\"entityType\":1,\"entityId\":277,\"postId\":277,\"userId\":111}', 0, '2019-05-17 17:52:51');
INSERT INTO `message` VALUES (315, 1, 149, 'comment', '{\"entityType\":1,\"entityId\":277,\"postId\":277,\"userId\":111}', 0, '2019-05-17 18:03:41');
INSERT INTO `message` VALUES (316, 1, 149, 'comment', '{\"entityType\":1,\"entityId\":277,\"postId\":277,\"userId\":111}', 0, '2019-05-17 18:04:43');
INSERT INTO `message` VALUES (317, 1, 149, 'comment', '{\"entityType\":1,\"entityId\":277,\"postId\":277,\"userId\":111}', 0, '2019-05-17 18:05:05');
INSERT INTO `message` VALUES (318, 1, 149, 'comment', '{\"entityType\":1,\"entityId\":277,\"postId\":277,\"userId\":111}', 0, '2019-05-17 18:10:42');
INSERT INTO `message` VALUES (319, 1, 149, 'comment', '{\"entityType\":1,\"entityId\":277,\"postId\":277,\"userId\":111}', 0, '2019-05-17 18:12:10');
INSERT INTO `message` VALUES (320, 1, 149, 'comment', '{\"entityType\":1,\"entityId\":277,\"postId\":277,\"userId\":111}', 0, '2019-05-17 18:12:32');
INSERT INTO `message` VALUES (321, 1, 149, 'comment', '{\"entityType\":1,\"entityId\":277,\"postId\":277,\"userId\":111}', 0, '2019-05-17 18:21:36');
INSERT INTO `message` VALUES (322, 1, 149, 'comment', '{\"entityType\":1,\"entityId\":277,\"postId\":277,\"userId\":111}', 0, '2019-05-17 18:21:56');
INSERT INTO `message` VALUES (323, 1, 149, 'comment', '{\"entityType\":1,\"entityId\":277,\"postId\":277,\"userId\":111}', 0, '2019-05-17 18:22:40');
INSERT INTO `message` VALUES (324, 1, 149, 'comment', '{\"entityType\":1,\"entityId\":277,\"postId\":277,\"userId\":111}', 0, '2019-05-17 18:24:19');
INSERT INTO `message` VALUES (325, 1, 149, 'comment', '{\"entityType\":1,\"entityId\":277,\"postId\":277,\"userId\":111}', 0, '2019-05-17 18:26:04');
INSERT INTO `message` VALUES (326, 1, 149, 'comment', '{\"entityType\":1,\"entityId\":277,\"postId\":277,\"userId\":111}', 0, '2019-05-17 18:26:04');
INSERT INTO `message` VALUES (327, 1, 149, 'comment', '{\"entityType\":1,\"entityId\":277,\"postId\":277,\"userId\":111}', 0, '2019-05-17 18:26:54');
INSERT INTO `message` VALUES (328, 1, 149, 'comment', '{\"entityType\":1,\"entityId\":277,\"postId\":277,\"userId\":111}', 0, '2019-05-17 18:28:58');
INSERT INTO `message` VALUES (329, 1, 149, 'comment', '{\"entityType\":1,\"entityId\":277,\"postId\":277,\"userId\":111}', 0, '2019-05-17 18:29:49');
INSERT INTO `message` VALUES (330, 1, 149, 'comment', '{\"entityType\":1,\"entityId\":277,\"postId\":277,\"userId\":111}', 0, '2019-05-17 18:30:02');
INSERT INTO `message` VALUES (331, 1, 149, 'comment', '{\"entityType\":1,\"entityId\":277,\"postId\":277,\"userId\":111}', 0, '2019-05-17 18:31:51');
INSERT INTO `message` VALUES (332, 1, 149, 'comment', '{\"entityType\":1,\"entityId\":277,\"postId\":277,\"userId\":111}', 0, '2019-05-17 18:31:54');
INSERT INTO `message` VALUES (333, 1, 149, 'comment', '{\"entityType\":1,\"entityId\":277,\"postId\":277,\"userId\":111}', 0, '2019-05-17 18:33:25');
INSERT INTO `message` VALUES (334, 1, 149, 'comment', '{\"entityType\":1,\"entityId\":277,\"postId\":277,\"userId\":111}', 0, '2019-05-17 18:34:21');
INSERT INTO `message` VALUES (335, 1, 149, 'comment', '{\"entityType\":1,\"entityId\":277,\"postId\":277,\"userId\":111}', 0, '2019-05-17 18:34:49');
INSERT INTO `message` VALUES (336, 1, 149, 'comment', '{\"entityType\":1,\"entityId\":277,\"postId\":277,\"userId\":111}', 0, '2019-05-17 18:38:40');
INSERT INTO `message` VALUES (337, 1, 149, 'comment', '{\"entityType\":1,\"entityId\":277,\"postId\":277,\"userId\":111}', 0, '2019-05-17 18:39:19');
INSERT INTO `message` VALUES (338, 1, 149, 'like', '{\"entityType\":1,\"entityId\":280,\"postId\":280,\"userId\":149}', 0, '2019-05-20 17:41:37');
INSERT INTO `message` VALUES (339, 1, 149, 'comment', '{\"entityType\":1,\"entityId\":280,\"postId\":280,\"userId\":149}', 0, '2019-05-20 17:41:58');
INSERT INTO `message` VALUES (340, 1, 149, 'comment', '{\"entityType\":1,\"entityId\":280,\"postId\":280,\"userId\":149}', 0, '2019-05-20 17:42:20');
INSERT INTO `message` VALUES (341, 1, 149, 'comment', '{\"entityType\":1,\"entityId\":280,\"postId\":280,\"userId\":149}', 0, '2019-05-20 17:42:35');
INSERT INTO `message` VALUES (342, 1, 149, 'comment', '{\"entityType\":1,\"entityId\":280,\"postId\":280,\"userId\":149}', 0, '2019-05-20 17:42:48');
INSERT INTO `message` VALUES (343, 1, 149, 'comment', '{\"entityType\":1,\"entityId\":280,\"postId\":280,\"userId\":149}', 0, '2019-05-20 17:43:01');
INSERT INTO `message` VALUES (344, 1, 149, 'comment', '{\"entityType\":1,\"entityId\":280,\"postId\":280,\"userId\":149}', 0, '2019-05-20 17:43:19');
INSERT INTO `message` VALUES (345, 1, 149, 'comment', '{\"entityType\":1,\"entityId\":280,\"postId\":280,\"userId\":149}', 0, '2019-05-20 17:43:32');
INSERT INTO `message` VALUES (346, 1, 149, 'comment', '{\"entityType\":1,\"entityId\":280,\"postId\":280,\"userId\":149}', 0, '2019-05-20 17:43:36');
INSERT INTO `message` VALUES (347, 1, 149, 'comment', '{\"entityType\":1,\"entityId\":280,\"postId\":280,\"userId\":149}', 0, '2019-05-20 17:43:40');
INSERT INTO `message` VALUES (348, 1, 149, 'comment', '{\"entityType\":1,\"entityId\":280,\"postId\":280,\"userId\":149}', 0, '2019-05-20 17:43:48');
INSERT INTO `message` VALUES (349, 1, 149, 'comment', '{\"entityType\":1,\"entityId\":280,\"postId\":280,\"userId\":149}', 0, '2019-05-20 17:43:55');
INSERT INTO `message` VALUES (350, 1, 149, 'comment', '{\"entityType\":1,\"entityId\":280,\"postId\":280,\"userId\":149}', 0, '2019-05-20 17:44:10');
INSERT INTO `message` VALUES (351, 1, 149, 'comment', '{\"entityType\":1,\"entityId\":280,\"postId\":280,\"userId\":149}', 0, '2019-05-20 17:44:13');
INSERT INTO `message` VALUES (352, 1, 149, 'comment', '{\"entityType\":1,\"entityId\":280,\"postId\":280,\"userId\":149}', 0, '2019-05-20 17:44:16');
INSERT INTO `message` VALUES (353, 1, 149, 'comment', '{\"entityType\":1,\"entityId\":280,\"postId\":280,\"userId\":149}', 0, '2019-05-20 17:44:19');
INSERT INTO `message` VALUES (354, 1, 149, 'comment', '{\"entityType\":1,\"entityId\":280,\"postId\":280,\"userId\":149}', 0, '2019-05-20 17:44:25');
INSERT INTO `message` VALUES (355, 111, 112, '111_112', '我在呢', 0, '2023-09-03 22:39:35');
INSERT INTO `message` VALUES (356, 111, 152, '111_152', '在吗？', 1, '2023-09-03 22:39:58');
INSERT INTO `message` VALUES (357, 111, 152, '111_152', '有无2000借啊里，我要买车', 1, '2023-09-03 22:40:34');
INSERT INTO `message` VALUES (358, 152, 111, '111_152', '没有！滚犊子', 1, '2023-09-03 22:41:49');
INSERT INTO `message` VALUES (359, 1, 152, 'like', '{&quot;entityType&quot;:2,&quot;entityId&quot;:233,&quot;postId&quot;:275,&quot;userId&quot;:152}', 1, '2023-09-07 22:37:13');
INSERT INTO `message` VALUES (360, 1, 111, 'like', '{&quot;entityType&quot;:2,&quot;entityId&quot;:152,&quot;postId&quot;:275,&quot;userId&quot;:152}', 1, '2023-09-07 22:38:49');
INSERT INTO `message` VALUES (361, 1, 111, 'like', '{&quot;entityType&quot;:1,&quot;entityId&quot;:234,&quot;postId&quot;:234,&quot;userId&quot;:152}', 1, '2023-09-08 01:35:19');
INSERT INTO `message` VALUES (362, 1, 111, 'comment', '{&quot;entityType&quot;:1,&quot;entityId&quot;:234,&quot;postId&quot;:234,&quot;userId&quot;:152}', 1, '2023-09-08 01:35:29');
INSERT INTO `message` VALUES (363, 1, 152, 'like', '{&quot;entityType&quot;:1,&quot;entityId&quot;:282,&quot;postId&quot;:282,&quot;userId&quot;:152}', 1, '2023-09-08 10:17:15');
INSERT INTO `message` VALUES (364, 1, 152, 'like', '{&quot;entityType&quot;:2,&quot;entityId&quot;:235,&quot;postId&quot;:282,&quot;userId&quot;:152}', 1, '2023-09-08 10:17:18');
INSERT INTO `message` VALUES (365, 1, 152, 'like', '{&quot;entityType&quot;:2,&quot;entityId&quot;:236,&quot;postId&quot;:282,&quot;userId&quot;:152}', 1, '2023-09-08 10:17:19');
INSERT INTO `message` VALUES (366, 1, 152, 'like', '{&quot;entityType&quot;:2,&quot;entityId&quot;:237,&quot;postId&quot;:282,&quot;userId&quot;:152}', 1, '2023-09-08 10:17:19');
INSERT INTO `message` VALUES (367, 1, 111, 'follow', '{&quot;entityType&quot;:3,&quot;entityId&quot;:111,&quot;userId&quot;:152}', 0, '2023-09-08 10:17:59');
INSERT INTO `message` VALUES (368, 1, 152, 'comment', '{&quot;entityType&quot;:1,&quot;entityId&quot;:283,&quot;postId&quot;:283,&quot;userId&quot;:152}', 1, '2023-09-08 10:20:17');
INSERT INTO `message` VALUES (369, 1, 152, 'follow', '{&quot;entityType&quot;:3,&quot;entityId&quot;:152,&quot;userId&quot;:111}', 1, '2023-09-08 10:25:13');
INSERT INTO `message` VALUES (370, 1, 111, 'comment', '{&quot;entityType&quot;:1,&quot;entityId&quot;:284,&quot;postId&quot;:284,&quot;userId&quot;:152}', 0, '2023-09-09 14:52:46');
INSERT INTO `message` VALUES (371, 1, 152, 'like', '{&quot;entityType&quot;:2,&quot;entityId&quot;:243,&quot;postId&quot;:284,&quot;userId&quot;:152}', 1, '2023-09-09 14:52:47');
INSERT INTO `message` VALUES (372, 1, 111, 'like', '{&quot;entityType&quot;:1,&quot;entityId&quot;:284,&quot;postId&quot;:284,&quot;userId&quot;:152}', 0, '2023-09-09 14:52:48');
INSERT INTO `message` VALUES (373, 1, 111, 'like', '{&quot;entityType&quot;:1,&quot;entityId&quot;:284,&quot;postId&quot;:284,&quot;userId&quot;:152}', 0, '2023-09-09 14:52:51');
INSERT INTO `message` VALUES (374, 1, 152, 'like', '{&quot;entityType&quot;:2,&quot;entityId&quot;:243,&quot;postId&quot;:284,&quot;userId&quot;:152}', 1, '2023-09-09 14:52:52');
INSERT INTO `message` VALUES (375, 1, 152, 'comment', '{&quot;entityType&quot;:2,&quot;entityId&quot;:243,&quot;postId&quot;:284,&quot;userId&quot;:152}', 1, '2023-09-09 14:52:57');
INSERT INTO `message` VALUES (376, 1, 152, 'comment', '{&quot;entityType&quot;:1,&quot;entityId&quot;:283,&quot;postId&quot;:283,&quot;userId&quot;:152}', 1, '2023-09-10 20:55:31');
INSERT INTO `message` VALUES (377, 152, 111, '111_152', '...', 0, '2023-09-10 23:35:24');
INSERT INTO `message` VALUES (378, 1, 152, 'comment', '{&quot;entityType&quot;:1,&quot;entityId&quot;:286,&quot;postId&quot;:286,&quot;userId&quot;:111}', 1, '2023-09-14 17:26:01');
INSERT INTO `message` VALUES (379, 1, 152, 'comment', '{&quot;entityType&quot;:1,&quot;entityId&quot;:286,&quot;postId&quot;:286,&quot;userId&quot;:111}', 1, '2023-09-14 17:30:23');
INSERT INTO `message` VALUES (380, 1, 111, 'like', '{&quot;entityType&quot;:2,&quot;entityId&quot;:246,&quot;postId&quot;:286,&quot;userId&quot;:152}', 0, '2023-09-14 21:31:09');
INSERT INTO `message` VALUES (381, 1, 111, 'comment', '{&quot;entityType&quot;:2,&quot;entityId&quot;:246,&quot;postId&quot;:286,&quot;userId&quot;:152}', 0, '2023-09-14 21:31:28');
INSERT INTO `message` VALUES (382, 1, 111, 'comment', '{&quot;entityType&quot;:2,&quot;entityId&quot;:247,&quot;postId&quot;:286,&quot;userId&quot;:152}', 0, '2023-09-14 21:31:36');
INSERT INTO `message` VALUES (383, 1, 152, 'like', '{&quot;entityType&quot;:1,&quot;entityId&quot;:286,&quot;postId&quot;:286,&quot;userId&quot;:152}', 1, '2023-09-14 21:37:59');
INSERT INTO `message` VALUES (384, 1, 152, 'like', '{&quot;entityType&quot;:2,&quot;entityId&quot;:248,&quot;postId&quot;:286,&quot;userId&quot;:152}', 1, '2023-09-14 21:38:09');
INSERT INTO `message` VALUES (385, 1, 152, 'like', '{&quot;entityType&quot;:2,&quot;entityId&quot;:249,&quot;postId&quot;:286,&quot;userId&quot;:152}', 1, '2023-09-14 21:38:11');
INSERT INTO `message` VALUES (386, 1, 111, 'like', '{&quot;entityType&quot;:2,&quot;entityId&quot;:247,&quot;postId&quot;:286,&quot;userId&quot;:152}', 0, '2023-09-14 21:38:11');
INSERT INTO `message` VALUES (387, 1, 152, 'like', '{&quot;entityType&quot;:1,&quot;entityId&quot;:283,&quot;postId&quot;:283,&quot;userId&quot;:152}', 0, '2023-09-14 21:43:41');
INSERT INTO `message` VALUES (388, 1, 152, 'like', '{&quot;entityType&quot;:2,&quot;entityId&quot;:242,&quot;postId&quot;:283,&quot;userId&quot;:152}', 0, '2023-09-14 21:43:43');
INSERT INTO `message` VALUES (389, 1, 152, 'like', '{&quot;entityType&quot;:2,&quot;entityId&quot;:245,&quot;postId&quot;:283,&quot;userId&quot;:152}', 0, '2023-09-14 21:43:44');
INSERT INTO `message` VALUES (390, 1, 152, 'comment', '{&quot;entityType&quot;:2,&quot;entityId&quot;:242,&quot;postId&quot;:283,&quot;userId&quot;:152}', 0, '2023-09-14 21:44:17');
INSERT INTO `message` VALUES (391, 1, 152, 'like', '{&quot;entityType&quot;:1,&quot;entityId&quot;:283,&quot;postId&quot;:283,&quot;userId&quot;:111}', 0, '2023-09-14 21:48:00');
INSERT INTO `message` VALUES (392, 1, 111, 'like', '{&quot;entityType&quot;:1,&quot;entityId&quot;:234,&quot;postId&quot;:234,&quot;userId&quot;:111}', 0, '2023-09-14 21:48:05');
INSERT INTO `message` VALUES (393, 1, 152, 'like', '{&quot;entityType&quot;:2,&quot;entityId&quot;:240,&quot;postId&quot;:275,&quot;userId&quot;:154}', 0, '2023-09-19 12:09:13');
INSERT INTO `message` VALUES (394, 1, 111, 'comment', '{&quot;entityType&quot;:2,&quot;entityId&quot;:152,&quot;postId&quot;:275,&quot;userId&quot;:154}', 0, '2023-09-19 12:09:16');
INSERT INTO `message` VALUES (395, 1, 154, 'like', '{&quot;entityType&quot;:1,&quot;entityId&quot;:291,&quot;postId&quot;:291,&quot;userId&quot;:154}', 1, '2023-09-19 12:10:51');
INSERT INTO `message` VALUES (396, 1, 154, 'comment', '{&quot;entityType&quot;:1,&quot;entityId&quot;:291,&quot;postId&quot;:291,&quot;userId&quot;:154}', 1, '2023-09-19 12:10:58');
INSERT INTO `message` VALUES (397, 1, 154, 'like', '{&quot;entityType&quot;:2,&quot;entityId&quot;:252,&quot;postId&quot;:291,&quot;userId&quot;:154}', 1, '2023-09-19 12:11:00');
INSERT INTO `message` VALUES (398, 1, 154, 'comment', '{&quot;entityType&quot;:2,&quot;entityId&quot;:252,&quot;postId&quot;:291,&quot;userId&quot;:154}', 1, '2023-09-19 12:11:04');
INSERT INTO `message` VALUES (399, 1, 154, 'like', '{&quot;entityType&quot;:2,&quot;entityId&quot;:253,&quot;postId&quot;:291,&quot;userId&quot;:154}', 1, '2023-09-19 12:11:06');
INSERT INTO `message` VALUES (400, 1, 154, 'comment', '{&quot;entityType&quot;:2,&quot;entityId&quot;:252,&quot;postId&quot;:291,&quot;userId&quot;:154}', 1, '2023-09-19 12:11:13');
INSERT INTO `message` VALUES (401, 1, 154, 'like', '{&quot;entityType&quot;:2,&quot;entityId&quot;:254,&quot;postId&quot;:291,&quot;userId&quot;:154}', 1, '2023-09-19 12:11:16');
INSERT INTO `message` VALUES (402, 1, 157, 'comment', '{&quot;entityType&quot;:1,&quot;entityId&quot;:292,&quot;postId&quot;:292,&quot;userId&quot;:157}', 1, '2023-11-28 10:59:15');
INSERT INTO `message` VALUES (403, 1, 157, 'like', '{&quot;entityType&quot;:2,&quot;entityId&quot;:255,&quot;postId&quot;:292,&quot;userId&quot;:157}', 1, '2023-11-28 10:59:19');
INSERT INTO `message` VALUES (404, 1, 152, 'comment', '{&quot;entityType&quot;:1,&quot;entityId&quot;:289,&quot;postId&quot;:289,&quot;userId&quot;:157}', 0, '2023-11-28 11:00:14');
INSERT INTO `message` VALUES (405, 1, 152, 'like', '{&quot;entityType&quot;:1,&quot;entityId&quot;:287,&quot;postId&quot;:287,&quot;userId&quot;:157}', 0, '2023-11-28 11:00:40');
INSERT INTO `message` VALUES (406, 1, 21, 'comment', '{&quot;entityType&quot;:1,&quot;entityId&quot;:294,&quot;postId&quot;:294,&quot;userId&quot;:21}', 1, '2023-11-28 11:11:43');
INSERT INTO `message` VALUES (407, 1, 152, 'comment', '{&quot;entityType&quot;:1,&quot;entityId&quot;:289,&quot;postId&quot;:289,&quot;userId&quot;:157}', 0, '2023-11-28 11:20:45');
INSERT INTO `message` VALUES (408, 1, 157, 'comment', '{&quot;entityType&quot;:2,&quot;entityId&quot;:256,&quot;postId&quot;:289,&quot;userId&quot;:157}', 1, '2023-11-28 11:20:52');
INSERT INTO `message` VALUES (409, 1, 111, 'like', '{&quot;entityType&quot;:2,&quot;entityId&quot;:246,&quot;postId&quot;:286,&quot;userId&quot;:21}', 0, '2024-03-04 11:24:51');
INSERT INTO `message` VALUES (410, 1, 111, 'comment', '{&quot;entityType&quot;:2,&quot;entityId&quot;:246,&quot;postId&quot;:286,&quot;userId&quot;:21}', 0, '2024-03-04 11:24:55');
INSERT INTO `message` VALUES (411, 1, 111, 'like', '{&quot;entityType&quot;:2,&quot;entityId&quot;:247,&quot;postId&quot;:286,&quot;userId&quot;:21}', 0, '2024-03-04 11:25:04');
INSERT INTO `message` VALUES (412, 1, 111, 'comment', '{&quot;entityType&quot;:2,&quot;entityId&quot;:246,&quot;postId&quot;:286,&quot;userId&quot;:21}', 0, '2024-03-04 11:25:18');
INSERT INTO `message` VALUES (413, 1, 152, 'follow', '{&quot;entityType&quot;:3,&quot;entityId&quot;:152,&quot;userId&quot;:21}', 0, '2024-03-05 13:22:18');
INSERT INTO `message` VALUES (414, 1, 152, 'like', '{&quot;entityType&quot;:1,&quot;entityId&quot;:289,&quot;postId&quot;:289,&quot;userId&quot;:21}', 0, '2024-03-06 10:53:55');
INSERT INTO `message` VALUES (415, 1, 21, 'comment', '{&quot;entityType&quot;:1,&quot;entityId&quot;:299,&quot;postId&quot;:299,&quot;userId&quot;:22}', 1, '2024-03-07 10:15:49');
INSERT INTO `message` VALUES (416, 1, 22, 'like', '{&quot;entityType&quot;:2,&quot;entityId&quot;:262,&quot;postId&quot;:299,&quot;userId&quot;:22}', 1, '2024-03-07 10:15:51');
INSERT INTO `message` VALUES (417, 1, 22, 'comment', '{&quot;entityType&quot;:2,&quot;entityId&quot;:262,&quot;postId&quot;:299,&quot;userId&quot;:22}', 1, '2024-03-07 10:15:56');
INSERT INTO `message` VALUES (418, 1, 22, 'like', '{&quot;entityType&quot;:1,&quot;entityId&quot;:301,&quot;postId&quot;:301,&quot;userId&quot;:22}', 1, '2024-03-07 10:18:38');
INSERT INTO `message` VALUES (419, 1, 157, 'like', '{&quot;entityType&quot;:2,&quot;entityId&quot;:256,&quot;postId&quot;:289,&quot;userId&quot;:11}', 0, '2024-03-21 18:07:17');
INSERT INTO `message` VALUES (420, 1, 157, 'like', '{&quot;entityType&quot;:2,&quot;entityId&quot;:258,&quot;postId&quot;:289,&quot;userId&quot;:11}', 0, '2024-03-21 18:07:18');
INSERT INTO `message` VALUES (421, 1, 157, 'like', '{&quot;entityType&quot;:2,&quot;entityId&quot;:256,&quot;postId&quot;:289,&quot;userId&quot;:11}', 0, '2024-03-27 23:33:59');
INSERT INTO `message` VALUES (422, 1, 11, 'comment', '{&quot;entityType&quot;:1,&quot;entityId&quot;:303,&quot;postId&quot;:303,&quot;userId&quot;:11}', 1, '2024-04-23 02:00:21');
INSERT INTO `message` VALUES (423, 1, 11, 'like', '{&quot;entityType&quot;:2,&quot;entityId&quot;:264,&quot;postId&quot;:303,&quot;userId&quot;:11}', 1, '2024-04-23 02:00:23');
INSERT INTO `message` VALUES (424, 1, 154, 'like', '{&quot;entityType&quot;:1,&quot;entityId&quot;:304,&quot;postId&quot;:304,&quot;userId&quot;:155}', 0, '2024-04-23 02:07:34');
INSERT INTO `message` VALUES (425, 1, 154, 'comment', '{&quot;entityType&quot;:1,&quot;entityId&quot;:304,&quot;postId&quot;:304,&quot;userId&quot;:155}', 0, '2024-04-23 02:07:52');
INSERT INTO `message` VALUES (426, 1, 155, 'like', '{&quot;entityType&quot;:2,&quot;entityId&quot;:265,&quot;postId&quot;:304,&quot;userId&quot;:155}', 1, '2024-04-23 02:07:55');
INSERT INTO `message` VALUES (427, 1, 154, 'comment', '{&quot;entityType&quot;:1,&quot;entityId&quot;:304,&quot;postId&quot;:304,&quot;userId&quot;:155}', 0, '2024-04-23 02:08:23');
INSERT INTO `message` VALUES (428, 1, 155, 'like', '{&quot;entityType&quot;:1,&quot;entityId&quot;:305,&quot;postId&quot;:305,&quot;userId&quot;:156}', 0, '2024-04-23 02:09:52');
INSERT INTO `message` VALUES (429, 1, 154, 'like', '{&quot;entityType&quot;:1,&quot;entityId&quot;:304,&quot;postId&quot;:304,&quot;userId&quot;:156}', 0, '2024-04-23 02:10:27');
INSERT INTO `message` VALUES (430, 1, 11, 'like', '{&quot;entityType&quot;:1,&quot;entityId&quot;:303,&quot;postId&quot;:303,&quot;userId&quot;:156}', 1, '2024-04-23 02:10:30');
INSERT INTO `message` VALUES (431, 1, 11, 'comment', '{&quot;entityType&quot;:1,&quot;entityId&quot;:303,&quot;postId&quot;:303,&quot;userId&quot;:156}', 1, '2024-04-23 02:10:36');
INSERT INTO `message` VALUES (432, 1, 11, 'like', '{&quot;entityType&quot;:1,&quot;entityId&quot;:303,&quot;postId&quot;:303,&quot;userId&quot;:21}', 1, '2024-04-23 02:14:26');
INSERT INTO `message` VALUES (433, 1, 156, 'like', '{&quot;entityType&quot;:1,&quot;entityId&quot;:306,&quot;postId&quot;:306,&quot;userId&quot;:21}', 0, '2024-04-23 02:14:34');
INSERT INTO `message` VALUES (434, 1, 11, 'comment', '{&quot;entityType&quot;:1,&quot;entityId&quot;:303,&quot;postId&quot;:303,&quot;userId&quot;:21}', 1, '2024-04-23 02:14:45');
INSERT INTO `message` VALUES (435, 1, 11, 'like', '{&quot;entityType&quot;:1,&quot;entityId&quot;:303,&quot;postId&quot;:303,&quot;userId&quot;:11}', 1, '2024-04-23 02:15:28');
INSERT INTO `message` VALUES (436, 1, 11, 'follow', '{&quot;entityType&quot;:3,&quot;entityId&quot;:11,&quot;userId&quot;:154}', 1, '2024-04-23 02:20:01');
INSERT INTO `message` VALUES (437, 1, 21, 'follow', '{&quot;entityType&quot;:3,&quot;entityId&quot;:21,&quot;userId&quot;:154}', 0, '2024-04-23 02:20:13');
INSERT INTO `message` VALUES (438, 1, 155, 'follow', '{&quot;entityType&quot;:3,&quot;entityId&quot;:155,&quot;userId&quot;:154}', 0, '2024-04-23 02:20:20');
INSERT INTO `message` VALUES (439, 1, 154, 'follow', '{&quot;entityType&quot;:3,&quot;entityId&quot;:154,&quot;userId&quot;:155}', 0, '2024-04-23 02:21:19');
INSERT INTO `message` VALUES (440, 1, 154, 'follow', '{&quot;entityType&quot;:3,&quot;entityId&quot;:154,&quot;userId&quot;:156}', 0, '2024-04-23 02:21:43');
INSERT INTO `message` VALUES (441, 154, 155, '154_155', 'hello', 1, '2024-04-23 02:28:28');
INSERT INTO `message` VALUES (442, 154, 156, '154_156', '在吗哥，想请教您关于数量的一道题目。', 1, '2024-04-23 02:29:07');
INSERT INTO `message` VALUES (443, 155, 154, '154_155', '你好呀嘻嘻嘻', 1, '2024-04-23 02:29:53');
INSERT INTO `message` VALUES (444, 156, 154, '154_156', '这道题我的思路是这样的..', 0, '2024-04-23 02:30:44');
INSERT INTO `message` VALUES (445, 154, 155, '154_155', '请问你也在备考公务员嘛？', 1, '2024-04-23 02:32:08');
INSERT INTO `message` VALUES (446, 155, 154, '154_155', '对呀！下个月要参加广东省考面试了，有问题可以一起交流哦！', 0, '2024-04-23 02:33:31');
INSERT INTO `message` VALUES (447, 1, 11, 'like', '{&quot;entityType&quot;:2,&quot;entityId&quot;:264,&quot;postId&quot;:303,&quot;userId&quot;:155}', 1, '2024-04-23 02:38:05');
INSERT INTO `message` VALUES (448, 1, 11, 'comment', '{&quot;entityType&quot;:2,&quot;entityId&quot;:264,&quot;postId&quot;:303,&quot;userId&quot;:155}', 1, '2024-04-23 02:38:13');
INSERT INTO `message` VALUES (449, 1, 155, 'like', '{&quot;entityType&quot;:2,&quot;entityId&quot;:269,&quot;postId&quot;:303,&quot;userId&quot;:155}', 0, '2024-04-23 02:38:18');
INSERT INTO `message` VALUES (450, 1, 21, 'like', '{&quot;entityType&quot;:2,&quot;entityId&quot;:268,&quot;postId&quot;:303,&quot;userId&quot;:155}', 0, '2024-04-23 02:38:30');
INSERT INTO `message` VALUES (451, 1, 11, 'comment', '{&quot;entityType&quot;:2,&quot;entityId&quot;:264,&quot;postId&quot;:303,&quot;userId&quot;:11}', 1, '2024-04-23 02:39:19');
INSERT INTO `message` VALUES (452, 1, 11, 'like', '{&quot;entityType&quot;:2,&quot;entityId&quot;:264,&quot;postId&quot;:303,&quot;userId&quot;:154}', 1, '2024-04-23 02:40:04');
INSERT INTO `message` VALUES (453, 1, 11, 'like', '{&quot;entityType&quot;:1,&quot;entityId&quot;:303,&quot;postId&quot;:303,&quot;userId&quot;:154}', 1, '2024-04-23 02:40:06');
INSERT INTO `message` VALUES (454, 1, 155, 'like', '{&quot;entityType&quot;:2,&quot;entityId&quot;:269,&quot;postId&quot;:303,&quot;userId&quot;:154}', 0, '2024-04-23 02:40:11');
INSERT INTO `message` VALUES (455, 1, 155, 'like', '{&quot;entityType&quot;:2,&quot;entityId&quot;:269,&quot;postId&quot;:303,&quot;userId&quot;:11}', 0, '2024-05-10 20:52:59');
INSERT INTO `message` VALUES (456, 1, 21, 'comment', '{&quot;entityType&quot;:1,&quot;entityId&quot;:307,&quot;postId&quot;:307,&quot;userId&quot;:11}', 0, '2024-05-20 20:19:25');
INSERT INTO `message` VALUES (457, 1, 11, 'comment', '{&quot;entityType&quot;:2,&quot;entityId&quot;:271,&quot;postId&quot;:307,&quot;userId&quot;:11}', 1, '2024-05-20 20:19:34');
INSERT INTO `message` VALUES (458, 1, 11, 'comment', '{&quot;entityType&quot;:2,&quot;entityId&quot;:271,&quot;postId&quot;:307,&quot;userId&quot;:11}', 1, '2024-05-20 20:19:42');
INSERT INTO `message` VALUES (459, 1, 11, 'comment', '{&quot;entityType&quot;:2,&quot;entityId&quot;:271,&quot;postId&quot;:307,&quot;userId&quot;:11}', 1, '2024-05-20 20:19:54');
INSERT INTO `message` VALUES (460, 1, 11, 'like', '{&quot;entityType&quot;:2,&quot;entityId&quot;:272,&quot;postId&quot;:307,&quot;userId&quot;:11}', 1, '2024-05-20 20:20:01');
INSERT INTO `message` VALUES (461, 1, 11, 'like', '{&quot;entityType&quot;:2,&quot;entityId&quot;:271,&quot;postId&quot;:307,&quot;userId&quot;:11}', 1, '2024-05-20 20:20:03');
INSERT INTO `message` VALUES (462, 1, 11, 'like', '{&quot;entityType&quot;:2,&quot;entityId&quot;:273,&quot;postId&quot;:307,&quot;userId&quot;:11}', 1, '2024-05-20 20:20:04');
INSERT INTO `message` VALUES (463, 1, 11, 'like', '{&quot;entityType&quot;:2,&quot;entityId&quot;:274,&quot;postId&quot;:307,&quot;userId&quot;:11}', 1, '2024-05-20 20:20:08');
INSERT INTO `message` VALUES (464, 1, 155, 'comment', '{&quot;entityType&quot;:1,&quot;entityId&quot;:308,&quot;postId&quot;:308,&quot;userId&quot;:11}', 0, '2024-05-20 20:20:25');
INSERT INTO `message` VALUES (465, 1, 11, 'comment', '{&quot;entityType&quot;:2,&quot;entityId&quot;:275,&quot;postId&quot;:308,&quot;userId&quot;:11}', 1, '2024-05-20 20:20:32');
INSERT INTO `message` VALUES (466, 1, 11, 'comment', '{&quot;entityType&quot;:1,&quot;entityId&quot;:312,&quot;postId&quot;:312,&quot;userId&quot;:11}', 1, '2024-05-20 20:22:04');
INSERT INTO `message` VALUES (467, 1, 11, 'like', '{&quot;entityType&quot;:1,&quot;entityId&quot;:312,&quot;postId&quot;:312,&quot;userId&quot;:11}', 1, '2024-05-20 20:22:06');
INSERT INTO `message` VALUES (468, 1, 11, 'like', '{&quot;entityType&quot;:1,&quot;entityId&quot;:311,&quot;postId&quot;:311,&quot;userId&quot;:160}', 1, '2024-05-20 20:30:42');
INSERT INTO `message` VALUES (469, 1, 11, 'like', '{&quot;entityType&quot;:1,&quot;entityId&quot;:303,&quot;postId&quot;:303,&quot;userId&quot;:160}', 1, '2024-05-20 20:30:47');
INSERT INTO `message` VALUES (470, 1, 160, 'comment', '{&quot;entityType&quot;:1,&quot;entityId&quot;:313,&quot;postId&quot;:313,&quot;userId&quot;:160}', 1, '2024-05-20 20:31:47');
INSERT INTO `message` VALUES (471, 1, 160, 'comment', '{&quot;entityType&quot;:1,&quot;entityId&quot;:313,&quot;postId&quot;:313,&quot;userId&quot;:11}', 1, '2024-05-20 20:32:12');
INSERT INTO `message` VALUES (472, 1, 160, 'comment', '{&quot;entityType&quot;:2,&quot;entityId&quot;:278,&quot;postId&quot;:313,&quot;userId&quot;:11}', 1, '2024-05-20 20:32:20');
INSERT INTO `message` VALUES (473, 160, 11, '11_160', '11', 1, '2024-05-20 20:36:42');
INSERT INTO `message` VALUES (474, 11, 160, '11_160', '111', 1, '2024-05-20 20:38:24');
INSERT INTO `message` VALUES (475, 1, 160, 'like', '{&quot;entityType&quot;:1,&quot;entityId&quot;:314,&quot;postId&quot;:314,&quot;userId&quot;:160}', 1, '2024-05-21 23:29:43');
INSERT INTO `message` VALUES (476, 1, 160, 'comment', '{&quot;entityType&quot;:1,&quot;entityId&quot;:314,&quot;postId&quot;:314,&quot;userId&quot;:160}', 1, '2024-05-21 23:29:47');
INSERT INTO `message` VALUES (477, 160, 11, '11_160', '？', 1, '2024-05-21 23:30:56');
INSERT INTO `message` VALUES (478, 11, 160, '11_160', 'hhh', 1, '2024-05-21 23:31:13');
INSERT INTO `message` VALUES (479, 1, 11, 'comment', '{&quot;entityType&quot;:1,&quot;entityId&quot;:303,&quot;postId&quot;:303,&quot;userId&quot;:160}', 1, '2024-05-21 23:33:01');
INSERT INTO `message` VALUES (480, 1, 11, 'like', '{&quot;entityType&quot;:1,&quot;entityId&quot;:303,&quot;postId&quot;:303,&quot;userId&quot;:160}', 1, '2024-05-21 23:33:09');
INSERT INTO `message` VALUES (481, 160, 11, '11_160', '666', 1, '2024-05-21 23:33:35');
INSERT INTO `message` VALUES (482, 1, 11, 'like', '{&quot;entityType&quot;:1,&quot;entityId&quot;:303,&quot;postId&quot;:303,&quot;userId&quot;:160}', 1, '2024-05-21 23:40:45');
INSERT INTO `message` VALUES (483, 1, 11, 'comment', '{&quot;entityType&quot;:1,&quot;entityId&quot;:303,&quot;postId&quot;:303,&quot;userId&quot;:160}', 1, '2024-05-21 23:40:49');
INSERT INTO `message` VALUES (484, 1, 11, 'comment', '{&quot;entityType&quot;:2,&quot;entityId&quot;:264,&quot;postId&quot;:303,&quot;userId&quot;:160}', 1, '2024-05-21 23:41:00');
INSERT INTO `message` VALUES (485, 1, 11, 'comment', '{&quot;entityType&quot;:1,&quot;entityId&quot;:315,&quot;postId&quot;:315,&quot;userId&quot;:11}', 0, '2024-05-21 23:47:57');
INSERT INTO `message` VALUES (486, 1, 11, 'like', '{&quot;entityType&quot;:1,&quot;entityId&quot;:315,&quot;postId&quot;:315,&quot;userId&quot;:155}', 0, '2024-05-21 23:48:31');
INSERT INTO `message` VALUES (487, 1, 11, 'like', '{&quot;entityType&quot;:2,&quot;entityId&quot;:285,&quot;postId&quot;:315,&quot;userId&quot;:155}', 0, '2024-05-21 23:48:32');
INSERT INTO `message` VALUES (488, 1, 11, 'comment', '{&quot;entityType&quot;:1,&quot;entityId&quot;:315,&quot;postId&quot;:315,&quot;userId&quot;:155}', 0, '2024-05-21 23:48:40');
INSERT INTO `message` VALUES (489, 1, 11, 'like', '{&quot;entityType&quot;:1,&quot;entityId&quot;:315,&quot;postId&quot;:315,&quot;userId&quot;:160}', 0, '2024-05-21 23:51:10');
INSERT INTO `message` VALUES (490, 1, 11, 'comment', '{&quot;entityType&quot;:2,&quot;entityId&quot;:285,&quot;postId&quot;:315,&quot;userId&quot;:160}', 0, '2024-05-21 23:51:14');
INSERT INTO `message` VALUES (491, 160, 11, '11_160', '?', 1, '2024-05-21 23:52:20');
INSERT INTO `message` VALUES (492, 11, 160, '11_160', '111', 1, '2024-05-21 23:52:31');
INSERT INTO `message` VALUES (493, 1, 11, 'like', '{&quot;entityType&quot;:1,&quot;entityId&quot;:303,&quot;postId&quot;:303,&quot;userId&quot;:160}', 0, '2024-05-21 23:57:31');
INSERT INTO `message` VALUES (494, 1, 11, 'comment', '{&quot;entityType&quot;:2,&quot;entityId&quot;:264,&quot;postId&quot;:303,&quot;userId&quot;:160}', 0, '2024-05-21 23:57:35');
INSERT INTO `message` VALUES (495, 160, 11, '11_160', '222', 1, '2024-05-21 23:57:57');
INSERT INTO `message` VALUES (496, 11, 160, '11_160', '222', 1, '2024-05-21 23:58:07');

-- ----------------------------
-- Table structure for objective_paper
-- ----------------------------
DROP TABLE IF EXISTS `objective_paper`;
CREATE TABLE `objective_paper`  (
  `id` int NOT NULL AUTO_INCREMENT,
  `name` varchar(255) CHARACTER SET utf8 COLLATE utf8_bin NOT NULL COMMENT '试卷名称',
  `choice_num` int NULL DEFAULT NULL COMMENT '选择题数量',
  `tf_num` int NULL DEFAULT NULL COMMENT '判断题数量',
  `start_time` timestamp NULL DEFAULT NULL COMMENT '开始时间',
  `end_time` timestamp NULL DEFAULT NULL COMMENT '结束时间',
  `duration` int NULL DEFAULT NULL COMMENT '答题时长（分钟）',
  `total_score` decimal(5, 2) NULL DEFAULT NULL COMMENT '总分',
  `category_id` int NOT NULL COMMENT '试卷分类id',
  `is_delete` int NOT NULL DEFAULT 0 COMMENT '是否删除1是0否',
  `type` int NOT NULL DEFAULT 0 COMMENT '试卷类型，以区分管理员/用户发布的试卷，1为公有0私有',
  PRIMARY KEY (`id`) USING BTREE
) ENGINE = InnoDB AUTO_INCREMENT = 20 CHARACTER SET = utf8 COLLATE = utf8_bin ROW_FORMAT = Dynamic;

-- ----------------------------
-- Records of objective_paper
-- ----------------------------
INSERT INTO `objective_paper` VALUES (2, '随机5题', 5, 0, NULL, NULL, 5, NULL, 12, 0, 1);
INSERT INTO `objective_paper` VALUES (5, '专项训练(言语理解)', 5, 0, NULL, NULL, 0, NULL, 13, 0, 0);
INSERT INTO `objective_paper` VALUES (6, '专项训练(数量关系)', 5, 0, NULL, NULL, 0, NULL, 13, 0, 0);
INSERT INTO `objective_paper` VALUES (7, '专项训练(判断推理)', 5, 0, NULL, NULL, 0, NULL, 13, 0, 0);
INSERT INTO `objective_paper` VALUES (8, '专项训练(言语理解)', 5, 0, NULL, NULL, 0, NULL, 13, 0, 0);
INSERT INTO `objective_paper` VALUES (9, '专项训练(言语理解)', 5, 0, NULL, NULL, 0, NULL, 13, 0, 0);
INSERT INTO `objective_paper` VALUES (10, '专项训练(数量关系)', 5, 0, NULL, NULL, 0, NULL, 13, 0, 0);
INSERT INTO `objective_paper` VALUES (11, '专项训练(判断推理)', 5, 0, NULL, NULL, 0, NULL, 13, 0, 0);
INSERT INTO `objective_paper` VALUES (12, '专项训练(常识判断)', 5, 0, NULL, NULL, 0, NULL, 13, 0, 0);
INSERT INTO `objective_paper` VALUES (13, '随机10题', 10, 0, NULL, NULL, 10, NULL, 12, 0, 1);
INSERT INTO `objective_paper` VALUES (14, '随机15题', 15, 0, NULL, NULL, 15, NULL, 12, 0, 1);
INSERT INTO `objective_paper` VALUES (15, '专项训练(言语理解)', 5, 0, NULL, NULL, 0, NULL, 13, 0, 0);
INSERT INTO `objective_paper` VALUES (16, '专项训练(言语理解)', 5, 0, NULL, NULL, 0, NULL, 13, 0, 0);
INSERT INTO `objective_paper` VALUES (17, '专项训练(数量关系)', 5, 0, NULL, NULL, 0, NULL, 13, 0, 0);
INSERT INTO `objective_paper` VALUES (18, '专项训练(言语理解)', 5, 0, NULL, NULL, 0, NULL, 13, 0, 0);
INSERT INTO `objective_paper` VALUES (19, '专项训练(言语理解)', 5, 0, NULL, NULL, 0, NULL, 13, 0, 0);
INSERT INTO `objective_paper` VALUES (20, '专项训练(常识判断)', 5, 0, NULL, NULL, 0, NULL, 13, 0, 0);

-- ----------------------------
-- Table structure for paper_article
-- ----------------------------
DROP TABLE IF EXISTS `paper_article`;
CREATE TABLE `paper_article`  (
  `id` int NOT NULL AUTO_INCREMENT COMMENT '试卷_材料id',
  `paper_id` int NULL DEFAULT NULL COMMENT '主观题试卷id',
  `article` text CHARACTER SET utf8 COLLATE utf8_bin NULL COMMENT '材料内容',
  `article_order` int NULL DEFAULT NULL COMMENT '材料序号：材料1、材料2...',
  PRIMARY KEY (`id`) USING BTREE
) ENGINE = InnoDB AUTO_INCREMENT = 24 CHARACTER SET = utf8 COLLATE = utf8_bin ROW_FORMAT = Dynamic;

-- ----------------------------
-- Records of paper_article
-- ----------------------------
INSERT INTO `paper_article` VALUES (6, 2, '党的二十大强调，高质量发展是全面建设社会主义现代化国家的首要任务。党的十八大以来，习近平总书记对广东高质量发展谆谆指引，总书记深情指出，“广东改革发展先行一步，对推动高质量发展必要性和紧迫性的感受会更深一些”，寄望广东“在推动高质量发展上聚焦用力，发挥示范引领作用”。2023年春节，总书记又提出“扎实推进广东高质量发展”的殷切要求。\r\n\r\n2023年1月28日，正月初七，全省高质量发展大会在兔年首个工作日召开，会议强调，广东的未来发展，取决于今天的行动，关键在于推动高质量发展的谋划、担当与作为。\r\n\r\n产业潮流，浩浩荡荡，纵观世界工业史，制造业的竞争格局在很大程度上是由制造业重镇引领和决定的。改革开放以来，广东经历了从“制造业起家”到“制造业当家”的发展和跨越，成为引领中国高质量发展的“排头兵”。\r\n\r\n推动制造业高质量发展，制造业当家是内在要求。\r\n\r\n2019年11月，全省推动制造业高质量发展大会指出，广东要把推动制造业高质量发展摆在必争必胜的关键地位，以制造业高质量发展承载时代机遇、履行时代担当。\r\n\r\n2022年12月，中共广东省委十三届二次全会强调，坚持制造业当家，高水平谋划推进现代化产业体系建设，把制造业这份厚实家当做优做强，在新的高度挺起广东现代化建设的“脊梁”。\r\n\r\n岭南处处是春天，广东时时无闲人。新时代新征程新起点，制造业当家的嘹亮号角已经吹响，广东正谱写中国式现代化广东实践的新篇章！', 1);
INSERT INTO `paper_article` VALUES (7, 2, '1979年，珠江口的一片滩涂上，春雷乍响，中国第一个外向型工业园区——蛇口工业园区破土开建，从深圳到广州、佛山、东莞，“三来一补”企业如雨后春笋般涌现，现代工业在广东扎下了根，广东迈出了制造业起家的坚定步伐。\r\n\r\n1998年，广东省GDP总量超过新加坡，达1030亿美元，首次超越“亚洲四小龙”成员，制造业高速发展是关键。\r\n\r\n进入新世纪，面对加入WTO带来的机遇和挑战，广东坚持制造业立省，推动制造业持续转型升级。多家世界知名汽车品牌在广州投资建厂，这是广东制造业转型升级的经典之作。广州现已成为全国三大汽车制造基地之一。广东电子信息产业从无到有，不断转型发展。2003年，电子信息技术领域有69种高新技术产品单厂产值超过10亿元，一度上演“东莞塞车，世界缺货”。\r\n\r\n党的十八大以来，广东大力推动“广东制造”向“广东智造”转变，“制造大省”向“制造强省”转变，制造业转入高质量发展轨道。\r\n\r\n2021年，广东工业增加值突破4.5万亿元，位居全国第一，约占全国的八分之一；制造业增加值占全球近4%。国家制造业创新中心数，5G基站数、入选国家绿色制造名单数等多项指数居全国第一；智能家电集群全球规模最大、家电制造其他品类最齐全，汽车集群实现汽车产量连续5年位居全国第一。\r\n\r\n有专家指出，与制造业当家的要求相比，广东仍有很大提升空间，关键核心技术受制于人的局面尚未根本改变，破解“卡脖子”问题需要继续努力，资源要素配置协同亟待优化，产业基础能力有待进一步提高。', 2);
INSERT INTO `paper_article` VALUES (8, 2, '制造业当家，质量是基础。广东积极推进质量强省战略，“质量第一”成为全社会的价值道德。\r\n\r\n产品质量决定制造业的成色。“在质量上，我们遵循严格的制造标准，坚持‘以造飞机的精神造家居’。”A家居集团是广东省政协质量奖获奖企业之一，总裁朱先生直言质量是企业的立身之本，过硬的产品，让A家居集团成为全国家居行业领军者。\r\n\r\n近年来，广东以产业链为纽带，不断推动制造业质量标准升级，引导企业不断提升产品质量。截至2022年底，广东企事业单位主导或者参与制修订国际标准3037项，已有56个国际、国家专业标准技术委员会组织落户广东，为广东制造业高质量发展提供有力的支撑。\r\n\r\n一枝独秀不是春，百花齐放春满园。如何帮助众多企业提升产品质量？2019年以来，广东省市场监管部门组建首批8家省级“产品医院”，创新开展产品质量安全“问诊治病”活动，强化质量基础设施协同应用，对1600余家生产企业开展技术帮扶，提出4700多条整改建议以及整改措施，产品质量整体水平有效提升。\r\n\r\n“当前，广东正扎实开展质量提升行动，助力产业塑造竞争新优势。”省市场监管部门相关负责人介绍，省政府设立了5亿元的广东省质量提升发展基金，在全省遴选100个行业或者产品开展质量强业活动，助推中小微企业解决质量技术短板。\r\n\r\n“质量基础是质量建设的重要组成部分。”该负责人指出，广东还高度重视质量基础建设，率先将质量基础设施建设纳入新型基础设施建设规划。截至2021年底，广东获批设立国家计量基准3个，国家级和省级产业计量测试中心32个，国家技术标准创新基地6个，建成或在建国家质检中心83个，数量居全国第一。\r\n\r\n同时，广东不断完善质量管理办法，严厉查处质量违法行为，制造业产业质量合格率从2016年92.49%提高到2021年94.85%，消费品质量合格率从2016年87.01%提高到2021年93.38%。\r\n\r\n只有每个产品都有质量，每家企业都以质量为目标，制造业发展才会更有质量。', 3);
INSERT INTO `paper_article` VALUES (9, 2, '追求质量、打造品牌，擦亮广东制造金字招牌，是广东制造的优良传统。上世纪九十年代，珠江水(饮料)、广东粮(食品)、岭南衣(服装)、粤家电，优质的广东制造赢得人们的青睐。现在，广东生产了全世界近一半的智能手机、三分之一的液晶电视、三成的空调，新能源汽车、无人机等新赛道上的广东企业领跑全球，越来越多的广东制造优质产品享誉世界。\r\n\r\n在湖南长沙，国内首条磁悬浮列车所用“导电轨”的供应商是一家来自广东佛山的企业——H集团。“质量是企业的生命，品牌是企业的灵魂。”作为广东省政府质量奖获奖企业，该集团总经理倍感自豪。\r\n\r\n在广东，像H集团一样的品牌标杆越来越多。截至2022年，全省共有3家组织获中国质量奖，15家组织和1名个人获中国质量奖提名奖，累计62家组织获省政府质量奖，36家组织和1名个人获省政府质量奖提名奖。近年来，广东大力强化品牌建设，发挥省政府质量奖示范引领作用，推广获奖企业先进经验，将先进的质量文化、品牌理念向全产业链延伸。\r\n\r\n“中国陶瓷要受世界青睐，就要保证质量、打造品牌。”深耕行业40余年，佛山D陶瓷公司董事长何先生深谙品牌的重要性。作为佛山陶瓷龙头企业之一，D陶瓷公司不断强化自身品牌建设，引领行业品质提升。作为发起人之一，D公司联合佛山陶瓷行业34家企业成立佛山众陶联供应链服务有限公司(简称众陶联)。\r\n\r\n“打造品牌是我们的发展方向。”众陶联一位负责人谈到联盟发展时脱口而出。众陶联通过制定陶瓷产业全链条的技术标准、管理标准、服务标准，提升全行业产品质量，打造佛山陶瓷品牌。“佛山陶瓷”已为广东“产品＋产业＋集群＋产地”区域品牌创建的典型代表。如今，全球每出口3块瓷砖就有一块来自中国，仅佛山陶瓷出口就占61%。\r\n\r\n2022年12月，汕头市商标品牌培育指导站揭牌仪式隆重举行。指导站的设立，旨在打造为当地企业提供商标品牌服务一站式公共服务平台，揭牌仪式结束后，指导站立即开展首场活动，为参会企业进行商标品牌专题培训，围绕商品服务分类、商标注册审查、品牌侵权判定等内容进行辅导。\r\n\r\n截至目前，汕头市有效注册商标累计达33万多件，平均每1.4个市场主体拥有1件注册商标，拥有集体商标53件，迫切需要商标品牌公共服务。\r\n\r\n2023年1月，在主题为“新时代·新品牌”的第三届品牌强国先行论坛上，广东B铝材公司凭借在铝型材领域的专攻专研和质量保证，获评“广东知名品牌”称号。\r\n\r\n“开年就获得‘广东知名品牌’，为我们公司新的一年打响头炮，赢得开门红。”B铝材公司负责人表示，“我们将以广东知名品牌的荣誉担当，不负重任，为广东制造争光。”\r\n\r\n品牌强国先行论坛由广东省企业品牌建设促进会承办，“作为全国领先的品牌建设社会服务平台，近些年我们发起了品牌广东工程、品牌强国先行工程、广东品牌发展大会等活动，广受制造业企业欢迎。”该促进会有关负责人介绍。\r\n\r\n据了解，广东还有国家商标品牌创新创业（广州）基地、广东商标协会、广东品牌网等一批品牌专业组织，为制造业企业提供品牌人才培养、知名品牌培育、企业品牌战略升维等服务。\r\n\r\n此外，广东近些年也通过举办中国品牌国际化（广东）峰会、广东省中国品牌日活动、中国品牌人年会、品牌强国先行论坛等高端品牌会议，大力宣传广东制造，推动企业从“要素竞争”向“品牌竞争”转变，为广东打造国家级品牌、世界级品牌注入强大动力，擦亮了广东制造金字招牌。', 4);
INSERT INTO `paper_article` VALUES (10, 2, '兔年春节刚过，珠三角地区机器轰鸣，企业快速复工复产，完备的工业体系环环相扣、并肩作战，超1600万户市场主体铆足干劲。在集群带动下，广东以培育战略性产业集群为牵引，推进产业链补链、延链、固链、强链，促进数字经济和实体经济深度融合，推动广东制造业逆势上升。\r\n\r\n2021年，广东20个战略性产业集群实现增加值超4.9万亿元，同比增长8.3%，增加值占广东GDP比重约40%，“压舱石”作用明显，集群聚力，广东制造业呈现出加快跃升的新气象。\r\n\r\n2021年，广东新一代电子信息产业实现营收4.56万亿元，产业规模连续31年居全国第一，在龙头企业带动下，一条沿着珠江东岸分布的高端电子信息产业带璀璨夺目，汇聚起一大批电子信息零配件隐形冠军和产业链上下游企业。\r\n\r\n目前，广东培育新形成了新一代电子信息、绿色石化、智能家电、汽车等8个产值超万亿元的产业集群，是当仁不让的“中流砥柱”。\r\n\r\n面对第四次工业革命带来的新一轮全球产业变革，广东抢抓机遇，在半导体及集成电路、新能源、高端装备制造等领域，一大批战略性新兴产业集群正通过核心技术攻关，演绎着全球范围内换道超车的故事。\r\n\r\n在新赛道上，广东半导体及集成电路产业迎难而上，2021年以来，广东推动成立投资规模均超百亿元的三大产业集团，设立总规模超千亿的6只投资基金，支持广州、深圳、珠海等打造集成电路产业发展集聚区。\r\n\r\n“以碳化硅、氮化镓为代表的第三代半导体技术，有望成为广东竞逐领先的新赛道。”某重点实验室大功率半导体装备研究部伍教授说。\r\n\r\n开启勇闯未来产业“无人区”的征程，广东已经行动起来。深圳最早出台培养未来产业专项文件，布局合成生物、脑科学与类脑智能、量子信息等8个未来产业。2022年，广州生物医药新型移动出行未来产业科技园成功入选省“未来产业科技园建设试点及培育名单”。\r\n\r\n走进广东首座5G全连接智能制造示范工厂——C集团厨热事业部顺德工厂，一排排机器人手臂整齐划一，高效作业；AI视觉替代人工质检，工人远程轻松操作，佩戴AR设备实现远程设备检修，AR远程验货让疫情期间的工作准时交付等。数字经济与实体经济加快深度融合，更好赋能广东制造业发展。\r\n\r\n2018年，广东率先出台《深化“互联网＋先进制造业”发展工业互联网实施方案及配套政策措施》。2021年，《广东省制造业数字化转型实施方案及若干政策措施》《广东省数字经济促进条例》相继发布实施，并启动广州、深圳、佛山、东莞四地制造业数字化转型示范城市建设。\r\n\r\n从企业个体到全链条产业集群，广东制造业数字化转型成效已经呈现。顺德小家电产业集群通过数字化整合全产业链，帮助200家中小企业交货周期减少三分之一、人均产值提升三分之一。', 5);
INSERT INTO `paper_article` VALUES (11, 2, '手机芯片、显示屏以及高端装备的动力控制系统，它们的性能如何？这几年，企业纷纷把测试样品送到位于“制造业之都”东莞的中国散裂中子源。\r\n\r\n“启用4年来，中国散裂中子源已完成8轮用户实验、800多项课题，累计服务用户4000多名，成为大湾区科技创新的共享性关键支撑平台。”中国散裂中子源工程陈总指挥说，以中国散裂中子源代表的一批大科学装置、重大科研平台从无到有、从小到大，是广东科技自立自强的实际行动。\r\n\r\n近年，广东大力推进实施“广东强芯”“璀璨行动”等重大科源工程，以高水平科技自立自强，加快构建全过程创新生态链，畅通从科技强到企业强、产业强、经济强的通道。\r\n\r\n“打造具有国际竞争力的制造业集群，需要解决的一个核心问题就是创新链。”陈总指挥说。\r\n\r\n“4年前我和我的合伙人回到广州创办E集团时，广东本土12英寸集成电路制造还是空白。如今E集团已成长为粤港澳大湾区唯一12英寸晶圆进入量产的本土制造企业。”集团负责人陈女士谈企业创新时表示，“集团将继续加大技术研发投入，强化产学研深度融合，努力把企业打造成为强大的创新主体。”\r\n\r\n不久前，E集团完成第二轮战略融资，估值超过百亿元。“从初创公司到‘超级独角兽’，E集团仅仅只用了5年。”一位投资人回忆。伴随E集团成长的是一个近30家机构组成的“超豪华”投资人阵容，她们为E集团的发展提供了有力的金融支撑。\r\n\r\n对科技型创造业企业来说，产业研发、技术推广具有较大不确定性，需要不断投入资金。曾经，惠州某激光科技有限公司何总经理聊起切割钢板如“豆腐脑花”般的技术很自豪，但说起融资却直摇头。\r\n\r\n对于科技型制造企业的烦恼，广东银行业在全国首创“技术流”评价体系——首次将“科技创新”作为企业的核心资源要素纳入评价系统。\r\n\r\n“技术流”评价是近年来广东银行业服务科创型制造业的一个注脚，得益于此，何总经理的难题迎刃而解，获得的融资中就包含知识产权质押贷款5千万元，公司增资扩产项目顺利落地。数据显示，2022年前三季度，广东知识产权质押贷款累计投放规模达到110.23亿元，同比增长66%。\r\n\r\n见微知著，近年广东不断加强企业知识产权服务，广东知识产权综合发展指标连续9年居全国第一，知识产权重要指标均居全国前列。2022年8月，佛山市顺德区、深圳市南山区、广州市越秀区、深圳市福田区入选国家知识产权强县建设示范县。\r\n\r\n“广东专利成果转化和运用为制造业高质量发展持续注入新动力、新活力。”广东专利代理协会郝会长说。\r\n\r\n行业出题，校企答题。E集团还牵手广州高校，协同培养集成电路复合型创新人才，共同组建研究团队攻关集成电路“卡脖子”难题。目前，广东已逐渐建立起拔尖创新人才培养共同体，推动学科链、创新链、人才链与产业链多链聚合融通。\r\n\r\n科技是第一生产力、人才是第一资源、创新是第一动力。广东高度重视人才培养，现有普通高校160所，高等教育毛入学率57.65%，年输出数十万高素质人才；实施博士博士后人才专项支持计划、青年优秀科研人才国际培养计划，全省建有博士后科研平台1239家，博士后工作站1083家，在站博士后超1.1万人，占全国1/7。', 6);
INSERT INTO `paper_article` VALUES (12, 2, '济济多士，乃成大业；人才蔚起，国运方兴。习近平总书记强调，“青年强，则国家强”，“青年人才是国家战略人才力量的源头活水”，要“给予年轻人才更多的信任、更好的帮助、更有力的支持，支持青年人才挑大梁、当主角”。\r\n\r\n人才大潮涌珠江，广东制造业的发展，是一代代青年的热血和汗水浇灌的，也为广大青年提供了施展才干的广阔舞台。一支有理想、敢担当、能吃苦、肯奋斗的青年人才队伍，有力助推广东在制造业发展中赢得主动。\r\n\r\n一场有关广东制造业高质量发展的某高端论坛上，38岁的F集团董事长高先生豪情满怀，“中国企业家的格局决定了中国制造未来的发展，富有企业家精神的年轻一代企业家，正挑起广东制造业高质量发展的大梁。”F集团主业是工业机器人，在高先生带领下，已经成为行业领军企业，实现了核心技术自主可控，产品远销80多个国家和地区。\r\n\r\n“跟广东老一代企业家相比，年轻一代企业家更具有国际视野，更能把握行业和技术发展趋势，引领作用更加明显。”长期研究企业管理的周教授说。\r\n\r\nF集团总经理方先生是一名职业经理人，3年前，年仅32岁的方先生主导了F集团数字化管理模式改革，打造了一支年轻化、专业化的管理团队，带领企业成功实现从传统管理向现代智能管理的转型，使企业效益不断提升。2021年，集团营收超500亿元，产值近2000亿元。\r\n\r\n走进广州某航空公司飞机部件维修基地，“这是电子电气研究室，旁边是机械研发室，我们增设了一批自动化设备。”“南粤工匠”刘工热情介绍。\r\n\r\n1985年，20岁的刘工从技校毕业进入该基地。“当时我国飞机维修能力很有限，连辅助工具都依赖进口。”如今，刘工团队研究发现的工装设备已获国家专利证书131项。“技能人才是制造业当家的重要基础。这支队伍后继有人、日渐壮大，我们的制造强国梦才能实现。”刘工说。\r\n\r\n不少“00后”受到鼓舞，投身技能报国。白云国际机场户外修机坪，20岁的小郑正对照图纸认真检查飞机。“之前有幸到某基地参观并聆听刘工的分享，我想成为飞机维修师！”这位全国职业技能大赛银牌得主尚未毕业，便收到公司的邀请，提前签约。\r\n\r\n改革开放以来，广东建成了世界上最完备的产业链供应链和工业体系，背后是一支宏大的高素质产业工人队伍。目前，广东技能人才总量超1800万，其中高技能人才超600万，青年人才占了大部分，他们是广东制造业的有力支撑。\r\n\r\n制造业重镇佛山、东莞、中山设有广东省研究生联合培养基地，从基地毕业的研究生，几乎都留在粤港澳大湾区发展。2022年7月，新一批近300名佛山基地研究生陆续到企业报到。其中，研究生小黎入驻一家新材料公司。短短半年，小黎就依托该企业的创新实验室成功申请3项专利，帮助企业解决了耐高温、耐冲蚀、高导热涂料的技术难题，制备出的新型材料很快投入试用。\r\n\r\n2020年12月，30岁的吴博士从美国学成归来，受邀出任广东一家科技初创企业研发总监。“广东向我伸出‘橄榄枝’，简直一拍即合。”这位年轻的海归科学家把粤港澳大湾区称为“梦想之都”。两年来，吴博士团队成功申请20余项PCT国际专利。\r\n\r\n如今，数十万青年研发人才活跃在广东制造业各领域，全省高科技企业数量、有效发明专利量稳居全国首位。\r\n\r\n“我刚担任该企业法律顾问时，出售产品的送货单随便由职员签字，企业直接盖章整本的收款收据，造成大量货款成了呆账，合同管理混乱严重影响企业经营发展。”潮州一家五金企业法律顾问王律师说。年仅28岁的王律师对该公司合同管理提出了合理意见，帮助公司重新设计了收取货款流程。\r\n\r\n“现在公司的货款呆账降到极低比例，企业得到快速发展。”王律师介绍，“该企业已成为潮州五金行业龙头企业。”\r\n\r\n“广东制造业当家，离不开知识产权、管理咨询、法律、设计等服务的支持，活跃在专业服务领域的主要是青年人。”从事生产性服务业研究的一位专家说。', 7);
INSERT INTO `paper_article` VALUES (13, 2, '金属摩擦声响起，新能源汽车零部件自动生产线启动，一颗制动系统零件轻声下线。2022年9月，深汕特别合作区某品牌汽车工业园正式投产。深汕合作区向世界级汽车城迈出了重要的一步。\r\n\r\n2011年，深汕特别合作区批准建立。11年内，合作区计划投产产值从百亿级跃至万亿级，以电子信息、新材料、新能源、智能制造为主的先进制造集群迅速崛起。\r\n\r\n以深汕特别合作区为代表的大平台，是广东推进区域协调发展和制造业高质量发展的重要支点。广（广州）清（清远）纺织服装产业转移园区计划建成集纺织服装生产加工、仓储物流、金融质押、交易中心于一体的现代化产业园区，可以承载上万家企业。珠海（阳江）产业转移工业园在五金刀剪产业超百亿的基础上，规划打造产业高品质紧固件、机械装备和电子电器三大超百亿元产业集群。\r\n\r\n曾经，粤东西北的园区只是简单的承接产业转移，将珠三角用过的“老家具”原封不动搬过去。\r\n\r\n如今，这一模式已经成为过去式。\r\n\r\n一方面，粤东西北善于利用自身地理、能源和市场需求优势，高标准引入珠三角产业基础和技术研发资源。\r\n\r\n另一方面，面向战略性新兴产业，从引入“龙头”到集群成链，粤东粤西粤北和珠三角地区先进产业打起协同发展的“组合拳”。\r\n\r\n翻开广东产业集群星级地图，我们会看到这样的一副图景：\r\n\r\n珠三角，高端制造业星群一如既往的亮眼，2022年工信部发布的先进制造业百强市榜单中，珠三角9市均入榜。\r\n\r\n粤东，汕头海上风电规划装机容量全省第一，正在打造一个千亿级的汕头国际风电创新港(园区)。\r\n\r\n粤西，湛江东海岛石化产业园项目建成后，将成为巴斯夫全球第三大一体化生产基地，形成一个世界级绿色石化产业集群。\r\n\r\n粤北，韶关正加速建设全国一体化算力网络粤港澳大湾区国家枢纽节点数据中心集群，打造千亿级电子信息和大数据产业集群。\r\n\r\n放眼未来，珠三角高端制造业核心区、东西两翼沿海制造业拓展带、北部绿色制造发展区。广东各具特色的产业区域分布跃然于南粤大地。', 8);
INSERT INTO `paper_article` VALUES (14, 2, '2022年12月，在粤港澳大湾区全球招商大会上，“老外”柏先生有了一个新身份：广东省全球招商顾问。\r\n\r\n“我们深刻体会到广东一流的发展环境，也坚定了在广东扩大的信心。”身为全球工业气体巨头中国公司总裁的柏先生对记者说。\r\n\r\n包括柏先生在内，已有38名来自制造业各领域的全球招商顾问广东代表，为粤港澳大湾区代言，吸引全球制造业高端项目落户。\r\n\r\n近年来，广东对接国际标准，持续深化改造、扩大开放，推进“放管服”改革，“有为政府”精准发力，营造世界一流制造业发展环境，推动制造业企业降低经营成本，激发企业创新创造活力。\r\n\r\n“在企业版民生诉求系统，我们提交了补贴申请的咨询，很快就收到了政府发来的受理通知。”位于深圳P区的某科技公司经营中的问题得到了快速响应。\r\n\r\n2021年底，深圳P区上线企业版民生诉求系统APP，企业只需“一键”提交诉求，后台便能根据职责清单分拨到相关部门，第一时间跟进解决。\r\n\r\n近年来，深圳不断优化政务环境，做到“有事服务，无事不扰”，营造公平、开放的市场环境。2022年初，深圳出台改革方案，对企业的支持更加注重从“给优惠”向“给机会”转变，积极鼓励新兴产业与领域发展。\r\n\r\n“通过‘信任审评’‘信任筹建’以及智慧筹建APP，我们感受到被信任、被重视和被服务。”广州S电气设备公司总经理逄先生说。\r\n\r\n2021年，广州市M区探索实施“信任筹建”制度，在全省率先采用“带规划方案”出让用地新模式，为S公司新工厂快速落地扫除障碍。\r\n\r\n“引进即筹建、拿地即开工、竣工即投产”，这样的速度在广东不是噱头，而是一场以市场主体需求为向导的实实在在的改革。作为国内生物制药企业生力军，G公司仅用四年时间，便在广州实现研发、产业化和商业化的全链条布局。\r\n\r\n“这样的发展速度，如果放在其他国家，可能需要十年，甚至更长时间。”G公司首席执行官感慨道。\r\n\r\n从“简政放权”“流程再造”到“绣花功夫”，广州持续推进政务服务改革。2022年，广州启动新一轮改革，以“激发活力”为主线，进一步优化政务服务。\r\n\r\n没有好土壤，就长不出好庄稼。近年来，广东推动有为政府和有效市场“双向奔赴”，激活广东制造业高质量发展“一池春水”。', 9);
INSERT INTO `paper_article` VALUES (15, 3, '总括材料\r\n\r\n党的二十大把高质量发展作为全面建设社会主义现代化国家的首要任务，对全面推进乡村振兴作出了重要部署。广东实现高质量发展的突出短板在县、薄弱环节在镇、最艰巨最繁重的任务在农村。2022年广东全面推进乡村振兴，部署实施“百县千镇万村高质量发展工程”，提出建设宜居宜业和美乡村，通过构建现代乡村产业体系，稳步实施乡村建设行动，加强和完善乡村治理，进一步扎实有序做好乡村发展、乡村建设、乡村治理重点工作，推动乡村振兴取得新进展、农业农村现代化迈出新步伐，对推动广东在全面建设社会主义现代化国家新征程中走在全国前列、创造新的辉煌具有重要意义。\r\n\r\n为深入贯彻党的二十大精神，进一步抓好以乡村振兴为重心的“五农”各项工作，源南县乡村振兴工作领导小组办公室近日派出调研组前往各镇村调研，了解乡村振兴推进情况。以下摘录了调研组杨组长、小王、小陈实地调研中的所见所闻。\r\n\r\n \r\n\r\n材料1\r\n\r\n时间：2023年2月20日9：00\r\n\r\n地点：北山镇\r\n\r\n在北山镇党委委员李斌的陪同下，调研组来到该镇乡村振兴人才驿站。宽敞的大厅里，咨询处、办事服务终端、文体设施等应有尽有。一旁的人才展示宣传栏吸引住了大家的目光，其中一张照片下有这样一段文字：邓忠达，新安村党支部书记、村委会主任，乡村治理工作经验丰富，调解纠纷、处理突发事件能力强，热心帮助村民解决实际困难，是村民公认的“好支书”。在他的带领下，2022年新安村荣获源南县“基层治理示范村”称号。\r\n\r\n人才驿站工作人员曾小琪在一旁介绍道：“这是我镇的人才展示宣传栏，上面这些都是助推我镇乡村振兴的典型人物。这是企业家林启长，他开办了一家预制菜加工厂，把本地丰富的农产品做成美味佳肴，送到千家万户的餐桌上，带动本地预制菜产业的发展。他热心公益事业，逢年过节都会去慰问村里的困难户。”\r\n\r\n鲁小洪接着说：“除了本地企业家，这几年返乡创业的人才也很多，像这位赖以赏，大学毕业后在省会待了几年，前年回来开了家电商公司，在网上卖起了我们这儿的农产品，不仅打开了销路，还实现了本地农产品从农民手上到消费者手上的‘一步到位’。还有这位叫邓志明，退伍后就在家琢磨怎么把青头鸭养好，现在已经成为了村里的养鸭大户，大家看他身后的养鸭场，已经被打造成吃、住、游一体化的生态养殖场，不仅带动本地的旅游发展，还打响了这里的青头鸭品牌。”\r\n\r\n杨组长听后连连点头：“真的是人才兴，产业兴！”\r\n\r\n“这是李其让，根雕大师，根雕是我市非物质文化遗产，为了传承这门祖传手艺，他精钻深研40多年，现在雕出来的东西栩栩如生，把根雕文化给做‘活’了，他的工作室在我们这边很有名气，很多人在他那儿当学徒，乡村振兴工作队的同志帮他在大城市找到了新市场，像他手上拿的那对小福鹿就能卖到三四千。”曾小琪指着一张背景满是根雕的照片说。\r\n\r\n小陈问：“你们镇乡村振兴工作队工作开展得怎么样？”\r\n\r\n李委员介绍道：“他们刚来没多久就摸透了镇上情况，然后天天跑项目、跑资金，一年内引进了好几个项目，有兰花厂、种苗基地、蘑菇种植等。这些项目推行‘党支部+公司+基地+农户’的联农带农模式，带动周边村民一起干，现在村民赚得比以前更多了。大家都特别佩服他们！”李委员指着咨询台的中年男子，“那位是工作队的队长，是生态环境局的林科长，他跟进的农村垃圾、污水治理、农业面源污染调整治理、村容村貌提升这几项工作都取得很大成效。现在我们这儿的生态越来越好了，为了方便村民咨询，林科长还在这里驻了点，围着他的那几位村民，就是在咨询养殖污水处理和农药使用注意事项的……”\r\n\r\n看着这些“能人”在乡村舞台大显身手的画面，杨组长不禁感叹道：“乡村为人才提供广阔天地，人才为乡村振兴添砖加瓦！”', 1);
INSERT INTO `paper_article` VALUES (16, 3, '时间：2023年2月20日15：00\r\n\r\n地点：清河镇榕泉村\r\n\r\n榕泉村历史悠久，是个少数民族村，在清河镇副镇长张德新的提议下，一行人沿着榕泉村打造的特色游览线路参观。\r\n\r\n榕泉村党支部书记阳光华介绍道：“我们围绕粤乡风貌、民族风情、四季风景等主题，精心打造‘一河十景百花千树万种风情游’，像千年榕、不老泉、古祠堂都已经成为网红打卡点。”对着指示牌上的线路图，阳书记如数家珍，“经常有节目组在这里取景，好多游客成为了群演，可开心了！还有不少年轻人专程赶来露把脸呢！”\r\n\r\n这是个典型的古村落，临河而建，经过修缮改造，民族风格更加浓郁：溪流潺潺，清可见底；花团锦簇，香气馥郁；古树名木，枝繁叶茂；百年老屋，古色古香，游人如织，还有好几个画家正在采风。\r\n\r\n随后，一行人来到体验基地，榕泉村基于独特的民族风情，设计很多体验项目，从服饰、茶叶的制作，到文化节、传统墟市等游客都可以亲身体验，感受民族文化的魅力。“做一回银匠、绣娘、器师，跳一场舞，抓一次鱼，这些活动为游客带来全新体验，让他们乐在其中。”阳书记说。\r\n\r\n在“稻田鱼”照片前，阳书记念起他们的“鱼经”，“我们围绕稻田鱼做文章，游客可以自己抓鱼、烤鱼，体验农家乐趣；每年举办稻田鱼文化节‘万人抓鱼’活动，吸引近万名游客参与，那场面，非常壮观。”稻田养鱼这种古老的农耕文化和现代农业的绿色理念不谋而合，稻鱼共生，收获的不仅有肥美的鱼儿，更有健康的粮食。“稻田鱼、丝苗米也是我们的特色农产品，可抢手啦！这儿的土鸡、豆腐、竹笋也特好吃，我们采用本土秘制烹饪方法，做成各类美食，别有一番风味，不少人专门开车过来，就为了吃这一口。在特色美食街，四处飘香，身着盛装的村民载歌载舞，用农家自酿酒款待客人，让人感到宾至如归。”\r\n\r\n面对热闹的场面，杨组长问道：“有些景区白天热闹非凡，夜晚门可罗雀，你们有没有遇到这种情况？”\r\n\r\n阳书记点点头道：“当然遇到过！为此还费了一番脑筋呢！”\r\n\r\n说着把大家带到康养区并作详细解释。榕泉村在原有民宿的基础上，发挥民族医药资源优势，发展大众康养休闲产品，让游客泡泡温泉，放松身心。疗养房、推拿房、钓鱼台、高山茶、养生汤、特色药膳、篝火晚会、康养节目、养生讲座，不胜枚举。\r\n\r\n康养区内还设置了文创品专卖区，手机挂件、穿戴配饰、车载饰品、房间摆件等琳琅满目。两名主播穿戴着民族服饰，正在直播带货。这些文创产品既传播了民族文化，又提升了经济效益。\r\n\r\n“不仅要让游客满意而去，还要让他们满载而归。榕泉村专门请了创意设计专家，举办创意设计大赛，开发大量文创产品，通过线上线下销售，开拓了广阔的市场。”张副镇长说。\r\n\r\n“我们做好‘以文兴村’这篇大文章，农文旅一体化，游养买一条龙。”随后阳书记幽默了一把，“引得来，玩得嗨；留下来，买买买。”顺口溜逗得大家哈哈大笑。', 2);
INSERT INTO `paper_article` VALUES (17, 3, '时间：2023年2月21日9：00\r\n\r\n地点：临溪镇大围村\r\n\r\n“百县千镇万村高质量发展工程”提出创新乡村治理方式方法，其中提到推广应用积分制。积分制是指对村民参与乡村治理的行为进行积分制给予奖励的一种机制。听说大围村在这方面做得还不错，调研组决定去看看。\r\n\r\n走进大围村党群服务中心，能看到积分奖品兑换处的货柜上摆满杯子、牙刷、雨伞等小物品，都是村民平时用得到的。一旁的公开栏上，经费来源、奖品购买价格、村民得分和兑换情况等内容一目了然。\r\n\r\n1月6日，袁明参与村庄清洁志愿活动获5分，总积分25分。\r\n\r\n1月28日，张秀梅兑换洗洁精一瓶用10分，总积分余5分。\r\n\r\n……\r\n\r\n看到不少来兑奖的村民，小王说：“积分制挺受欢迎啊！”\r\n\r\n“那当然啦！现在氛围都不一样了，大家都争着做好事。”身旁提着瓶洗衣液的阿姨笑着说，“一开始村里面搞这个，我们也不太相信，怕赚了积分换不到奖品。还别说，有些村民和党员们一起参加了几次防电信诈骗宣传活动，每个人拿到20分，兑换了茶杯，还有的去参加交通劝导、治安巡逻等，都拿到积分换了奖品，慢慢地大家都参与进来了。”\r\n\r\n大围村党支部书记朱小治介绍说：“我们实行积分制有段时间了，以前没有充分认识到积分的意义，不够重视，实施效果不太好。后来我们去了解其他地方是怎么做的，才意识到它有那么多的好处！”\r\n\r\n同行的临溪党委副书记赵卫国接过话说：“积分制能引导更多村民参与乡村治理，促进农村和谐稳定。作为组织方，肯定得自己先明白为什么要进行积分制。”\r\n\r\n朱书记点点头，继续介绍道：“于是我们决定改变做法，召开党员大会、村民代表大会，大家各抒己见，一起制定更符合实际的赋分内容和评分标准。大家都认为修改后的方法可操作性更强。实行一段时间后，参与的村民越来越多，乡风也更加文明了。”\r\n\r\n杨组长问：“实行积分制这么久，有没有出现随意兑换的情况？购买奖品的钱从哪里来呢？”\r\n\r\n“这个倒不会。在程序规范和公平公正方面，我们把得很严，村‘两委’班子组成评分小组，负责评分、兑换；党员代表、村民代表组成监督小组，负责核实、公示；积分申报、审核、评定、统计等全过程公开。资金这方面，主要来源于村集体经济收入和乡贤捐赠。为保障积分制一直运行下去，我们正寻找其他资金来源渠道。”朱书记回答道。\r\n\r\n“我们每月都会把明细公布在这里和交流群，村民可以随时监督。”朱书记指着公开栏继续说，“除了准备更丰富的奖品，每季度我们还会按照积分高低，评选‘文明先锋’，颁发流动红旗。我们还在征求村民意见，看还有没有其他的奖励方式。此外，这几天一直跟镇上的大超市谈，打算用他们的消费券来做奖励，我相信积分制会越来越有吸引力。”\r\n\r\n听完朱书记的介绍，杨组长对大家说：“对于乡村治理来说，积分制就是一套有效的奖励机制。国家和省市一直在倡导推广运用积分制。大围村在这方面作了有效的探索，值得推广。”', 3);
INSERT INTO `paper_article` VALUES (18, 3, '时间：2023年2月21日14：30\r\n\r\n地点：上塘镇\r\n\r\n此次来到上塘镇，调研组计划向分管农业农村的副镇长詹世钊了解农村集体经济增收的情况。一行人提前到达镇政府，得知詹副镇长兼管应急管理工作，正在主持应急管理办的例会，征得同意后，大家决定旁听会议，参会的还有应急管理办张主任、余副主任和科员小曾、小潘，以及新入职干部小麦。\r\n\r\n调研组入座后，詹副镇长说：“我们继续，小曾你接着说。”\r\n\r\n“目前我正在完善防汛应急预案。我原本以为预案写得很不错了，没想到初稿出来后，主任指出了很多疏漏，尤其是群众转移路线、人员安置、生活物资保障等考虑得不够全面，自己还是太缺乏经验了。”小曾挠挠头说。\r\n\r\n张主任说：“小曾，这方面你还得再加强一下。应急预案很重要，一旦出现突发情况，就要对照预案开展处置工作，特别是涉及群众生命财产安全的，一定马虎不得！”\r\n\r\n“说到突发事件处置工作，我想起前几天邻镇的那场森林火灾，虽然过火面积不是很大，但是处分了不少人。”小潘说。\r\n\r\n余副主任马上说：“这件事我了解过。他们接到报告后，出动慢，处置也慢！火势差点蔓延到村民生活区，威胁到群众生命财产安全，这是不可原谅的！无论出现什么突发情况，应急处置每慢一分钟，就多十分危害。”\r\n\r\n小麦说：“我虽然来这儿工作不久，但感觉工作特别多特别杂，除了随时待命，还要不停地做防风、防汛、防寒、防火等各种‘防’的工作。”\r\n\r\n这时詹副镇长皱了皱眉，“小麦啊，你要提高思想觉悟，安全重于泰山，保障群众生命财产安全就是我们工作的重中之重！应急管理工作涉及面广，工作难免会多一些。”\r\n\r\n张主任紧接着说：“所以啊，要经常进村入户走企业，开展各项安全隐患排查整治，把安全隐患扼杀在萌芽状态，‘防’住了总比事后再处置好吧。”\r\n\r\n“最近天气冷，用火用电变多了。张主任，你明天要继续安排并开展消防安全检查。”詹副镇长交代。\r\n\r\n张主任点点头，“好的，会后就安排。”\r\n\r\n“不好意思，我想请教一下，如果有企业不重视安全生产工作，我们该怎么处理？”小麦问道。\r\n\r\n张主任拍了拍桌上那一摞安全生产法律法规，“这些就是我们的‘武器’！法律法规怎么定的，我们就怎么来，该责令限期整改的就责令限期整改，该责令暂时停产停业的就责令暂时停产停业。”\r\n\r\n“说到隐患排查，辖区这么大，总感觉我们力量有点不够，风险隐患光靠镇村干部哪里排查得过来……”小潘摇摇头说。\r\n\r\n“单靠我们这些人肯定不够，所以必须发动群众一起参与。上次暴雨过后，胜利桥有个涵洞堵了，不就是几个村民最先发现，然后清理了嘛！所以平常要多宣传、多动员，引导广大党员、群众、企业、社会组织、领导等都参与进来，合力做好防治工作。”詹副镇长说完后，大家不约而同地点了点头……', 4);
INSERT INTO `paper_article` VALUES (19, 3, '时间：2023年2月21日15：20\r\n\r\n地点：上塘镇百岭村、塘头村、羊角村\r\n\r\n会议结束后，调研组跟着詹副镇长来到位于半山腰的百岭村。\r\n\r\n“以前光靠山林池场这些租金，村集体一年收入也就1万多，镇里急，我们也急。”百岭村党支部书记巫智杰带着大家来到几间厂房前，上面写着“鸿力电子商务中心”“飞兔快递驿站”等字样，巫书记指着它们继续说：“后来我们在清点村集体资产时，发现这几间厂房闲置了好久，于是清理好租了出去；还有一处废弃校舍，租给村民改造成特色民宿。现在每年光这两项就能进账好几万块。”\r\n\r\n大家走到观景亭，只见亭柱上写着“蓝天白云常做客，绿水青山入画来”，放眼望去，群山连绵起伏，层峦叠嶂，云雾缭绕。大家顿觉心旷神怡。亭内不少游客在茶座上边喝茶边欣赏风景，谈笑风生。“观景亭和这些茶座是在近几年建成的，由村集体负责管护。喏，那些茶具都是我们租给游客使用的。这几年本地游很火，茶座生意蛮好。”巫书记说。\r\n\r\n“相信不久后，这些绿水青山都将变成金山银山！”杨组长说。离开百岭村，调研组来到塘头村。村党支部书记黄强带着大家来到甲鱼养殖基地，工人们正在忙活。“这是和塘尾村、羊角村一起建的。我们村的地是不少，但资金短缺；塘尾村没有合适的养殖场地，不过比较有钱；羊角村没什么自然资源，劳动力比较多。我们出地，他们出钱、出劳动力，抱团搞养殖，收益由三个村按比分成。”\r\n\r\n随后，一行人来到“塘头茶叶色选”厂房，厂内堆着大量毛茶，工人正将毛茶送入机器进行分拣。黄书记介绍：“除了和别的村一起搞养殖，我们村还自己办企业开工厂，主要经营茶叶分拣等业务。大家看，这是全县最好的八层茶叶色选机，刚买不久，这个‘大家伙’可不便宜，我们还向银行贷了款。”\r\n\r\n“这机器能为村集体带来多少收入？”杨组长提了个关键问题。\r\n\r\n“虽然一斤毛茶只收几毛钱，但胜在量够大，很多大茶企都送来这里分拣。除去成本，他们每年将有10多万的收入，这个投入还是比较划算的。”詹副镇长说。\r\n\r\n接着，黄书记带着大家来到一片大棚基地，“这些大棚里种的是花卉，也是村集体的产业。我们大力推动土地流转，村民以土地入股。根据发展规划，对连片流转的土地，有些进行规模化种植，有些承包给外来企业。这提高了土地产出率，让土地经营收益最大化。目前，我们已经流转了两千多亩土地。”\r\n\r\n詹副镇长指向远处一片正在平整的土地，补充道：“现在县里准备申报建设现代农业产业园，我们争取将这一片纳入其中。”\r\n\r\n最后，调研组来到羊角村党群服务中心，正好遇到一群手拿斗笠的村民从小巴上走下来。“他们是不是去参加什么活动呀？”小陈疑惑道。“应该是刚采完茶回来。”詹副镇长说。\r\n\r\n“没错。”羊角村党支部委员郑文军接过话，“我们村自然资源不多，以前村民大多外出务工。后来我们书记调查发现，每当采茶季，镇上很多种茶大户都需要雇人采茶。我们村这些人，祖祖辈辈都是农民，采茶种地轻车熟路。于是，村集体负责跟种茶大户和茶企对接，签订服务协议，组织村民去采摘茶叶，按协议收取费用。不仅村民能在家门口赚钱，村集体也有一定收入，两全其美。”\r\n\r\n小陈好奇地问：“那采茶季忙完后，村民还有别的活干吗？”\r\n\r\n“除了采茶，还可以为其他地方的工程建设、养殖项目等提供人手。不久前有几个返乡大学生加入我们队伍，我们正计划增加农产品网络推广服务。”郑委员回答。\r\n\r\n“靠山吃山，靠水吃水，看来为了建设宜居宜业和美乡村，大家立足自身基础和资源优势，各尽所能、各展所长，走出了自己的特色发展道路！”返程路上，回顾这两天的所见所闻，杨组长不禁感叹。', 5);

-- ----------------------------
-- Table structure for paper_essay
-- ----------------------------
DROP TABLE IF EXISTS `paper_essay`;
CREATE TABLE `paper_essay`  (
  `id` int NOT NULL AUTO_INCREMENT COMMENT '试卷_主观题表id',
  `paper_id` int NULL DEFAULT NULL COMMENT '主观题试卷id',
  `essay` text CHARACTER SET utf8 COLLATE utf8_bin NULL COMMENT '问题题干',
  `essay_order` int NULL DEFAULT NULL COMMENT '问题序号',
  `answer` text CHARACTER SET utf8 COLLATE utf8_bin NULL COMMENT '参考答案',
  PRIMARY KEY (`id`) USING BTREE
) ENGINE = InnoDB AUTO_INCREMENT = 18 CHARACTER SET = utf8 COLLATE = utf8_bin ROW_FORMAT = Dynamic;

-- ----------------------------
-- Records of paper_essay
-- ----------------------------
INSERT INTO `paper_essay` VALUES (6, 2, '请根据材料4，概括广东“追求质量、打造品牌，擦亮广东制造金字招牌”的主要举措。（20分）\r\n\r\n要求：概括全面、准确，条理清晰，篇幅不超过200字。', 1, '       1.发挥示范作用。设立省政府质量奖，表彰优秀企业，推广先进经验，将质量文化、品牌理念向全产业链延伸。\r\n\r\n       2.制定行业标准。联合打造供应链平台，制定产业全链条技术、管理、服务标准，提升产品质量，打造区域品牌。\r\n\r\n       3.提供品牌公共服务。打造商标品牌服务一站式公共服务平台，开展专题培训；创建品牌专业组织，提供品牌扶持服务。\r\n\r\n       4.提升品牌知名度。举办高端品牌会议，宣传广东制造，推动企业从“要素竞争”向“品牌竞争”转变。\r\n\r\n       参考答案说明：本参考答案围绕“发挥示范作用”“制定行业标准”“提供品牌公共服务”“提升品牌知名度”这四个方面的举措分条撰写，各条具体要点之间在内容上相互并列，没有交叉。');
INSERT INTO `paper_essay` VALUES (7, 2, '未来属于青年，希望寄予青年。请根据材料7，谈谈青年人才对推动制造业高质量发展的重要作用。（30分）\r\n\r\n要求：观点鲜明正确，分析全面透彻，条理清晰，表达准确，篇幅不超过300字。', 2, '       1.年轻企业家发挥引领作用。发扬企业家精神，树立国际视野，把握行业和技术发展趋势，提升企业行业地位，实现核心技术自主可控，拓宽市场；主导企业数字化管理模式改革，打造年轻化专业化管理团队，提升效益。\r\n\r\n       2.技能人才促进产业体系升级。自主研发工装设备，夯实产业基础；吸引挖掘人才，投身技能报国，壮大高素质产业工人队伍，建成完备产业链供应链和工业体系。\r\n\r\n       3.高端人才突破创新技术。建设培养基地，打造高端人才，解决技术难题，促进成果应用；吸引海归人才团队，推动专利研发，提高省内科技企业数量和有效发明专利量。\r\n\r\n       4.专业服务人才改善企业经营。提供多元化服务支撑，提出管理意见，优化企业流程，降低风险，助推企业稳定快速发展。\r\n\r\n       参考答案说明：本参考答案围绕“年轻企业家发挥引领作用”“技能人才促进产业体系升级”“高端人才突破创新技术”“专业服务人才改善企业经营”这四个方面的作用分条撰写，各条具体要点之间在内容上相互并列，没有交叉。');
INSERT INTO `paper_essay` VALUES (8, 2, '制造业是国家经济命脉所系，是立国之本、强国之基。请结合全部给定材料，联系实际，围绕“把广东制造业这份厚实家当做优做强”这一主题，自拟题目，撰写一篇策论文。（50分）\r\n\r\n要求：\r\n\r\n（1）对策合理，紧密联系材料；\r\n\r\n（2）条理清晰，论证严密，合乎逻辑；\r\n\r\n（3）结构完整，表达准确，行文流畅；\r\n\r\n（4）篇幅在800-1000字。', 3, '                        推动制造业高质量发展 挺起现代化建设“脊梁”\r\n\r\n       改革开放以来，广东制造业实现了跨越式发展，然而与制造业当家的要求相比，仍有很大提升空间。要把制造业这份厚实家当做优做强，就要高水平谋划，扎实推进制造业高质量发展，在新高度挺起广东现代化建设“脊梁”。\r\n\r\n       坚持“质量第一”，强化品牌建设。要在标准、技术、基础设施等方面做好扶持保障工作，引导企业提升产品质量，塑造竞争新优势；同时要发挥品牌标杆的示范引领作用，优化品牌服务，帮助企业锻造灵魂。产品质量是企业安身立命之本，为此广东应主动作为，不断推动行业质量标准升级，为企业提供针对性技术帮扶，强化质量基础设施的协同应用，多路径帮助企业以质量赢得市场。此外，还要擦亮广东制造金字招牌，树立典型，提供品牌培育等服务，将先进品牌理念向全产业链延伸。\r\n\r\n       打造产业集群，优化产业布局。以培育战略性新兴产业集群为牵引，通过数字化整合全产业链，推动区域间产业资源互补、协同发展，形成各具特色的新兴产业布局。数据表明，新兴产业集群是广东制造业逆势上升的“压舱石”，因此要抓住全球产业变革机遇，加速推进数字经济与实体经济融合，集群聚力，助力企业提质增效。不但如此，各地区也应充分发挥自身的比较优势，立足产业特色和资源禀赋，善于借势、因地制宜，推进区域错位、协调发展。\r\n\r\n       实现科技自强，用好青年人才。多渠道保障企业创新主体地位，破解关键核心技术“卡脖子”难题，提升产业基础能力；发挥青年人主力军作用，打造创新人才培养共同体，为技术升级提供人才支撑。既要创新“技术流”金融扶持评价体系，又要加强企业知识产权服务，加快专利成果转化运用，以此支持企业开展技术研发与推广，保障企业制造业技术进步的主体地位。此外，我们还要依托人才的力量，深化产学研融合，协同培养复合型创新人才，保障人才多样性，为广东“智造”提供服务支持。\r\n\r\n        “有为政府”精准发力，营造世界一流制造业发展环境。除持续优化政务服务改革，做到“有事服务，无事不扰”外，还应营造公平、开放的市场环境，激发企业创新创造活力。推进“放管服”改革，打造线上民生诉求系统，实现办事服务快速响应，推动制造业企业降低经营成本；实施“信任筹建”制度，满足市场主体需求，从“给优惠”向“给机会”转变，积极鼓励新兴产业与领域发展。\r\n\r\n       岭南春早，奋楫扬帆。广东只有持续高质量发展制造业，才能更好服务大局，当好中国高质量发展“排头兵”。\r\n\r\n文章分析\r\n\r\n推动制造业高质量发展 挺起现代化建设“脊梁”\r\n\r\n       【标题的优点：标题中包含了主题词“制造业”，做到了文章主题突出、清晰；同时，形式上采取对称式，使标题美观饱满。】\r\n\r\n       （1）改革开放以来，广东制造业实现了跨越式发展，然而与制造业当家的要求相比，仍有很大提升空间。（2）要把制造业这份厚实家当做优做强，就要高水平谋划，扎实推进制造业高质量发展，在新高度挺起广东现代化建设“脊梁”。\r\n\r\n       【开头的优点：★内容方面。范文的开头是紧扣“把广东制造业这份厚实家当做优做强”这一主题展开的。首先，介绍了广东制造业发展的背景以及发展瓶颈；其次，引出了把广东制造业这份厚实家当做优做强的总体对策。★文字表达方面。使用了“然而”等逻辑词，增强了文章的逻辑性。】\r\n\r\n坚持“质量第一”，强化品牌建设。要在标准、技术、基础设施等方面做好扶持保障工作，引导企业提升产品质量，塑造竞争新优势；同时要发挥品牌标杆的示范引领作用，优化品牌服务，帮助企业锻造灵魂。（1）产品质量是企业安身立命之本，（2）为此广东应主动作为，不断推动行业质量标准升级，为企业提供针对性技术帮扶，强化质量基础设施的协同应用，多路径帮助企业以质量赢得市场。（3）此外，还要擦亮广东制造金字招牌，树立典型，提供品牌培育等服务，将先进品牌理念向全产业链延伸。\r\n\r\n       【论述段1的优点：★观点句：范文的观点句是紧扣“把广东制造业这份厚实家当做优做强”这一文章主题提出的。形式上，它在段首处直接写出，位置突出，容易发现。内容上，关键词突出，内容要点明确，可以明显看出是从“提升产品质量，加强品牌建设”的角度，论述“把广东制造业这份厚实家当做优做强”的对策。★论述内容：（1）先指出产品质量对制造业发展的重要性；（2）再从质量标准、技术帮扶、基础设施等层面提出对策；（3）最后从品牌建设的角度提出对策。注意：以上几个方面的内容都是紧扣“坚持‘质量第一’，强化品牌建设”这方面观点进行分析论述的，论述的针对性强，内容层次清晰。】\r\n\r\n       打造产业集群，优化产业布局。以培育战略性新兴产业集群为牵引，通过数字化整合全产业链，推动区域间产业资源互补、协同发展，形成各具特色的新兴产业布局。（1）数据表明，新兴产业集群是广东制造业逆势上升的“压舱石”，因此要抓住全球产业变革机遇，加速推进数字经济与实体经济融合，集群聚力，助力企业提质增效。（2）不但如此，各地区也应充分发挥自身的比较优势，立足产业特色和资源禀赋，善于借势、因地制宜，推进区域错位、协调发展。\r\n\r\n       【论述段2的优点：★观点句：范文的观点句是紧扣“把广东制造业这份厚实家当做优做强”这一文章主题提出的。形式上，它在段首处直接写出，位置突出，容易发现。内容上，关键词突出，内容要点明确，可以明显看出是从“打造产业集群，优化产业布局”的角度，论述“把广东制造业这份厚实家当做优做强”的对策。★论述内容：（1）先指出打造产业集群的重要性、对策；（2）再提出优化产业布局的对策。以上几个方面的内容都是紧扣“打造产业集群，优化产业布局”这方面观点进行分析论述的，论述的针对性强，内容层次清晰。】\r\n\r\n       实现科技自强，用好青年人才。多渠道保障企业创新主体地位，破解关键核心技术“卡脖子”难题，提升产业基础能力；发挥青年人主力军作用，打造创新人才培养共同体，为技术升级提供人才支撑。（1）既要创新“技术流”金融扶持评价体系，又要加强企业知识产权服务，加快专利成果转化运用，以此支持企业开展技术研发与推广，保障企业制造业技术进步的主体地位。（2）此外，我们还要依托人才的力量，深化产学研融合，协同培养复合型创新人才，保障人才多样性，为广东“智造”提供服务支持。\r\n\r\n       【论述段3的优点：★观点句：范文的观点句是紧扣“把广东制造业这份厚实家当做优做强”这一文章主题提出的。形式上，它在段首处直接写出，位置突出，容易发现。内容上，关键词突出，内容要点明确，可以明显看出是从“实现科技自强，用好青年人才”的角度，论述“把广东制造业这份厚实家当做优做强”的对策。★论述内容：（1）先介绍了保障企业创新主体地位的途径；（2）再介绍了发挥人才作用的对策。以上几个方面的内容都是紧扣“实现科技自强，用好青年人才”这方面观点进行分析论述的，论述的针对性强，内容层次清晰。】\r\n\r\n       “有为政府”精准发力，营造世界一流制造业发展环境。除持续优化政务服务改革，做到“有事服务，无事不扰”外，还应营造公平、开放的市场环境，激发企业创新创造活力。（1）推进“放管服”改革，打造线上民生诉求系统，实现办事服务快速响应，推动制造业企业降低经营成本；（2）实施“信任筹建”制度，满足市场主体需求，从“给优惠”向“给机会”转变，积极鼓励新兴产业与领域发展。\r\n\r\n       【论述段4的优点：★观点句：范文的观点句是紧扣“把广东制造业这份厚实家当做优做强”这一文章主题提出的。形式上，它在段首处直接写出，位置突出，容易发现。内容上，关键词突出，内容要点明确，可以明显看出是从“政府发力”的角度，论述“把广东制造业这份厚实家当做优做强”的对策。★论述内容：（1）先提出优化政务服务的举措；（2）而后提出激发企业创新创造活力的做法。以上几个方面的内容都是紧扣“政府发力，营造一流制造业发展环境”这方面观点进行分析论述的，论述的针对性强，内容层次清晰。】\r\n\r\n       【论述段之间的关系：★内在逻辑上：范文的论述段之间呈现出递进的关系，论述段1先提出要“坚持‘质量第一’，强化品牌建设”，明确指出质量是第一位的；之后，论述段2、3再在保证质量的基础上，提出要“打造产业集群，优化产业布局”“实现科技自强，用好青年人才”；最后，从长远来看，良好的发展环境才能促进可持续、高质量发展，因此，论述段4提出“政府发力，营造一流制造业发展环境”。】\r\n\r\n       岭南春早，奋楫扬帆。广东只有持续高质量发展制造业，才能更好服务大局，当好中国高质量发展“排头兵”。\r\n\r\n       【结尾的优点：范文的结尾回扣了主题，并阐述了深远意义。】');
INSERT INTO `paper_essay` VALUES (9, 3, '推动乡村全面振兴，关键靠人。根据材料1，简要概括人才在北山镇乡村振兴工作中发挥的作用。（15分）\r\n\r\n要求：概括全面，表达准确，条理清晰；篇幅不超过200字。', 1, '       1.改善基层治理。调解纠纷、处理突发事件，帮助村民解决实际困难，发展公益事业。\r\n\r\n       2.发展农村产业。带动加工业、旅游业发展，打开线上销路，实现农消对接，打响品牌。\r\n\r\n       3.传承乡村文化。继承和发展非物质文化遗产，提升知名度，培养传承人。\r\n\r\n       4.提升村民收入。开拓城市市场，提升产品价格；带动招商引资，联农带农。\r\n\r\n       5.保护农村生态。治理污染，提升村容村貌，提供相关便民咨询。\r\n\r\n       参考答案说明：本参考答案从“改善基层治理”“发展农村产业”“传承乡村文化”“提升村民收入”“保护农村生态”五个方面展开，各条答案要点之间在内容上相互并列，没有交叉。');
INSERT INTO `paper_essay` VALUES (10, 3, '根据材料2，请你谈谈榕泉村是如何利用自身文化资源吸引游客的。（15分）\r\n\r\n要求：分析全面，表述准确，条理清晰；篇幅不超过200字。', 2, '       榕泉村以文兴村，农文旅一体化，游养买一条龙，具体做法为：\r\n\r\n       1.打造特色游览线路，吸引游客到来。利用古村落资源，建设多个主题景观，打造网红景点。\r\n\r\n       2.建设体验基地，彰显文化魅力。基于民族风情，设计体验项目，还能品尝民族风味美食。\r\n\r\n       3.建设康养区，吸引游客驻留。发挥民族医药优势，发展大众康养休闲产品，让游客放松身心。\r\n\r\n       4.开发文创产品，刺激游客购物。设置文创产品专卖区，线上线下销售，开拓广阔市场。\r\n\r\n       参考答案说明：本参考答案呈现“总-分”结构，由宏观做法和具体做法两个方面组成，具体做法从“打造特色游览线路，吸引游客到来”“建设体验基地，彰显文化魅力”“建设康养区，吸引游客驻留”“开发文创产品，刺激游客购物”这四个方面进行了分条撰写。各条答案要点之间在内容上相互并列，没有交叉。');
INSERT INTO `paper_essay` VALUES (11, 3, '根据材料3，如果要在全镇推广大围村实行积分制的经验，你认为临溪镇应重点把握哪些方面？（20分）\r\n\r\n要求：紧扣材料，考虑全面，表述准确；篇幅不超过300字。', 3, '       1.落实奖励，吸引群众参与。初期举办主题活动，邀请群众参与，所获积分及时兑换成奖品，增强群众参与的积极性。\r\n\r\n       2.民主协商，共议制度内容。召开集体会议，引导干部群众各抒己见，共同制定符合实际的赋分内容和评分标准。\r\n\r\n       3.严格把关，确保公平公正。由村干部负责评分、兑换；村民监督，负责核实、公示；积分申报、审核等全过程公开。\r\n\r\n       4.广开渠道，拓宽资金来源。在村集体经济收入和乡贤捐赠外，积极寻找其他资金来源渠道，保障积分制长久持续运行。\r\n\r\n       5.丰富奖励，增强吸引力。丰富奖品种类，增加奖励方式；定期评选，颁发荣誉证明，物质奖励与精神奖励相结合。\r\n\r\n       参考答案说明：本参考答案围绕“落实鼓励，吸引群众参与”“民主协商，共议制度内容”“严格把关，确保公平公正”“广开渠道，拓宽资金来源”“丰富奖励，增强吸引力”这五个方面的经验做法分条撰写，各条具体要点之间在内容上相互并列，没有交叉。');
INSERT INTO `paper_essay` VALUES (12, 3, '根据材料4，假如你是小麦，此次会议对你今后做好应急管理工作有什么启示？（20分）\r\n\r\n要求：观点正确，认识深刻，条理清晰；篇幅不超过300字。', 4, '       1.做好应急预案。邀请经验丰富的干部参与预案的撰写，逐级审核，及时查找疏漏，全面完善预案项目和细则。\r\n\r\n       2.提升响应速度。完善工作机制，对出动、处置速度做出明确规定；针对渎职造成的损失，明确处罚标准。\r\n\r\n       3.防住安全隐患。多进村入户走企业，常态化排查整治安全隐患，针对季节特点明确检查重点，防患于未然。\r\n\r\n       4.用好法律武器。针对企业违反安全生产法律法规的行为，坚决遵守法律规定，严格执行落实处罚。\r\n\r\n       5.发动多元主体。加大宣传力度，广泛动员，引导广大党员、群众、企业等主体参与，合力做好防治工作。\r\n\r\n       参考答案说明：本参考答案从“做好应急预案”“提升响应速度”“防住安全隐患”“用好法律武器”“发动多元主体”五个方面展开，各条答案要点之间在内容上相互并列，没有交叉。');
INSERT INTO `paper_essay` VALUES (13, 3, '县里计划召开农村集体经济工作交流会，根据安排，杨组长将介绍上塘镇当地推动村集体经济增收的做法。假如你是杨组长，请根据材料5，列出发言提纲。（30分）\r\n\r\n要求：紧扣材料，内容全面，条理清晰；篇幅不超过400字。', 5, '关于上塘镇推动村集体经济增收做法的发言提纲\r\n\r\n       调研组走访了上塘镇三个村子，发现当地推动村集体经济增收的做法各有不同，具体做法如下：\r\n\r\n       一、百岭村：1.盘活闲置资源。清理闲置厂房、校舍，对外出租。2.发展旅游产业。依托本地游，建设观景亭，经营茶座。\r\n\r\n       二、塘头村：1.合作发展产业。与其他村优势互补，抱团发展养殖业，收益按比例分成。2.开设村办企业。购入先进设备，与众多大茶企合作，获得加工收入。3.推动土地流转。村民以土地入股，进行规模化种植或承包给企业，提高土地经营收益。\r\n\r\n       三、羊角村：提供收费服务。村集体与用工方对接，签订服务协议，组织村民提供劳务，按协议收取费用；招聘返乡大学生，对外提供农产品网络推广服务。\r\n\r\n       综上所述，上塘镇各村立足自身基础和资源优势，各尽所能、各展所长，走出了自己的特色发展道路。\r\n\r\n       参考答案说明：（1）格式方面，本参考答案写到了“标题”“正文”两个个部分。（2）正文部分，一方面从内容上来看，围绕“上塘镇推动村集体经济增收”这一主题，本参考答案的开头先写到了“上塘镇推动村集体经济增收的宏观情况”；主体部分介绍了“百岭村”“塘头村”和“羊角村”三个村子推动村集体经济增收的具体做法；结尾对上塘镇推动村集体经济增收进行了总结。另一方面，形式上，本参考答案做到了分段、分条撰写，整体上条理较为清晰。');

-- ----------------------------
-- Table structure for paper_question
-- ----------------------------
DROP TABLE IF EXISTS `paper_question`;
CREATE TABLE `paper_question`  (
  `id` int NOT NULL AUTO_INCREMENT,
  `paper_id` int NOT NULL COMMENT '试卷id',
  `question_id` int NOT NULL COMMENT '问题id',
  PRIMARY KEY (`id`) USING BTREE
) ENGINE = InnoDB AUTO_INCREMENT = 125 CHARACTER SET = utf8 COLLATE = utf8_bin ROW_FORMAT = Dynamic;

-- ----------------------------
-- Records of paper_question
-- ----------------------------
INSERT INTO `paper_question` VALUES (6, 2, 2);
INSERT INTO `paper_question` VALUES (7, 2, 6);
INSERT INTO `paper_question` VALUES (8, 2, 10);
INSERT INTO `paper_question` VALUES (9, 2, 19);
INSERT INTO `paper_question` VALUES (10, 2, 20);
INSERT INTO `paper_question` VALUES (31, 5, 1);
INSERT INTO `paper_question` VALUES (32, 5, 27);
INSERT INTO `paper_question` VALUES (33, 5, 28);
INSERT INTO `paper_question` VALUES (34, 5, 77);
INSERT INTO `paper_question` VALUES (35, 5, 78);
INSERT INTO `paper_question` VALUES (36, 6, 37);
INSERT INTO `paper_question` VALUES (37, 6, 39);
INSERT INTO `paper_question` VALUES (38, 6, 40);
INSERT INTO `paper_question` VALUES (39, 6, 45);
INSERT INTO `paper_question` VALUES (40, 6, 47);
INSERT INTO `paper_question` VALUES (41, 7, 55);
INSERT INTO `paper_question` VALUES (42, 7, 58);
INSERT INTO `paper_question` VALUES (43, 7, 65);
INSERT INTO `paper_question` VALUES (44, 7, 66);
INSERT INTO `paper_question` VALUES (45, 7, 70);
INSERT INTO `paper_question` VALUES (46, 8, 2);
INSERT INTO `paper_question` VALUES (47, 8, 21);
INSERT INTO `paper_question` VALUES (48, 8, 22);
INSERT INTO `paper_question` VALUES (49, 8, 26);
INSERT INTO `paper_question` VALUES (50, 8, 73);
INSERT INTO `paper_question` VALUES (51, 9, 19);
INSERT INTO `paper_question` VALUES (52, 9, 20);
INSERT INTO `paper_question` VALUES (53, 9, 22);
INSERT INTO `paper_question` VALUES (54, 9, 24);
INSERT INTO `paper_question` VALUES (55, 9, 77);
INSERT INTO `paper_question` VALUES (56, 10, 40);
INSERT INTO `paper_question` VALUES (57, 10, 44);
INSERT INTO `paper_question` VALUES (58, 10, 45);
INSERT INTO `paper_question` VALUES (59, 10, 47);
INSERT INTO `paper_question` VALUES (60, 10, 50);
INSERT INTO `paper_question` VALUES (61, 11, 51);
INSERT INTO `paper_question` VALUES (62, 11, 52);
INSERT INTO `paper_question` VALUES (63, 11, 55);
INSERT INTO `paper_question` VALUES (64, 11, 65);
INSERT INTO `paper_question` VALUES (65, 11, 67);
INSERT INTO `paper_question` VALUES (66, 12, 4);
INSERT INTO `paper_question` VALUES (67, 12, 5);
INSERT INTO `paper_question` VALUES (68, 12, 9);
INSERT INTO `paper_question` VALUES (69, 12, 14);
INSERT INTO `paper_question` VALUES (70, 12, 15);
INSERT INTO `paper_question` VALUES (71, 13, 9);
INSERT INTO `paper_question` VALUES (72, 13, 12);
INSERT INTO `paper_question` VALUES (73, 13, 16);
INSERT INTO `paper_question` VALUES (74, 13, 17);
INSERT INTO `paper_question` VALUES (75, 13, 24);
INSERT INTO `paper_question` VALUES (76, 13, 40);
INSERT INTO `paper_question` VALUES (77, 13, 44);
INSERT INTO `paper_question` VALUES (78, 13, 57);
INSERT INTO `paper_question` VALUES (79, 13, 59);
INSERT INTO `paper_question` VALUES (80, 13, 68);
INSERT INTO `paper_question` VALUES (81, 14, 4);
INSERT INTO `paper_question` VALUES (82, 14, 7);
INSERT INTO `paper_question` VALUES (83, 14, 9);
INSERT INTO `paper_question` VALUES (84, 14, 11);
INSERT INTO `paper_question` VALUES (85, 14, 15);
INSERT INTO `paper_question` VALUES (86, 14, 37);
INSERT INTO `paper_question` VALUES (87, 14, 41);
INSERT INTO `paper_question` VALUES (88, 14, 42);
INSERT INTO `paper_question` VALUES (89, 14, 50);
INSERT INTO `paper_question` VALUES (90, 14, 51);
INSERT INTO `paper_question` VALUES (91, 14, 61);
INSERT INTO `paper_question` VALUES (92, 14, 62);
INSERT INTO `paper_question` VALUES (93, 14, 72);
INSERT INTO `paper_question` VALUES (94, 14, 73);
INSERT INTO `paper_question` VALUES (95, 14, 77);
INSERT INTO `paper_question` VALUES (96, 15, 1);
INSERT INTO `paper_question` VALUES (97, 15, 2);
INSERT INTO `paper_question` VALUES (98, 15, 19);
INSERT INTO `paper_question` VALUES (99, 15, 21);
INSERT INTO `paper_question` VALUES (100, 15, 74);
INSERT INTO `paper_question` VALUES (101, 16, 20);
INSERT INTO `paper_question` VALUES (102, 16, 23);
INSERT INTO `paper_question` VALUES (103, 16, 27);
INSERT INTO `paper_question` VALUES (104, 16, 75);
INSERT INTO `paper_question` VALUES (105, 16, 78);
INSERT INTO `paper_question` VALUES (106, 17, 38);
INSERT INTO `paper_question` VALUES (107, 17, 39);
INSERT INTO `paper_question` VALUES (108, 17, 43);
INSERT INTO `paper_question` VALUES (109, 17, 48);
INSERT INTO `paper_question` VALUES (110, 17, 50);
INSERT INTO `paper_question` VALUES (111, 18, 25);
INSERT INTO `paper_question` VALUES (112, 18, 26);
INSERT INTO `paper_question` VALUES (113, 18, 27);
INSERT INTO `paper_question` VALUES (114, 18, 28);
INSERT INTO `paper_question` VALUES (115, 18, 74);
INSERT INTO `paper_question` VALUES (116, 19, 19);
INSERT INTO `paper_question` VALUES (117, 19, 23);
INSERT INTO `paper_question` VALUES (118, 19, 27);
INSERT INTO `paper_question` VALUES (119, 19, 73);
INSERT INTO `paper_question` VALUES (120, 19, 76);
INSERT INTO `paper_question` VALUES (121, 20, 4);
INSERT INTO `paper_question` VALUES (122, 20, 6);
INSERT INTO `paper_question` VALUES (123, 20, 9);
INSERT INTO `paper_question` VALUES (124, 20, 15);
INSERT INTO `paper_question` VALUES (125, 20, 72);

-- ----------------------------
-- Table structure for paper_tf
-- ----------------------------
DROP TABLE IF EXISTS `paper_tf`;
CREATE TABLE `paper_tf`  (
  `id` int NOT NULL AUTO_INCREMENT,
  `paper_id` int NULL DEFAULT NULL,
  `tf_id` int NULL DEFAULT NULL,
  PRIMARY KEY (`id`) USING BTREE
) ENGINE = InnoDB CHARACTER SET = utf8 COLLATE = utf8_bin ROW_FORMAT = Dynamic;

-- ----------------------------
-- Records of paper_tf
-- ----------------------------

-- ----------------------------
-- Table structure for subject
-- ----------------------------
DROP TABLE IF EXISTS `subject`;
CREATE TABLE `subject`  (
  `id` int NOT NULL AUTO_INCREMENT,
  `name` varchar(50) CHARACTER SET utf8 COLLATE utf8_bin NULL DEFAULT NULL COMMENT '科目名称',
  PRIMARY KEY (`id`) USING BTREE
) ENGINE = InnoDB AUTO_INCREMENT = 21 CHARACTER SET = utf8 COLLATE = utf8_bin ROW_FORMAT = Dynamic;

-- ----------------------------
-- Records of subject
-- ----------------------------
INSERT INTO `subject` VALUES (16, '行测');
INSERT INTO `subject` VALUES (17, '申论');
INSERT INTO `subject` VALUES (18, '事业编');
INSERT INTO `subject` VALUES (21, '面试');

-- ----------------------------
-- Table structure for subjective_paper
-- ----------------------------
DROP TABLE IF EXISTS `subjective_paper`;
CREATE TABLE `subjective_paper`  (
  `id` int NOT NULL AUTO_INCREMENT,
  `name` varchar(255) CHARACTER SET utf8 COLLATE utf8_bin NULL DEFAULT NULL,
  `essay_num` int NULL DEFAULT NULL COMMENT '申论问题数量',
  `article_num` int NULL DEFAULT NULL COMMENT '材料数量',
  `category_id` int NOT NULL,
  `duration` int NULL DEFAULT NULL,
  `total_score` decimal(5, 2) NULL DEFAULT NULL,
  `is_delete` int NOT NULL DEFAULT 0,
  PRIMARY KEY (`id`) USING BTREE
) ENGINE = InnoDB AUTO_INCREMENT = 4 CHARACTER SET = utf8 COLLATE = utf8_bin ROW_FORMAT = Dynamic;

-- ----------------------------
-- Records of subjective_paper
-- ----------------------------
INSERT INTO `subjective_paper` VALUES (1, '测试1', 5, 5, 23, 111, 100.00, 1);
INSERT INTO `subjective_paper` VALUES (2, '2023年广东省公考《申论》题（县级）', 3, 9, 23, 120, 100.00, 0);
INSERT INTO `subjective_paper` VALUES (3, '2023年广东省公考《申论》题（乡镇）', 5, 5, 23, 120, 100.00, 0);
INSERT INTO `subjective_paper` VALUES (4, '666', 5, 5, 24, 666, 100.00, 1);

-- ----------------------------
-- Table structure for subjective_question
-- ----------------------------
DROP TABLE IF EXISTS `subjective_question`;
CREATE TABLE `subjective_question`  (
  `id` int NOT NULL AUTO_INCREMENT,
  `stem` text CHARACTER SET utf8 COLLATE utf8_bin NULL,
  `image_url` varchar(255) CHARACTER SET utf8 COLLATE utf8_bin NULL DEFAULT NULL,
  `article` text CHARACTER SET utf8 COLLATE utf8_bin NULL COMMENT '材料',
  `answer` text CHARACTER SET utf8 COLLATE utf8_bin NULL,
  `score` decimal(5, 2) NOT NULL DEFAULT 1.00,
  `category_id` int NOT NULL,
  `subject_id` int NOT NULL COMMENT '科目id',
  `is_delete` int NOT NULL DEFAULT 0,
  PRIMARY KEY (`id`) USING BTREE
) ENGINE = InnoDB AUTO_INCREMENT = 35 CHARACTER SET = utf8 COLLATE = utf8_bin ROW_FORMAT = Dynamic;

-- ----------------------------
-- Records of subjective_question
-- ----------------------------
INSERT INTO `subjective_question` VALUES (1, '测试12', '1', '测试1', '测试1', 1.00, 14, 17, 0);
INSERT INTO `subjective_question` VALUES (2, '根据“给定资料”，指出共享经济存在的问题。（4分）\r\n\r\n要求：准确、简明，不超过25字。', '1', '共享充电宝在成为许多市民生活“标配”的同时，也引发了不少争议。除了共享充电宝自身存在质量安全外，使用者可能还会面临个人信息泄露的风险。曹先生是一位互联网公司的程序员，他说：“每次看到有人使用共享充电宝，我都为他们捏把汗。其实它本质上就是一台电脑，有电脑的地方就会有黑客。现在大数据、算法不断发展，数据公司和社交软件合作，无孔不入地对个人信息进行收集。”', '共享产品存在质量安全隐患，个人信息面临泄露风险。\r\n答题演示\r\n共享充电宝在成为许多市民生活“标配”的同时，也引发了不少争议。除了共享充电宝自身存在质量安全外，使用者可能还会面临个人信息泄露的风险。曹先生是一位互联网公司的程序员，他说：“每次看到有人使用共享充电宝，我都为他们捏把汗。其实它本质上就是一台电脑，有电脑的地方就会有黑客。现在大数据、算法不断发展，数据公司和社交软件合作，无孔不入地对个人信息进行收集。”\r\n\r\n〖阅读技巧：段首处的句子要重点阅读。阅读段首处的“除了共享充电宝自身存在质量安全外，使用者可能还会面临个人信息泄露的风险”介绍了共享经济中共享产品存在问题，从中可摘抄出要点：共享产品存在质量安全隐患，个人信息面临泄露风险。〗', 1.00, 14, 17, 0);
INSERT INTO `subjective_question` VALUES (3, '根据“给定资料”，指出为改善村风，M村是如何吸引村民参与摄影的。（2分）\r\n\r\n要求：准确、简明。不超过20字。', '1', '前些年，M村的老百姓解决温饱问题后，村里酗酒赌博之风盛行，邻里摩擦不断，迷信屡禁不止……村党支部书记老覃意识到，乡亲们钱袋子鼓了，但脑袋却空了。当他发现了小陈等村里几个年轻人喜欢摄影摄像后就积极鼓励支持他们。没有老师教，就帮着联系去外地请；没有合适的拍摄场所，就把村外偏远的农机站协调给他们作“摄影棚”使用。寒冬腊月，一群年轻人一头钻进“摄影棚”。一些探头探脑的好奇村民也不断加入这个队伍，甚至还吸引了一些中老年人。', '政府鼓励支持，给予人力、物力扶持。\r\n答题演示\r\n前些年，M村的老百姓解决温饱问题后，村里酗酒赌博之风盛行，邻里摩擦不断，迷信屡禁不止……村党支部书记老覃意识到，乡亲们钱袋子鼓了，但脑袋却空了。当他发现了小陈等村里几个年轻人喜欢摄影摄像后就积极鼓励支持他们。没有老师教，就帮着联系去外地请；没有合适的拍摄场所，就把村外偏远的农机站协调给他们作“摄影棚”使用。寒冬腊月，一群年轻人一头钻进“摄影棚”。一些探头探脑的好奇村民也不断加入这个队伍，甚至还吸引了一些中老年人。\r\n\r\n〖阅读技巧：本题答题要素是对策，所以出现标志性动词的句子需重点阅读。（1）“鼓励支持”提示对策，其所在的句子“村党支部书记老覃……积极鼓励支持他们”指出了M村对摄影爱好者持鼓励支持的态度，由此可概括出要点：政府鼓励支持。（2）动词“联系……”引导的句子“没有老师教，就帮着联系去外地请”说明M村帮摄影爱好者请老师进行指导，由此可以概括出要点：给予人力支持；（3）动词“协调……”引导的句子“没有合适的拍摄场所……把村外偏远的农机站协调给他们作‘摄影棚’使用”说明政府给予摄影爱好者物力支持。由此可概括出要点：给予物力支持。总结本段内容，可得出要点：政府鼓励支持，给予人力、物力扶持。〗', 2.00, 10, 17, 0);
INSERT INTO `subjective_question` VALUES (4, '各地对于人才引进非常重视，一二线城市打响了“抢人大战”第一枪，很快就蔓延至全国各地，乃至下沉到诸多县级城市。但一些地方却出现了难以按时兑现人才引进承诺的问题，失信于人才。对此，你怎么看？ \r\n', '1', '', '本题是一道社会现象题目。其核心事件是“抢人大战”中部分地方出现兑现待遇失信问题。人才引进是正面现象，是好事，但是好事中出现了失信问题，所以在作答时应重点对出现的失信问题进行分析。首先可以谈谈无法按时兑现承诺的危害有哪些，其次可以深入剖析这一问题产生的原因，最后思考如何让人才引进健康发展。下面结合题目具体分析。\r\n\r\n审题点1：“各地对于人才引进非常重视，一二线城市打响了‘抢人大战’第一枪，很快就蔓延至全国各地，乃至下沉到诸多县级城市”\r\n\r\n人才引进作为各地近年来的重点工作，既有利于提高当地人才素质水平，激发当地发展活力，也有利于人才本身干事创业，推动各地区间的人才平衡发展。人才引进是一项多方利好的举措。此举措蔓延到全国各地说明人才引进政策已经走进基层，人才向基层流动既可以丰富基层人才储备，也可以促进基层治理，更有利于助推基层各类产业升级，是一件好事。\r\n\r\n审题点2：“但一些地方却出现了难以按时兑现人才引进承诺的问题，失信于人才” \r\n\r\n“但”表示转折，转折之后是重点，因此，“难以按时兑现人才引进承诺的问题”是本题的核心话题。所以可先对“人才引进”和“失信问题”进行分别表态，对人才引进政策持支持态度，对部分地方的失信行为持反对态度。考生可以结合审题点1，自然入题，简略谈一下人才引进的好处。在分析中可以先谈地方失信于人才的危害有哪些。因为题干主体较为明确，可以运用主体分析法谈危害，对人才本人而言，会影响工作和生活。对当地政府而言，既失信于人才导致政府信任危机，又影响人才引进与当地发展。一些地方政府的这种行为，与我们国家和社会重视诚信和人才的理念相违背。其次，为了更好解决问题，需要深入剖析其背后的原因。在这里由于事件单一，从主体角度分析不够充分，可以用维度分析法分析。从思想上而言，政府可能对人才引进不够重视，随意承诺，盲目跟风。从操作上分析，不能结合当地实际情况，对人才需求缺乏科学调研。从制度上而言，缺少制度保障，人才待遇福利标准和多方论证程序都缺少制度规范。最后，经过充分分析需要针对政府失信于人才这一问题给出相应的解决办法，助力人才引进政策更完善。结合前面的具体分析，提出具有针对性的对策，可以从树立规范人才引进思想、做好调研了解、完善制度流程等方面展开。\r\n\r\n因此本题的答题思路是：首先，对人才引进政策表示赞同，但对部分地方政府的失信行为表示不赞同。其次，阐明政府失信于人才的危害，可以用主体分析法进行论述。再次，分析部分地方政府失信背后的原因，可以从不同维度探究。最后，从不同维度提出针对性解决对策。', 1.00, 17, 21, 0);
INSERT INTO `subjective_question` VALUES (5, '对于娱乐圈违纪违法的艺人，实行“终身禁演”，有人说可以规范社会风气，也有人说没有给艺人改过自新的机会。对此，你怎么看？', '1', '', '本题属于社会现象题。通过审题可知，对于娱乐圈违纪违法艺人“终身禁演”的问题，人们有两种观点，因此考生要明确自己的观点，并且结合自己的观点分析广电总局相关政策的合理性，最后就如何净化娱乐圈给出建议。接下来结合题目进行具体分析。\r\n\r\n审题点1：“对于娱乐圈违纪违法的艺人，实行‘终身禁演’”\r\n\r\n该审题点明确指出当下对娱乐圈违纪违法艺人实行“终身禁演”措施，即对违纪违法艺人“零容忍”。近年来，艺人频频出现吸毒、代言虚假广告、偷税漏税等违法乱纪行为。艺人作为公众人物，其违纪违法行为可能会引起未成年人的效仿，造成不良社会影响。“终身禁演”是从严要求艺人，净化娱乐圈生态的举措，也是对违纪违法行为的重拳出击。\r\n\r\n审题点2：“有人说可以规范社会风气，也有人说没有给艺人改过自新的机会”\r\n\r\n通过该审题点可知，社会对于违纪违法艺人“终身禁演”的问题有着不同看法，有的人看到了该举措的重要意义，赞同从严管理，认为可以规范社会风气；也有的人则认为“终身禁演”过于严苛，没有给违纪违法艺人改过自新的机会。第二种观点从群众个人的角度考虑也可以理解，他们可能是出于对艺人的喜爱，出于“粉丝”心理，才选择原谅，但这属于对违纪违法问题带来的后果认识不清。\r\n\r\n审题点3：“对此，你怎么看”\r\n\r\n作答公职人员面试的题目，在对待违纪违法艺人出镜的问题上要从大局出发，不能仅从个人喜好和追星的角度出发，要立足社会问题来看待分析。首先，对于题干中的两种观点，要表明自己的态度，即赞同第一种观点，认为这一举措可以改善社会风气；理解第二种观点，认为它是个别群众出于“粉丝”心理提出的。其次，分析违纪违法艺人造成的不良影响，说明“终身禁演”的重要意义，从社会影响、社会风气、娱乐圈生态等多方面展开分析。再次，深入思考社会出现不同声音的根源，“终身禁演”不能“一刀切”，而是要做到标准要求细化，并做好政策宣讲，避免部分群众对政策理解不到位。最后，可以就如何净化娱乐圈生态，引导艺人树立艺德提出建议。\r\n\r\n简而言之，此题的答题思路是：首先，明确个人观点；其次，分析“终身禁演”措施的必要性和意义；再次，分析政策落实中宣贯不到位的问题；最后，就如何促进娱乐圈健康发展提出对策建议。', 1.00, 17, 21, 0);
INSERT INTO `subjective_question` VALUES (6, '现在很多基层工作需要多个职能部门共同开展，但是却出现了“牵头部门独秀”“牵头部门成了执行部门”“其他部门什么都不做”等情况，你怎么看？', '1', '', '本题是一道社会现象题，核心话题为“牵头部门独秀”，由于这是一个负面现象，所以在作答时可以谈此现象带来的危害，接着深入分析该问题产生的原因，最后提出对策，说明如何加强各个职能部门的合作。下面结合题目具体分析。\r\n\r\n审题点1：“现在很多基层工作需要多个职能部门共同开展”\r\n\r\n一方面，基层工作事情多、难度大，所以需要多个部门协作，调配更多人手合力完成；另一方面，各部门职能不同，负责与擅长的工作也有所不同，所以需要各自发挥其优势，才能更好地完成基层工作。\r\n\r\n审题点2：“但是却出现了‘牵头部门独秀’‘牵头部门成了执行部门’‘其他部门什么都不做’等情况” \r\n\r\n转折之后引出题眼，即牵头部门成了执行部门，其他部门什么都不做，这将会导致诸多危害，如其他部门贡献的力量有限，甚至完全不做工作，将会造成牵头部门压力繁重，影响工作质量和队伍风气。同时，我们也要按照维度分析法分析牵头部门“唱独角戏”的背后的原因：一是其他部门不想干，思想意识存在问题，缺乏担当作为的精神；二是有些部门工作人员不会干，基层工作能力不足，没有办法做好执行和配合工作；三是工作机制不够完善，有些部门认为功劳都是牵头部门的，自己“多做多错”。\r\n\r\n审题点3：“你怎么看” \r\n\r\n这是题干的设问，要求考生谈谈对这个现象的看法。首先，考生可以在开篇明确表态，即“牵头部门独秀”值得我们深思和警惕。其次，可以结合审题点2的内容，分析该现象造成的危害。再次，可以从思想、能力、机制等方面剖析背后原因。最后，提出解决问题的对策，涉及思想问题就要加强思想教育，明确各个部门通力合作的重要性和职责分工；涉及工作能力问题就要加强培训，提升工作的效率；涉及工作机制的问题就要加强监督，完善奖惩机制，让积极作为者得到表彰，让懒惰无为者受到惩戒。\r\n\r\n综上，本题的答题思路可为：首先，提出对“牵头部门一枝独秀”现象的观点，表示要警惕该现象，各部门应通力合作；其次，阐明牵头部门独自工作的危害；再次，通过各维度分析其背后原因；最后，提出针对性解决对策。', 1.00, 17, 21, 0);
INSERT INTO `subjective_question` VALUES (7, '在抗疫斗争中，广大共产党员不忘初心、牢记使命，充分发挥先锋模范作用，25000多名优秀分子在火线上宣誓入党。你从中获得了什么感悟？', '1', '', '本题属于单一的社会现象题。根据题干，可思考为何广大党员能够发挥先锋模范作用，有那么多优秀分子火线宣誓入党，以及如何更好发挥党员先锋模范作用、吸引更多优秀分子加入中国共产党等。具体如何作答，结合题干展开具体分析。\r\n\r\n审题点1：“在抗疫斗争中，广大共产党员不忘初心、牢记使命，充分发挥先锋模范作用，25000多名优秀分子在火线上宣誓入党”\r\n\r\n此处为总体背景。疫情期间，广大党员坚守一线，成为抗疫路上的“最美逆行者”，他们以先锋模范作用吸引众多优秀分子火线宣誓入党。面对疫情，广大党员不惧危险，冲锋在前，体现了广大党员不忘共产党人的本色，坚持以人民为中心，践行党的宗旨。25000多名优秀分子火线宣誓入党，说明中国共产党具有强大的凝聚力、向心力，能够吸引广大优秀分子积极向党组织靠拢。\r\n\r\n审题点2：“你从中获得了什么感悟”\r\n\r\n此处为作答要求。“获得了什么感悟”即谈谈你的想法，结合审题点1可知，共产党人时刻将人民放在重要位置，党具有强大的凝聚力与向心力。作答时，可思考如何更好动员、激励广大党员持续发挥先锋模范作用，如何吸引更多优秀人才成为我党的一分子，如优秀共产党员评选与先进事迹展播，树立榜样力量；也可阐述青年该如何看齐模范、践行使命，如对标学习入脑，立足岗位为民办实事入心等。\r\n\r\n综上，本题的答题思路为：首先，亮明观点，阐述对共产党人的敬仰之心。其次，全面分析，阐述共产党人以人民为中心、共产党具有强大凝聚力。最后，落实行动，从激励党员、吸引优秀分子、青年的个人行动三个方面阐述。', 1.00, 17, 21, 0);
INSERT INTO `subjective_question` VALUES (8, '疫情防控当下，有许许多多的志愿者拼搏在一线，充当了社区和群众之间的桥梁，有人说“他们这么辛苦，应当给予物质补贴”。对此你怎么看？', '1', '', '本题是一道社会现象+态度观点类题目。本题的核心话题为“疫情防控当下志愿者拼搏在一线”，由于题干中给出的观点是 “应当给予物质补贴”，这是正确的观点，因此在作答时可以先表明支持，然后分析给予物质补贴的好处，最后再谈一谈具体如何落实补贴的发放并提出激励方法。下面结合题目具体分析：\r\n\r\n审题点1：“疫情防控当下，有许许多多的志愿者拼搏在一线，充当了社区和群众之间的桥梁”\r\n\r\n疫情防控当下，各地都涌现了很多志愿者，他们拼搏在一线，站岗执勤、扫码登记、派送物资、走访排查、数据统计、登记流调信息，以及协助医护人员完成核酸检测工作等。志愿者们不仅冒着被感染的风险，也付出了自己的时间和精力，还解决了很多基层社区在疫情防控工作上人手不足的难题。所以，这些志愿者不仅应该获得肯定和赞扬，同时也应该给予他们表彰和奖励。\r\n\r\n审题点2：“有人说‘他们这么辛苦，应当给予物质补贴’” \r\n\r\n这里提出了具体建议，即应当给予物质补贴，结合上一个审题点的分析以及生活实际可知，无论是各地区的具体做法，还是民政部、国家卫生健康委联合印发《进一步做好城乡社区疫情防控工作的通知》中指出的为参与社区防控工作的专职城乡社区工作者适当发放临时性工作补助，并为参与疫情防控工作的社区志愿者适当发放补贴，都表明发放物质补贴是可行的，能够让志愿者看到自己的付出有所回报，工作也更加积极，也便于鼓励更多的志愿者参与到社区防疫工作中来。所以对于这一观点，应该表示支持和肯定。\r\n\r\n因此本题的作答思路是：首先，对题干中给予疫情防控志愿者物质补贴这一观点表示肯定；其次，分析发放补贴这一做法带来的积极意义；最后，从如何落实物质补贴和采取其他手段方面入手提出具体对策。', 1.00, 17, 21, 0);
INSERT INTO `subjective_question` VALUES (9, '李强总理说：“我长期在地方工作，有一个很深的感受就是坐在办公室碰到的都是问题，下去调研看到的全是办法，高手在民间。”请谈谈你对大兴调研之风的理解。', '1', '', '本题属于态度观点类题目。题干涉及李强总理在十四届全国人大一次会议闭幕后回答中外记者提问时谈到的关于“大兴调查研究之风”的内容，我们可以从李强总理的话入手，先阐述这句话的含义，随后分析调研的重要性，最后，既然调研如此重要，还可以谈谈如何做好调研。具体如何作答，接下来结合题干详细剖析。\r\n\r\n审题点1：“李强总理说：‘我长期在地方工作，有一个很深的感受就是坐在办公室碰到的都是问题’”\r\n\r\n此为背景信息，李强总理结合自己在地方工作的经历谈了个人感受。的确，机关干部坐在办公室面对的都是问题，这些问题既有上级批转办理的，也有基层群众反映上报的。面对这些问题，有的干部一筹莫展、不知所措；有的干部不管不问、不置可否。不管是哪种做法，都反映出了政府机关中存在的形式主义、官僚主义，以及不作为、慢作为、懒作为的问题。\r\n\r\n审题点2：“下去调研看到的全是办法，高手在民间”\r\n\r\n面对上述问题，解决办法是下基层调研。李强总理提到“高手在民间”，言外之意，人民群众有无穷的智慧和力量，群众才是真正的英雄，要以人民为师，向人民学习。本题的核心观点即“调研”，在作答时我们可围绕调研的重要性进行分析论证。为了确保答题内容的丰富性和答题角度的多元性，可从不同主体角度展开论证。在分析过程中，为了加强论证的可信度，还可适当举例。\r\n\r\n审题点3：“请谈谈你对大兴调研之风的理解”\r\n\r\n题干要求谈谈对大兴调研之风的理解，我们可结合李强总理的话，除了按照上述审题点对“调研”进行分析论证外，还可以从抓落实角度谈谈如何开展“调研”，如从改进作风、真抓实干、加强宣传三个方面展开。\r\n\r\n因此，本题的答题思路为：首先，开题表态，简单阐述这句话的实质和意义，点出“调研”的核心观点；其次，全面分析论证“调研”的意义；最后，从改进作风、真抓实干、加强宣传三个方面展开谈谈如何调研。', 1.00, 18, 21, 0);
INSERT INTO `subjective_question` VALUES (10, '抗日战争时期要跟着党走，改革开放时期要跟着党走。你认为新青年在新时代要怎么“跟着党走”？', '1', '', '本题属于态度观点类题目，围绕“跟着党走”这个主题，问青年群体的做法，并且给出了新时代的背景，因此我们要挖掘新时代特点，说明青年“跟着党走”的做法。接下来我们结合题干具体进行分析。\r\n\r\n审题点1：“抗日战争时期要跟着党走，改革开放时期要跟着党走”\r\n\r\n这里介绍了不同时期我们需要跟着党走，跟着党走就是听党话，服从党的安排。题干给了不同时期，说明不同的时间节点，我们都要按照党的安排开展特色性工作：抗日战争时期主要是抵抗外来侵略，开展保家卫国的战争；改革开放时期主要是做好经济建设，大力发展经济。\r\n\r\n审题点2：“你认为新青年在新时代要怎么‘跟着党走’”\r\n\r\n一方面，这里交代了具体时间是新时代，新时代是2017年10月18日，习近平总书记在十九大报告中指出的“经过长期努力，中国特色社会主义进入了新时代，这是我国发展新的历史方位”。在新时代我们要为实现中华民族的伟大复兴而不断奋斗，这是我们的奋斗目标。另一方面，这里有具体的问法，即新青年怎么做，那就是要求结合青年这个群体说明做法，这要求我们在答题时重点说对策，说措施。\r\n\r\n综合以上内容，本题主要作答青年为实现中国梦要怎么做。对此，在思想上要了解并认同我党的方针政策。在工作上要听党组织的安排，服从组织工作，能够圆满完成党交给的工作任务。当前我党提出了很多工作部署和战略目标，包括乡村振兴、人才兴国，作为青年人要积极响应这些号召，能够经受风险考验，到基层开展工作。\r\n\r\n综上，本道题的答题思路是：首先，入题表态，说明跟党走的含义；其次，说明践行的对策，从思想、能力、行动上展开说明。', 1.00, 18, 21, 0);
INSERT INTO `subjective_question` VALUES (11, '习近平总书记在党的二十大报告中强调，中国共产党领导人民打江山、守江山，守的是人民的心。请你谈谈对这句话的理解。', '1', '', '本题属于综合分析中的态度观点类题目。从习近平总书记的这句话可以看出，中国共产党始终坚持以人民为中心，作答时可以先围绕我党的群众路线，对“江山”和“人民”的关系进行具体分析，再来谈如何落实为民服务的方针。下面结合题干进行具体分析。 \r\n\r\n审题点1:“习近平总书记在党的二十大报告中强调”\r\n\r\n题目给出习近平总书记讲话的背景，是在党的二十大报告中强调的，所以习近平总书记的这句话，既是对以往经验的总结，也为今后工作指明了方向。在作答的过程中，可以结合党的历史，突出党的十八大以来取得的突出成就等。\r\n\r\n审题点2:“中国共产党领导人民打江山、守江山，守的是人民的心。请你谈谈对这句话的理解”\r\n\r\n这是本题的核心。从“打江山、守江山，守的是人民的心”可以看出，一方面，打江山是为了人民，我们党在革命时期，就始终坚持以人民为中心，把人民放在心中最高位置，体现出一切为了人民的观点。同时，人民群众的人心向背也关系党的生死存亡，也就是说人民群众是我们党的力量源泉，体现出一切依靠人民的观点，比如在“打江山”时期，人民群众用小推车推出来淮海战役的胜利就可以证明这一点。另一方面，守江山也是为了人民，是在守民心，党的十八大以来一系列惠民生的政策，都是为了让群众的生活更好，而守住了民心，人民群众才会拥护中国共产党、拥护党的政策，共同建设国家。所以，这里的分析，可以从“打江山”和“守江山”两个方面展开。最后，可以重点阐述当代共产党员在实际工作中如何落实二十大精神，要想守民心，就要先对群众用心，而要守好民心，就需要多向群众学习，了解群众的所思所想，进而为群众解忧，因此可以从对群众用心、向群众学习、为群众解忧等角度谈落实。\r\n\r\n因此，本题的答题思路是：首先，简述理解认识；其次，从打江山、守江山两个角度展开论述；最后，结合当代党员谈谈如何践行。', 1.00, 18, 21, 0);
INSERT INTO `subjective_question` VALUES (12, '曹操率兵攻打东吴，东吴内部有主和派和主战派。孙权最终选择了主战派，并表示：“我最担心的不是曹操，而是东吴内部的分裂问题。”对此，请谈谈你的理解。', '1', '', '本题属于发散类态度观点题。考生应先准确理解孙权的话中“曹操”是指外部因素，“内部的分裂”是指内在因素，再着重分析孙权为何会更加看重“内在因素”等。具体如何作答，接下来结合题干展开详细分析。\r\n\r\n审题点1：“曹操率兵攻打东吴，东吴内部有主和派和主战派。孙权最终选择了主战派”\r\n\r\n此为题目基本背景。题干涉及事件为历史上有名的赤壁之战，曹操率领百万雄师进军东吴，最终被孙刘联军大败于赤壁。曹操大兵压境，可以说东吴危在旦夕，对东吴来说，曹操率领的军队为外部的最大隐患，说明外部因素会影响自身安全。“东吴内部有主和派和主战派”说明东吴内部存在分歧，面对外部因素，内部有分歧是正常现象。孙权选择了主战派，意味着他抵制住了主和派的劝说，坚持了内心的选择。\r\n\r\n审题点2：“我最担心的不是曹操，而是东吴内部的分裂问题”\r\n\r\n此处为题干核心观点。结合审题点1，此时的孙权并不畏惧外部的曹操军队，反而更担心内部的分裂。“内部的分裂”意味着不团结、难以握指成拳，同时“内部”也直接指向了“内在自我”，即内在因素，说明内在是孙权更看重的因素。由此可重点分析内在、团结的重要性，如内因决定事物的本质，团结方能战胜困难等。因此，接下来可阐述该如何发挥内在因素的作用，如学习提升自我，坚守内心不动摇等。\r\n\r\n综上，本题的答题思路为：首先，亮明观点，阐述对题干事件的直观理解，得出有关“内在”“团结”等的核心观点；其次，全面分析，围绕核心观点逐一展开具体论述；最后，落实行动，着重阐述应当如何注重内在、强化团结等。', 1.00, 18, 21, 0);
INSERT INTO `subjective_question` VALUES (13, '“法治融屏”是面向全国开展法治宣传教育的智慧普法全媒体平台，它充分利用5G通信、云计算、人工智能等新技术，整合法治日报社“报、网、端、微、屏”普法内容，以户外LED大屏为媒介，实现普法内容“一键全国”播控。当前，全国多地已实现“法治融屏”全覆盖。请谈谈你对“法治融屏”的看法。', '1', '', '本题属于社会现象类题目。题目的核心信息是“法治融屏”，并且给出该平台的详细解释，考生可以按照“提观点—重分析—抓落实”的思路展开作答。下面结合题干进行具体分析。\r\n\r\n审题点1:“‘法治融屏’是面向全国开展法治宣传教育的智慧普法全媒体平台”\r\n\r\n这是题干的核心信息，“法治融屏”覆盖区域是全国，性质是智慧普法全媒体平台，主要目的是借助平台全方位开展法治宣传教育，这是个积极的社会现象，考生可以在开篇明确态度，说明该平台能够带来诸多积极意义，为该平台点赞。\r\n\r\n审题点2:“它充分利用5G通信、云计算、人工智能等新技术，整合法治日报社‘报、网、端、微、屏’普法内容，以户外LED大屏为媒介，实现普法内容‘一键全国’播控。当前，全国多地已实现‘法治融屏’全覆盖”\r\n\r\n这是对 “法治融屏”的具体解释，考生可以结合题目的关键字词作答该平台的积极意义。其一，通过“充分利用5G通信、云计算、人工智能等新技术，整合法治日报社‘报、网、端、微、屏’普法内容”可知，该平台能够提升普法创新性，通过创新实施“互联网+法治宣传”，播放群众喜闻乐见的普法视频和节目，生动形象讲好中国法治故事；其二，通过“以户外LED大屏为媒介”可知，该平台能够提升普法实效性，让广大群众在平时生活中更便捷地学习到权威媒体的法治宣传报道；其三，通过“全国多地已实现‘法治融屏’全覆盖”可知，该平台能够扩大普法覆盖面，及时弥补农村偏远地区普法难以开展的短板和普法工作人员8小时以外的宣传盲点，拓展普法教育的宣传面和影响力，推动法治中国建设和社会进步。\r\n\r\n审题点3:“请谈谈你对‘法治融屏’的看法”\r\n\r\n这是题干的设问，要求考生谈看法。首先，考生可以明确自己的观点；其次，结合审题点2，分析该平台带来的积极意义；最后，既然该平台带来诸多好处，那么需要做到好上加好，可以按照流程轴的答题思维作答：第一，要加快各个地方的“法治融屏”建设，学习借鉴经验，完成各项审批手续办理；第二，建成之后要加强宣传引导，增加广大群众对“法治融屏”的认识和了解；第三，要维护管理好平台，如果出现故障要及时维修，并且鼓励群众反馈问题，方便后续统一升级和管理。\r\n\r\n因此，本题的答题思路是：首先，明确态度，为该平台点赞；其次，从创新性、实效性、覆盖性等方面谈积极意义；最后，落实对策，推动“法治融屏”建设、宣传和管理。', 1.00, 18, 21, 0);
INSERT INTO `subjective_question` VALUES (14, '单位准备在辖区开展“全民国家安全教育日”的宣传活动，领导让你负责，你怎么组织？', '1', '', '本题属于组织管理类题目，活动类型是宣传活动，且要围绕“全民国家安全教育日”展开，需要我们结合不同的宣传对象及宣传方式来开展，从而收到宣传效果。下面结合这道题目进行详细分析。   \r\n\r\n审题点1:“单位准备在辖区开展‘全民国家安全教育日’的宣传活动”\r\n\r\n这里给出了本题的背景和活动范围。从题干可知，活动范围主要是本单位所在辖区，因此我们可以明确辖区内除了有普通群众，还有学校、企业等，可以将其作为宣传对象。同时，针对“全民国家安全教育日”，我们需要了解其具体内容，即每年的4月15日是全民国家安全教育日，司法部、全国普法办曾联合印发通知，在全国部署开展全民国家安全教育日普法宣传活动。因此，我们就可以根据相关文件精神做好准备，一是准备好宣传资料，了解国家安全方面的宣传内容；二是组建宣传小组，毕竟此次活动不可能由个人独立完成，因此需要找到合适的同事一起作为宣传人员；三是提前准备好宣传物资，可以结合不同的宣传形式准备好手册、条幅、礼品等。\r\n\r\n审题点2：“领导让你负责，你怎么组织” \r\n\r\n这里没有明确给出身份信息，但结合题干可知，我们是有一定工作权限的，因此可以进行人员及物资的调配。我们可以结合组织管理题中的宣传活动类题目的作答思路，首先做好前期准备工作。其次，既然是宣传活动，那么就可以根据不同的对象采取不同的方式开展。一是走进学校开展活动。通过讲解典型案例、播放宣传动画的方式，吸引同学们热情参与，积极观看，并在观看后设置有奖问答环节，回答正确的同学即可收到奖品和纪念品，使同学们在趣味互动中了解国家安全知识。二是深入企业进行宣讲。在走访企业的过程中，举办国家安全知识讲座，请小组内口才好的同事担任宣讲员，讲解国家安全法、网络安全法等，提升企业的国家安全保护意识。三是面向群众发放手册。可以在宣传日当天，在人流密集的商场、地铁口等设置宣传点，向群众发放手册、礼品，讲解公民维护国家安全的重要性，扩大宣传效果。最后，做好总结提升，可以结合宣传内容、活动照片等撰写新闻稿，将其发到网上进行二次宣传；也可以建议领导丰富公众号的栏目内容，发布国家安全相关知识，继续扩大宣传效果。\r\n\r\n故本题的答题思路是：首先，做好前期准备工作；其次，结合不同的对象和方式全面开展宣传活动，如通过走进学校开展活动、深入企业进行宣讲以及面向群众发放手册的方式保证活动的宣传效果；最后，总结提升，扩大宣传效果。', 1.00, 19, 21, 0);
INSERT INTO `subjective_question` VALUES (15, '你们县里开发了一个红色旅游景区，文旅局的领导让你组织召开一次推介会，你会怎么组织？', '1', '', '本题属于组织管理题中的其他活动类题目，活动类型是推介会，要求围绕“我”县红色旅游景区进行推介，考生可以结合宣传的形式进行作答，再设置一些特色环节，达到推介的效果。下面结合题目具体分析。  \r\n\r\n审题点1:“你们县里开发了一个红色旅游景区”\r\n\r\n这里给出了本题背景。“我”县开发红色旅游景区不仅可以发展红色旅游经济，促进“我”县的旅游产业发展，提升当地经济水平，为群众带来更多的收入，而且发展红色旅游还可以宣传红色文化，弘扬红色精神。我们可以以此入题，引出其他答题内容。\r\n\r\n审题点2：“文旅局的领导让你组织召开一次推介会，你会怎么组织” \r\n\r\n关于旅游景区推介会，考生需要明确，其活动形式类似于变相的宣传，但与宣传不同的是推介会需要达到招商引资的目的，通过推介会吸引游客的同时，发展“我”县经济。因此，我们需要做好前期准备，查阅资料并实地走访，充分了解景区的情况；然后制订推介方案，邀请企业代表、专家、媒体记者、旅行社负责人等相关人员参加，达到宣传和合作的目的。在开展环节，考生需要明确，不要仅仅围绕宣传吸引游客，也要充分展现“我”县旅游资源的发展潜力，促进与参会企业达成合作。因此，可以设置不同环节：一是领导致辞，主要通过介绍展现出“我”县红色旅游景区的吸引力和发展潜力；二是特色讲解，介绍景区情况，回答企业问题，促进达成合作；三是精品展示，通过现场表演展现“我”县文化特点，展示文创产品，并开展限时发放消费券等活动，为景区带来客流量。最后，总结提升，将推介会内容形成新闻稿，与视频同步宣传，并与合作企业打造“智慧游”系统，推动“我”县红色旅游景区长远发展。\r\n\r\n故本题的答题思路可为：首先，做好前期调研；其次，制订推介方案；再次，全面开展推介大会，通过领导致辞、特色讲解及精品展示三个环节提升景区知名度，促成企业合作；最后，总结提升，进行二次宣传，并结合景区打造线上“智慧游”系统，推动景区长远发展。', 1.00, 19, 21, 0);
INSERT INTO `subjective_question` VALUES (16, '某地政府在高新产业园开发了企业线上服务平台，以帮助企业解决问题，但是企业反馈说没什么用处，还很误事。领导让你开展调查评估工作，你会怎么做？', '1', '', '本题属于调研类的组织管理题目，首先要求对企业线上服务平台开展调查评估工作，整体上可以按照时间轴的方式进行展开，即前期做好充分准备，中期开展调研，最后形成调查报告。下面结合这道题目进行详细分析。\r\n\r\n审题点1：“某地政府在高新产业园开发了企业线上服务平台，以帮助企业解决问题，但是企业反馈说没什么用处，还很误事”\r\n\r\n这句话给出了题目的背景。高新产业园是集聚了高新技术企业的产业园区，政府在高新产业园开发企业线上服务平台，目的是提高企业办事效率，帮助企业解决问题，提升企业获得感、满足感。此类平台一般会为企业提供政策查询、政策申报、人社服务、动态展示、互动交流等“一站式”线上综合服务，是“互联网+政务服务”的创新体现，有利于打通政务服务“最后一公里”。但是企业却反馈说没什么用处，还很误事，说明企业线上服务平台在使用中出现了一些问题，后续的调查内容应当重点围绕企业为什么会这么认为展开，可以从平台的版块设置、内容设置、操作体验、业务办理等方面进行调查，了解到底是哪些方面出现了问题，以及如何改进这些问题。\r\n\r\n审题点2：“领导让你开展调查评估工作，你会怎么做”\r\n\r\n这句话明确了题目的设问，要求开展关于企业线上服务平台的调查评估工作，本质上是一次调研，那么我们可以按照时间轴顺序展开。首先，进行前期准备。想要全面了解平台使用情况，我们可以自己亲身体验一下平台的操作流程，感受平台运行存在的问题，也可以组建调研小组，一同开展调研。其次，开展调研工作。可以采用主体分析法，联想和企业线上服务平台有关的对象，比如题干中明确提到的企业，除此之外，还有在平台提供服务的有关政府部门、平台技术管理部门等。调研方式可以针对不同的调研对象采用问卷、座谈、实地走访、电话沟通等不同的方式。调研内容要有针对性，可以围绕企业线上服务平台版块设置、服务内容、使用效果、业务办理体验、改进意见等方面展开。调研结束后，还需要对调查内容进行整理，形成调查报告，评估平台运行情况，总结问题并提出建议，呈报领导参阅。\r\n\r\n因此本题的答题思路为：首先，充分准备，主要包括亲身体验平台操作流程、组建专业小组。其次，全面调研，面向企业、政府部门、后台技术部门等不同群体展开。最后，全面评估，梳理问题与建议，形成调查报告。', 1.00, 19, 21, 0);
INSERT INTO `subjective_question` VALUES (17, '假如你是B市市委宣传部的工作人员，你市某镇在乡风文明建设过程中把村镇综合服务中心改造成“新风礼堂”，集教育、医疗、移风易俗等功能。在遏制高价彩礼、转变丧葬风俗等移风易俗领域发挥了重要作用，并且可以举办宴席。领导想在全市范围内推广，请问你会如何开展工作？', '1', '', '本题属于组织管理类题目。推广一项先进经验，需要通过宣传引导，让更多地区知晓经验内容并加以借鉴，可以运用宣传类题目的思路作答。需要了解有关“新风礼堂”的建设情况，并通过各种形式的宣传推广，引导号召群众和其他单位、地区参与，后续持续了解宣传效果，推动进一步落实。下面结合这道题目进行详细分析。\r\n\r\n审题点1：“假如你是B市市委宣传部的工作人员”\r\n\r\n此句点明了我们的身份。作为市委宣传部的工作人员，我们的工作职责是做好宣传，引导促进精神文明建设，推动相关政策执行。\r\n\r\n审题点2：“你市某镇在乡风文明建设过程中把村镇综合服务中心改造成‘新风礼堂’，集教育、医疗、移风易俗等功能。在遏制高价彩礼、转变丧葬风俗等移风易俗领域发挥了重要作用，并且可以举办宴席”\r\n\r\n此处给出了背景信息，说明目前某镇改造“新风礼堂”的具体功能，例如教育、医疗、移风易俗、举办宴席等，以及获得的积极意义，例如遏制高价彩礼、转变丧葬风俗等，可以放在答题的细化展开中。\r\n\r\n审题点3：“领导想在全市范围内推广，请问你会如何开展工作”\r\n\r\n本句明确具体工作任务是在全市范围内推广某镇“新风礼堂”建设的先进经验。推广与宣传类似，可以借鉴宣传类题目的答题思路，但是也要注意推广的特殊性，要比宣传更具有指导性，关注活动实效以及后续是否落实。\r\n\r\n具体展开时，可以在宣传的思路中凸显推广特性。前期做好准备，了解领导想法要求、摸底“新风礼堂”建设的经验做法等。之后进行宣传推广，可以结合普遍性与特殊性的方式，一方面通过线上宣传的形式告知大家目的意义、详细情况，也可以通过表彰活动，营造见贤思齐的良好氛围；另一方面针对各村镇有针对性地推广，结合市委宣传部的身份定位向各村镇下发红头文件，或者通过实地参观、组织座谈会的形式让大家直观、深入了解“新风礼堂”。活动结束后也要持续关注推广效果，协助联系对接，推动“新风礼堂”经验真正落实。\r\n\r\n故本题的答题思路可为：首先，做好准备工作，收集资料、组建团队；其次，通过全面宣传、组织表彰活动、下发红头文件、实地考察座谈的形式，切实提升推广效果；最后，通过回看推广效果、继续协助对接来推动后续“新风礼堂”的建设。', 1.00, 19, 21, 0);
INSERT INTO `subjective_question` VALUES (18, '在市级机关内部要组织一次以“学党史，开新局”为主题的征文活动，领导将这项任务交给你，你会怎么进行策划？', '1', '', '本题属于组织管理类题目。我们需要审清活动场景、活动类型及主题。题干明确了以“学党史，开新局”为主题，开展征文活动，考生可以按照时间轴的作答思维，在市级机关内部做好此项征文的策划工作。接下来，结合题干信息进行具体分析。\r\n\r\n审题点1：“在市级机关内部要组织一次以‘学党史，开新局’为主题的征文活动”\r\n\r\n此处交代了三个信息：一是活动类型，即“开展征文活动”，征文可以归类为写作比赛，按照时间轴的顺序，从征文前的准备工作、征文中的评选工作、征文后的总结工作展开，尤其是在评选环节，参照比赛流程，可以开展两轮评选，即初选和终选；二是活动主题，即“学党史，开新局”，在征文活动开展过程中，要紧紧围绕着该主题，结合征文的内容、评选的标准等角度；三是活动范围，即“市级机关内部”，在作答的时候要予以体现，比如在宣传动员上，可以在市级机关的协同办公网中发布征文活动的文件，各个市级机关可以填写报名表进行参加。\r\n\r\n审题点2：“领导将这项任务交给你，你会怎么进行策划”\r\n\r\n此处为设问的具体内容，即“怎么策划”。考生在作答时要注意设问的特殊性，针对策划，可以将征文活动的实际开展过程，转化为策划方案，在入题时直接扣住设问进行开题，比如“领导将这项任务交给我，我会从以下几个方面做好征文活动的策划工作”。同时，要注意到，领导将这项任务交给你，要做到事事有回应，及时跟领导汇报策划的情况。\r\n\r\n故本题的答题思路为：首先，策划征文活动的准备工作；其次，策划征文活动的开展工作；最后，策划征文活动的总结工作。', 1.00, 19, 21, 0);
INSERT INTO `subjective_question` VALUES (19, '测试', 'http://localhost:8080/community/admin/quesImg/54924d0f4cca4970a18af26047de911c.png', '1', '1', 1.00, 10, 17, 1);
INSERT INTO `subjective_question` VALUES (20, '根据“给定资料”，指出当前我国文物储藏存在的问题。（4分）\r\n\r\n要求：准确、全面。不超过35字。', '1', '如今飞入寻常百姓家的王谢堂前燕，可谓比比皆是。如公众像“追剧”一样密切关注海昏侯墓的考古挖掘。无论是展示时间，还是展览手段，均创下了纪录。这样的努力，既是一种文化普及，也是一次全民性的价值提升。遗憾的是，从全国范围看，文物休眠的情形不在少数。由于资金缺乏，在许多县级文保所，众多国宝级文物多年深藏在地库之中。有些文保所甚至连一个像样的仓库都没有，大量宝贵的出土文物就随意堆放在地上，令人叹息。第三次全国文物普查数据显示，全国登记的不可移动文物高达76万处，而全国重点文物保护单位为4295处。这里面有多少文物常年深藏“冷宫”，不为人知？听任文物闲置，无疑是一种极大的文化浪费。而国内不少地方，虽然也建起了宏伟富丽的博物馆，但由于理念的落后以及过度保护的错误意识，能够展出来与公众见面的文物仍十分有限。文物就应该走出封闭状态，接受公众的观赏，让民众共享。文化的传承、历史的重现、艺术的重陶，往往在这种亲炙一面中得以完成。一个人若有幸在众多传承有序、历史和文化价值极高的文物精品中获得滋养，也一定会受用终生。', '由于资金缺乏，理念落后、过度保护造成文物休眠，是一种极大的文化浪费。如今飞入寻常百姓家的王谢堂前燕，可谓比比皆是。如公众像“追剧”一样密切关注海昏侯墓的考古挖掘。无论是展示时间，还是展览手段，均创下了纪录。这样的努力，既是一种文化普及，也是一次全民性的价值提升。遗憾的是，从全国范围看，文物休眠的情形不在少数。由于资金缺乏，在许多县级文保所，众多国宝级文物多年深藏在地库之中。有些文保所甚至连一个像样的仓库都没有，大量宝贵的出土文物就随意堆放在地上，令人叹息。第三次全国文物普查数据显示，全国登记的不可移动文物高达76万处，而全国重点文物保护单位为4295处。这里面有多少文物常年深藏“冷宫”，不为人知？听任文物闲置，无疑是一种极大的文化浪费。而国内不少地方，虽然也建起了宏伟富丽的博物馆，但由于理念的落后以及过度保护的错误意识，能够展出来与公众见面的文物仍十分有限。\r\n\r\n〖阅读技巧：本题需找“问题”这一要素，因此出现负面表述的句子要重点阅读。负面表述“文物休眠”“资金缺乏”“文物闲置”“极大的文化浪费”“理念的落后以及过度保护的错误意识”提示问题，从中可摘抄出要点：由于资金缺乏，理念落后、过度保护造成文物休眠，是一种极大的文化浪费。〗', 1.00, 14, 17, 0);
INSERT INTO `subjective_question` VALUES (21, '根据“给定资料”，针对当前网络二手交易中存在的问题，提出解决对策。（3分）\r\n\r\n要求：准确、全面，不超过40字。', '1', '随着家庭用品加速升级换代，如何让闲置物品流转起来，使旧物出售和消费变成“动动手指就能办成的事”，成为商家瞄准的一片蓝海。不过，由于买卖无须“打照面”、交钱与交货环节分离等原因，网络二手交易平台的信誉难以尽如人意，“省时省力不省心”，是不少人的共同印象。同时，与一般商品不同，非标准化是二手商品的最大特点，其损耗程度、保养情况等很难得到最合理的评估、考证。', '二手交易平台加强交易信息审核，完善对二手商品损耗程度、保养情况等评估考证标准。随着家庭用品加速升级换代，如何让闲置物品流转起来，使旧物出售和消费变成“动动手指就能办成的事”，成为商家瞄准的一片蓝海。不过，由于买卖无须“打照面”、交钱与交货环节分离等原因，网络二手交易平台的信誉难以尽如人意，“省时省力不省心”，是不少人的共同印象。同时，与一般商品不同，非标准化是二手商品的最大特点，其损耗程度、保养情况等很难得到最合理的评估、考证。\r\n\r\n〖阅读技巧：本题答题要素是对策，由问题可以分析推导出对策，所以出现负面表述的句子需重点阅读。由“网络二手交易平台的信誉难尽人意”“非标准化是二手商品的最大特点，其损耗程度、保养情况等很难得到最合理的评估、考证”等负面信息，可以概括出网络二手交易中存在的问题：二手平台交易信誉差、商品合理评估、考证难。针对这一问题，可以通过加强审核、完善标准等措施加以解决，由此可分析推导出对策：二手交易平台加强交易信息审核，完善对二手商品损耗程度、保养情况等评估考证标准。〗', 1.00, 15, 17, 0);
INSERT INTO `subjective_question` VALUES (22, '根据“给定资料”，针对当前“互联网+”经济活动存在的问题，提出解决对策。（3分）\r\n\r\n要求：准确、简明，不超过35字。', '1', '随着物物相联时代到来，网络平台公司通过互联网重新整合闲散资源和富余劳动力，然后再按需精准配置，实现物尽其用，改变了我们的文化和经济世界，但是，由于制度建设的相对滞后，经济活动过程中产生的纠纷也让人颇费思量。租车、私厨、保洁……“互联网+”催生了很多以APP为平台的服务业务，通过APP和客户建立联系进行服务，是否就算是和APP的运营公司建立了劳动关系？卢先生、赵先生等7名厨师，通过某公司的APP网约客户，成为上门掌勺的“私厨”。日前他们起诉要求法院确认自己和该公司存在劳动关系，要求支付双倍工资、休息加班费等酬劳。该公司认为，根据双方签订的商务合作协议，赵先生等通过其旗下的APP平台，依照客户需求接单提供服务，是否接单和工作时间赵先生等人均自行掌握，他们不接受公司管理，因此双方非劳动关系。有法律界人士认为，“互联网+”劳务是近年来兴起的劳务形式，网络服务平台运营方与加入平台的劳动者间是否构成劳动关系是一个尚有争议的法律问题，这就造成劳动权益被侵害的风险加大。', '1111111111111', 1.00, 15, 17, 0);
INSERT INTO `subjective_question` VALUES (23, '伴随着营地经济的起飞，“营地+”模式呈现井喷式增长，比如“营地+景区”“营地+体育”“营地+乐园”等。某村请旅游公司来开发营地，打造“营地+”模式吸引游客，但是发展了一段时间，出现了一些问题。\r\n\r\n（1）有村民抱怨道：“游客倒是越来越多，但是我们村民的收入也没见增长多少呀。”\r\n\r\n（2）村里的溪流下游总是漂浮着很多垃圾。\r\n\r\n（3）节假日的时候村里的道路总是很拥堵。\r\n\r\n如果你是驻村干部，你准备怎么办？', '1', '', '本题属于应急应变题。题干中明确给出三个矛盾点，考生可以立足驻村干部的身份，调动可利用的资源，将题干中的矛盾逐一解决即可。另外，在解决过程中可以寻求上级及其他部门的帮助，同时注意“营地经济”这一核心概念。下面结合题干进行具体分析。\r\n\r\n审题点1:“伴随着营地经济的起飞，‘营地+’模式呈现井喷式增长，比如‘营地+景区’‘营地+体育’‘营地+乐园’等。某村请旅游公司来开发营地，打造‘营地+’模式吸引游客”\r\n\r\n这里交代了本题背景。“营地+”模式的井喷式增长催生了新的经济增长点，某村请旅游公司来开发打造营地吸引游客，也是为了提高村子整体经济水平和发展质量，可以在开篇简单肯定村子积极探索发展道路的做法。\r\n\r\n审题点2：“但是发展了一段时间，出现了一些问题。（1）有村民抱怨道：‘游客倒是越来越多，但是我们村民的收入也没见增长多少呀。’（2）村里的溪流下游总是漂浮着很多垃圾。（3）节假日的时候村里的道路总是很拥堵”\r\n\r\n这里给出了本题的三个矛盾点。作为驻村干部，可以就这些问题进行广泛调研，分别调研旅游公司、村干部、其他村民等主体，了解该模式在村子内具体的运营情况，然后针对不同的问题给出不同的解决措施。\r\n\r\n第一个矛盾点是村民抱怨收入增长少。针对此问题，可以协调旅游公司共同探索让村民增收的办法，例如通过营地分红、到营地工作、卖农产品、开农家乐，或者采摘、乡村研学等，增加村民赚钱的机会。\r\n\r\n第二个矛盾点是下游垃圾多。可以从原因倒推解决办法，主观原因可能是游客没有环保意识，客观原因可能是该村没有对垃圾进行有效处理、没有保护好村内环境，所以可以采取的做法有加强环保宣传，科学设置垃圾处理设备并配备足够的清洁力量，另外也可以联合环保部门共同对破坏环境、乱扔垃圾的游客采取惩罚措施。\r\n\r\n第三个矛盾点是节假日村内道路拥堵。缓解道路拥堵问题，一方面可以加强引导力量，比如请交管部门协助引导交通，另一方面可以从基础设施建设的角度思考，联系乡村规划部门、市政部门进行村内道路规划，拓宽道路、增加停车场等。此外，也可以号召村民尽量减少节假日开私家车出行，共同打造畅通环境。\r\n\r\n审题点3：“如果你是驻村干部，你准备怎么办”\r\n\r\n这里给出了你的身份定位，驻村干部一般是镇政府或者上级单位派驻村内的干部，需要在部门协调、上传下达、帮助村子发展上起到积极作用。\r\n\r\n综上所述，本题的作答思路为：第一，全面调研该模式在本村的运营情况；第二，分别解决村民收入增长少、下游垃圾多、交通拥堵的问题。', 1.00, 20, 21, 0);
INSERT INTO `subjective_question` VALUES (24, '你是政府部门的工作人员，为了贯彻疫情防控政策，你们单位本周要去社区里面核查居民的信息。你给每个要去核查的同事购买了防疫包。等到了社区以后，一个同事打电话跟你说他的防疫包里面没有防护服，你这时候应该怎么处理？', '1', '', '本题为应急应变类题目，由自己准备的防疫包在使用的时候发现缺少必要的物资，我们需要紧急处理这件事，确保不耽误核查信息的工作。下面结合题目进行具体分析。\r\n\r\n审题点1：“你是政府部门的工作人员，为了贯彻疫情防控政策，你们单位本周要去社区里面核查居民的信息。你给每个要去核查的同事购买了防疫包”\r\n\r\n单位要核查居民信息，就需要做入户等工作，一些防疫用品必不可少。由我为同事购买防疫包，应该保证防疫包的数量、质量。通常情况下，为应对中间出现换班等情况，还需要多准备一些防疫包，以应对突发情况。\r\n\r\n审题点2：“等到了社区以后，一个同事打电话跟你说他的防疫包里面没有防护服，你这时候应该怎么处理”\r\n\r\n一个同事表示防疫包中没有防护服，也就是该同事没有办法开展下一步的工作。我们需要抓紧时间解决好防护服的问题，让该同事可以顺利地做核查的工作。当东西缺失的时候，我需要第一时间现场查找，所以该同事打来电话的时候，我们可以先了解一下这位同事处在哪个小区，让他现场查找并询问是否有其他同事的防疫包里有多装的现象，是否还有其他人缺少防疫物资的问题，并做好统计。如果找到了，就可以继续开展核查工作。当然，也有可能现场找不到，就是少装了，那么可以估算好时间，协调现场的负责人员，请其他同事先帮助这位同事承担部分核查的工作，并抓紧时间将备用的防护服送过去，再赶上进度。处理完这件事，我们也需要随时待命，给同事做好后勤服务工作。核查工作完毕后，我需要按照防疫规定处理这批使用过的防疫物资，并且要全面回顾自己的工作，今后做好反复检查的工作，保证不再出现这类事件。\r\n\r\n因此，本题的作答思路是：首先，保持冷静，询问现场情况；其次，请同事现场寻找，并根据不同情况处理；再次，清点备用物品，随时待命；最后，反思提升。', 1.00, 20, 21, 0);
INSERT INTO `subjective_question` VALUES (25, '现在组织了一个活动，请医疗、教育、农技专家下乡助力“三农”，小李负责活动现场的摊点管理工作。活动现场，有的专家摊点前人潮涌动，专家觉得累，想休息；有的专家摊点前无人问津，专家觉得无聊，想先回去。如果你是小李，你会怎么做？', '1', '', '本题属于应急应变题。题目背景是“三农”活动现场，要审清答题身份和题干中的矛盾，并按照轻重缓急原则，采用合理假设等答题技巧进行作答。下面结合这道题目进行详细分析。\r\n\r\n审题点1：“现在组织了一个活动，请医疗、教育、农技专家下乡助力‘三农’，小李负责活动现场的摊点管理工作”\r\n\r\n此处为题目背景。专家下乡助力“三农”可以有效解决群众难题，提升基层医疗、教育、农业技术水平，进而缓解群众病痛，提升群众文化素养，增加农产品产量。设置现场摊点可以进行政策宣讲，也可以对群众问题进行现场答疑，是较为常见且贴近群众生活的宣传方式之一。\r\n\r\n审题点2：“活动现场，有的专家摊点前人潮涌动，专家觉得累，想休息；有的专家摊点前无人问津，专家觉得无聊，想先回去。如果你是小李，你会怎么做”\r\n\r\n此处明确了存在的矛盾，即专家摊点前的群众分布不均，导致有的专家想休息，有的专家想回去。因此首先，可以请专家稍作休息，同时向专家做好解释说明。其次，因为矛盾较为单一，故可以通过合理假设的方式展开作答。可以思考为什么会出现这种情况，是否因为群众不知道每个摊点是做什么的，都拥挤在显眼的摊点前，或者是群众对某项主题不了解、缺少兴趣，不知道其重要性。之后，再分情况进行处理，通过人员引导、宣传讲解等方式，使得专家真正发挥其知识普及的作用。最后，做好后续工作，宣传活动情况，并总结经验教训，避免类似问题再次发生。\r\n\r\n故本题的答题思路可为：首先，短暂休整，调整情绪；其次，有的放矢，解决问题；最后，长效宣传，惩前毖后。', 1.00, 20, 21, 0);
INSERT INTO `subjective_question` VALUES (26, '领导交给小王一项任务，让小王写今年的工作报告，但是小王偷懒没写，把去年的工作报告提交给领导了，领导生气了，如果你是小王，你怎么做？', '1', '', '本题是一道人际关系题，面对领导的批评，我们应该秉承着勇于承认错误的理念，积极主动弥补工作失误。具体结合题目进行详细分析。\r\n\r\n审题点1：“领导交给小王一项任务，让小王写今年的工作报告”\r\n\r\n这里给出了矛盾产生的背景。撰写年度报告通常是通过回顾一年的工作来总结经验、吸取教训、谋划未来，所以这是一项很重要的工作，能够交给小王来做，也可以看出领导对小王的信任。\r\n\r\n审题点2：“小王偷懒没写，把去年的工作报告提交给领导了，领导生气了”\r\n\r\n这里明确了这道题的矛盾，即小王偷懒惹领导生气了。这里很明确地给出了小王工作上的错误，所以要从如何 “改正错误”的角度出发解决问题。而且针对“领导生气了”这个比较直接的结果，小王可以先对领导的生气有所回应，即要主动承认错误，剖析自身。认错是为了改错，所以小王要积极主动地弥补错误，可以从写报告的流程出发考虑如何做，比如仔细研读过去的报告，留下可用的地方，之后针对今年和去年的不同，更新数字、举措等，最后写好呈交给领导审阅，并且还要加班加点地尽早完成。\r\n\r\n审题点3：“如果你是小王，你怎么做”\r\n\r\n这里给出了你的身份是“小王”，这也就意味着审题点1和审题点2中所分析的行为是发生在“你”身上的，在回答问题时一定要注意不要使用“小王”这个称呼，而应该从“我”的角度进行阐述。而且对小王来说，除了认错和亡羊补牢外，还应该有“惩前毖后”的长远考虑，应该时刻提醒自己端正态度，养成良好工作习惯。\r\n\r\n综合上述分析，本题的答题思路是：积极承认错误—努力改正错误—长远避免错误。', 1.00, 21, 21, 0);
INSERT INTO `subjective_question` VALUES (27, '老张是你的同事，最近单位交给你们一些职工信息的线上统计录入工作，你作为信息技术专业人员，之前已向老张讲解过多次，但他还是不会，经常不分昼夜地给你打电话，导致你苦不堪言，请问你怎么办？', '1', '', '本题是一道人际关系类题目。考生要保持阳光心态，合理看待老同事因为自身不会某些工作而对你造成的困扰，并采取合理方式解决。下面结合题目具体分析。\r\n\r\n审题点1：“老张是你的同事，最近单位交给你们一些职工信息的线上统计录入工作”\r\n\r\n此处明确了你和老张的关系是同事，共同负责一项线上统计录入工作。从老张的称呼上可以看出，老张是老同事，虽然有丰富的经验，但是在电脑操作方面可能存在短板，这可能与老同事的年纪、过去工作经历等有关，并非人为故意的不作为，因此考生要保持阳光心态。同时，这里还要注意我们的工作是职工信息的线上统计录入，因此解决完矛盾后还要确保工作能够顺利完成。\r\n\r\n审题点2：“你作为信息技术专业人员，之前已向老张讲解过多次，但他还是不会，经常不分昼夜地给你打电话，导致你苦不堪言，请问你怎么办”\r\n\r\n这一点明确了你和老张的问题所在，你很擅长这项工作，而且也发挥了自己的作用向老张进行了讲解，但是老张还是不会，导致这种情况的原因主要有两方面：一方面是老张的原因，比如学习方法有误、存在依赖心理等，因此，要和老张沟通，让他重视、掌握正确的学习方法。另一方面你也要反思为什么教了这么多遍他还是不会，是不是自己的教学方法有问题，不能一针见血、直中要害，因此要改进教学方法，掌握老张的需求，并进行针对性培训，甚至编写一些“口袋书”、路程图，帮助他尽快掌握。对于老张经常不分昼夜地给你打电话，导致你苦不堪言的问题，这确实会极大影响你的生活，对于这点，首先要调整好心态，不要与老张有隔阂，甚至影响工作开展，可以开诚布公地和老张沟通，说明自己的难处，希望老张可以调整询问的方式。\r\n\r\n综合上述分析，本题的答题思路是：首先，调整心态；其次，主动沟通；再次，帮助老张解决问题；最后，完成工作。', 1.00, 21, 21, 0);
INSERT INTO `subjective_question` VALUES (28, '小王是一名新入职的公务员，领导安排小王下基层，小王因为从小生活在城市，认为自己对农村的工作不熟悉，做不好。领导对他说，人要往下扎根，才能向上生长。如果你是小王，你会怎么处理？ ', '1', '', '本题属于人际关系类题目。领导希望新人小王去基层开展工作，小王因自己从小生活在城市，对农村的工作不熟悉，存在畏难心理，对此，我们需要调整心态，改变状态，扎根基层，适应基层。下面结合题干进行详细分析。\r\n\r\n审题点1：“小王是一名新入职的公务员，领导安排小王下基层，小王因为从小生活在城市，认为自己对农村的工作不熟悉，做不好”\r\n\r\n这里明确了小王的身份信息，即单位新入职的公务员。作为新人，小王对机关工作不够熟悉，工作经验不足，难免有不切实际的想法。我们可以运用主体分析法对这句话的内容进行分析：一方面，领导安排小王下基层，是希望小王通过下基层锻炼工作能力，锤炼个人品格，坚持求真务实的工作作风，这里可以强调领导的安排用心良苦；另一方面，小王从小生活在城市，不熟悉农村，怕做不好工作，说明小王对下基层存在畏难心理，需要摒弃这种畏难心态。\r\n\r\n审题点2：“领导对他说，人要往下扎根，才能向上生长。如果你是小王，你会怎么处理”\r\n\r\n这里交代了领导的期许，领导的这句话看似简短，但却强调了基层工作的重要性，只有在基层扎根，不断从基层汲取养分，今后才会枝繁叶茂，才能做好机关的工作。因此作为新人的小王，首先，要在心态上做出调整，理解领导的用心，同时向领导表示歉意，保证在基层好好开展工作；其次，尽快熟悉基层工作内容，可以通过查阅资料、询问基层同事和提前走访等方式，对基层工作做全方位的了解；再次，扎根基层，生活上和基层群众打成一片，工作上脚踏实地落实好每项任务；最后，持续总结提升，做到经风雨、见世面、壮筋骨、长才干，早日成长为基层的骨干力量。\r\n\r\n综上，本题的答题思路为：首先，摒弃畏难心理；其次，熟悉基层工作；再次，扎根基层实践；最后，持续总结提升。', 1.00, 21, 21, 0);
INSERT INTO `subjective_question` VALUES (29, '你负责单位的一项重点工作，同事老王给你介绍了一个专家帮助你，但是你发现专家的建议不切实际，专家认为你不懂装懂，你该怎么和老王说？请现场模拟。', '1', '', '本题是一道情景模拟题，需要我们针对同事老王介绍的专家提出的建议不切实际的问题，与老王进行沟通。我们需要从工作出发，妥善向老王说明这个情况，可以按照“动之以情—晓之以理—告之以方”的方式沟通。下面结合题干具体分析。\r\n\r\n审题点1：“你负责单位的一项重点工作，同事老王给你介绍了一个专家帮助你”\r\n\r\n这句话给出了题目的背景。题目明确这是一项重点工作，其重要性不言而喻，既然由“我”负责，“我”就有责任做好此项工作。在这种情况下，同事老王给“我”介绍了一个专家，目的是帮助“我”更好地开展工作，不论是出于工作角度还是同事情谊，这都是很贴心的做法，我们可以对老王的行为表示感谢。在工作中有了专家的帮助，可以群策群力，吸纳专业建议，将工作完成得更好，而且专家必然有其专业的地方，所以对于专家的付出我们也要表示肯定。\r\n\r\n审题点2：“但是你发现专家的建议不切实际，专家认为你不懂装懂，你该怎么和老王说？请现场模拟”\r\n\r\n这句话给出了题目的矛盾点和设问，矛盾点即“专家的建议不切实际”“专家认为你不懂装懂”。虽然专家有其专业的建议，但领导既然把这项工作交给“我”，说明“我”有开展此项工作的能力，并且和专家相比，“我”的优势是更加了解单位和本地的实际情况，所以我们要让专家了解情况，从而优化自己的建议。而题目要求模拟的对象是同事老王，所以我们需要向老王进行解释说明，说明专家的建议存在的问题，并阐述可能会带来的不良后果。解释完之后，我们还要考虑如何更好地发挥专家的作用。可以由“我”和老王一起与专家进行沟通，将此项工作的详细介绍和背景资料交给专家，也可以在后期邀请老王、专家和领导、同事一起开展调研座谈，让专家充分了解本地情况和单位情况，提出更加切合实际的建议。\r\n\r\n题目设问明确要求进行现场模拟，所以我们要注意使用模拟的语言作答，不必使用很规范的逻辑词，可以通过第一人称和第二人称进行阐述，同时尽量使用一些口语化的表述。在作答时，也可以适当地构建场景，更好地体现交流感。\r\n\r\n因此，本题的答题思路是：首先，开头引入，进入话题；其次，从感谢对方帮助、委婉说明问题、提出合理建议等角度和老王进行沟通；最后，简要结尾。', 1.00, 22, 21, 0);
INSERT INTO `subjective_question` VALUES (30, '为撬动基层治理数字化转型，单位打算推动“数字政府”改革建设纵深发展，但老同事有畏难情绪，有人认为业务工作太多没精力参与；也有人表示工作复杂，不想参与。假如你是单位的新员工，领导安排你在单位工作例会上发言，劝老同事积极参与改革工作，你打算怎么说？请现场模拟。', '1', '', '本题是一道现场模拟题。本题的核心话题是“数字政府”改革建设，这是我们国家层面鼓励和推行的政策。在矛盾方面，老同事有畏难情绪，并提出了两种想法，我们要针对老同事的想法逐一去劝解。作为新人要在会上发言，按照现场模拟的答题方式，需开篇入题，接着做出劝说，最后简单结尾。下面结合题目具体分析。\r\n\r\n审题点1：“为撬动基层治理数字化转型，单位打算推动‘数字政府’改革建设纵深发展”\r\n\r\n此处交代了题目的背景。“数字政府”改革建设是指政府利用信息技术手段进行现代化改革，以提升政府的管理效率、服务质量和公众满意度。随着数字化时代的到来，“数字政府”建设已经成为国家推进现代化的重要手段之一。推动“数字政府”改革建设向基层纵深发展，有利于优化提升政务服务、数据管理、公共资源交易和政府服务热线管理等工作的水平和效能，推动营商环境持续优化，为促进经济社会发展做出了积极贡献。推进“数字政府”改革建设无论对国家还是个人都有积极意义，是时代发展的大势所趋。\r\n\r\n审题点2：“但老同事有畏难情绪，有人认为业务工作太多没精力参与；也有人表示工作复杂，不想参与” \r\n\r\n此处交代了题目的矛盾。老同事有畏难情绪是很正常的，也是可以理解的，年长的同事可能对新事物的接受程度和学习能力没年轻人那么强，自然也会有很多顾虑。这里有两种观点：一种是认为业务工作太多没精力参与，我们可以按照“动之以情—晓之以理—告之以方”的思路，先表示认可和理解，接着讲清楚“数字政府”的各种好处，再告诉他们“数字政府”建设和日常业务不会冲突；一种是认为这项工作太复杂不想参与，那我们可以摆事实讲道理，说明其实现在软硬件条件已经很成熟，操作也不复杂，后续我们也会进行相关培训并提供帮助，希望他们打消疑虑。\r\n\r\n审题点3：“假如你是单位的新员工，领导安排你在单位工作例会上发言，劝老同事积极参与改革工作，你打算怎么说？请现场模拟” \r\n\r\n此处给出了身份和提问。作为单位的新员工，对老同事进行劝说，要注意秉持尊重和真诚的态度，保持谦虚和开放的心态，充分肯定老同事后再进行说理才能取得更好的效果。题干要求进行现场模拟，这就要求我们使用现场模拟的方式进行答题，语言要相对口语化、通俗易懂，更加注重自然、放松、接地气和交流感。\r\n\r\n综上，本题的答题思路可为：首先，打招呼，总体论述“数字政府”推动的必然；其次，针对老同事提出的两个顾虑逐一进行回应；最后，简单呼吁进行结尾。', 1.00, 22, 21, 0);
INSERT INTO `subjective_question` VALUES (31, '某市开通了热线电话和网络平台，来接收居民反馈的意见，现在由于网络平台的访问量增大，领导要从热线电话团队调出3名业务骨干到网络平台，如果你是该热线电话的负责人，你会如何回应领导，以减少调出业务骨干对热线电话部门工作的影响？请现场模拟。', '1', '', '本题是一道现场模拟题，沟通的对象为领导，答题时需要通过人称和敬语等体现对领导的尊重。同时，通过审题找到沟通中要解决的“核心矛盾”后，也可以借助“情、理、利、行”的思路，保障答题的针对性和有效性。接下来结合题干进行具体分析。\r\n\r\n审题点1：“某市开通了热线电话和网络平台，来接收居民反馈的意见”\r\n\r\n此处指出了本题的背景。当前，政务服务的反馈渠道不断拓宽，热线电话和网络平台均可收集群众的意见和建议，这不仅可以帮助群众使用多种方式来便捷快速地反映自己的心声，而且更有助于提升政府在群众心中的形象和公信力，是一项非常有益的举措。\r\n\r\n审题点2：“现在由于网络平台的访问量增大，领导要从热线电话团队调出3名业务骨干到网络平台”\r\n\r\n此处指出了本题的矛盾。现在网络平台的访问量增加，可能会导致问题建议的数量增加，使得对工作人员的需求量增加。领导要从热线电话团队中调出3名业务骨干，这一做法的初衷是为了更好地应对网络平台激增的访问人数，更好地搜集群众的问题，是应该被理解和服从的，在沟通时可以优先向领导表明自己的态度。但从热线电话团队调出3名业务骨干，很可能会导致热线电话团队人数的紧缺，且调出的都是业务骨干，也很可能会导致整个团队的工作效率大打折扣。所以还需要对人员调出或后续团队建设提出进一步的举措。\r\n\r\n审题点3：“如果你是该热线电话的负责人，你会如何回应领导，以减少调出业务骨干对热线电话部门工作的影响？请现场模拟”\r\n\r\n此处明确了本题的身份和问法。本题中我的身份为热线电话的负责人，这就要求除了服从领导的工作安排外，还需要考虑本职工作是否能够顺利进行，将可能存在的困难及时向领导进行汇报，表达自己的建议和想法。\r\n\r\n本题问法强调沟通的目的是“减少调出业务骨干对热线电话部门工作的影响”，因此在沟通时，可以先通过“晓之以理”，从当前热线电话本身的工作量比较大和3名业务骨干对热线电话接听的重要性，向领导阐述调出3名工作人员可能会带来的影响。而后，也可以从“告知以方”的角度，向领导提出自己的建议，比如减少调出的业务骨干人数、对调出人员进行均衡搭配、优化当前热线接听方式等，以真正实现沟通的目的。\r\n\r\n同时，题目要求“现场模拟”，所以在模拟开始时要有人称，对自己的领导可以用“张科长”“李局长”等称呼。在沟通结束时也要体现出模拟的效果，强调领导认真考虑了自己的意见，且自己会服从领导的后续工作安排。\r\n\r\n因此，本题的答题思路为：首先，动之以情，对于领导的做法表示理解；其次，晓之以理，从热线业务比较繁忙和3名业务骨干对热线接听工作的重要性两方面阐述影响；再次，告知以方，根据目的向领导提出意见和建议，希望可以调整调出人员的搭配；最后，达到沟通的效果，强调领导认真考虑了建议，自己也会服从工作安排。', 1.00, 22, 21, 0);
INSERT INTO `subjective_question` VALUES (32, '', '1', '习近平总书记指出：“乡村振兴，关键在人、关键在干。”人才振兴是乡村振兴的基础。2023年中央一号文件对加强乡村人才队伍建设做出了具体部署。A省为吸引城市青年下乡，外来人才入乡，本地人才兴乡，促进人才回乡、资源回流、项目回流，提出以下措施：\r\n\r\n1.选拔优秀高校毕业生服务基层，通过2-3年的基层服务期，围绕产业振兴、人才振兴、文化振兴、生态振兴、组织振兴等方面开展乡村振兴志愿服务；\r\n\r\n2.每年组织不少于3万大学生到乡村开展实习，为大学生提供实习与就业机会；\r\n\r\n3.加强与本县户籍大学生的联系与沟通，做好人才户籍等重要信息数据一体化建设，建立就业信息台账；\r\n\r\n4.建立乡村企业孵化培育平台，培养能带动广大农民创业致富的领头企业促使更多企业发挥乡村产业振兴领头雁作用；\r\n\r\n5.设立专项资金，给返乡青年创业提供创业补贴资金，提供贴息贷款服务；\r\n\r\n6.成立创业青年导师团队，指导返乡青年创业；\r\n\r\n7.创设挑战杯青年大学生创新创业服务平台，培育镇村项目创新成果；\r\n\r\n8.评选“乡村振兴青年先锋”，树立青年人才榜样；\r\n\r\n9.开展吸引省内外青年企业家的招商活动，为青年企业家推动乡村产业发展对接乡村创业项目提供服务。', '【任务】\r\n\r\n任务一：选出推进青年人才下乡返乡兴乡最有效的3个措施，并说明理由。\r\n\r\n任务二：就任务一达成一致。\r\n\r\n【要求】\r\n\r\n1.阅读思考阶段：请考生认真读题，并准备发言提纲。每个人时间为10分钟。\r\n\r\n2.个人陈述阶段：请考生按考号从小到大就任务一进行个人陈述。每个人时间为3分钟。\r\n\r\n3.自由讨论阶段：请考生就任务二进行讨论，并达成一致观点。讨论时间 6人以下不超过 30 分钟，6-9 人不超过 40 分钟\r\n\r\n4.总结陈述阶段：请考生按考号从大到小进行总结陈述。每个人时间为 2分钟。\r\n\r\n【注意事项】\r\n\r\n1.考生必须根据试题给出的任务，按照要求自主进行讨论，讨论期间，考生不得再向考官询问任何问题。\r\n\r\n2.小组必须在规定的时间内完成任务，如果考生提前完成任务，经考官研究决定，可进行下一阶段任务。\r\n\r\n3.禁止为达成一致意见而使用投票表决的方式。\r\n\r\n4.对他人发表意见时，不得进行人身攻击。', 1.00, 16, 21, 1);
INSERT INTO `subjective_question` VALUES (33, '【任务】\r\n\r\n任务一：选出推进青年人才下乡返乡兴乡最有效的3个措施，并说明理由。\r\n\r\n任务二：就任务一达成一致。\r\n\r\n【要求】\r\n\r\n1.阅读思考阶段：请考生认真读题，并准备发言提纲。每个人时间为10分钟。\r\n\r\n2.个人陈述阶段：请考生按考号从小到大就任务一进行个人陈述。每个人时间为3分钟。\r\n\r\n3.自由讨论阶段：请考生就任务二进行讨论，并达成一致观点。讨论时间 6人以下不超过 30 分钟，6-9 人不超过 40 分钟\r\n\r\n4.总结陈述阶段：请考生按考号从大到小进行总结陈述。每个人时间为 2分钟。\r\n\r\n【注意事项】\r\n\r\n1.考生必须根据试题给出的任务，按照要求自主进行讨论，讨论期间，考生不得再向考官询问任何问题。\r\n\r\n2.小组必须在规定的时间内完成任务，如果考生提前完成任务，经考官研究决定，可进行下一阶段任务。\r\n\r\n3.禁止为达成一致意见而使用投票表决的方式。\r\n\r\n4.对他人发表意见时，不得进行人身攻击。', '1', '习近平总书记指出：“乡村振兴，关键在人、关键在干。”人才振兴是乡村振兴的基础。2023年中央一号文件对加强乡村人才队伍建设做出了具体部署。A省为吸引城市青年下乡，外来人才入乡，本地人才兴乡，促进人才回乡、资源回流、项目回流，提出以下措施：\r\n\r\n1.选拔优秀高校毕业生服务基层，通过2-3年的基层服务期，围绕产业振兴、人才振兴、文化振兴、生态振兴、组织振兴等方面开展乡村振兴志愿服务；\r\n\r\n2.每年组织不少于3万大学生到乡村开展实习，为大学生提供实习与就业机会；\r\n\r\n3.加强与本县户籍大学生的联系与沟通，做好人才户籍等重要信息数据一体化建设，建立就业信息台账；\r\n\r\n4.建立乡村企业孵化培育平台，培养能带动广大农民创业致富的领头企业促使更多企业发挥乡村产业振兴领头雁作用；\r\n\r\n5.设立专项资金，给返乡青年创业提供创业补贴资金，提供贴息贷款服务；\r\n\r\n6.成立创业青年导师团队，指导返乡青年创业；\r\n\r\n7.创设挑战杯青年大学生创新创业服务平台，培育镇村项目创新成果；\r\n\r\n8.评选“乡村振兴青年先锋”，树立青年人才榜样；\r\n\r\n9.开展吸引省内外青年企业家的招商活动，为青年企业家推动乡村产业发展对接乡村创业项目提供服务。', '1.审任务\r\n\r\n本题一共两个任务，但都是围绕同一内容。任务一需要考生在个人陈述阶段，选出推进青年人才返乡最有效的3个措施，并说明理由。任务二，要求考生就任务一达成一致，也就是说选出最有效的3个措施。所以，任务二与任务一相同，为多选类题目。\r\n\r\n2.审要求\r\n\r\n（1）关注时间：考试总共四个阶段。\r\n\r\n阅读思考阶段：审题并准备发言提纲，每人10分钟；\r\n\r\n个人陈述阶段：按照考号从小到大的顺序逐一发言，作答“任务一”，每人3分钟；\r\n\r\n自由讨论阶段：就“任务二”讨论，并达成一致观点，6人以下不超过30分钟，6-9人不超过40分钟；\r\n\r\n总结发言阶段：按照考号从大到小的顺序陈述，每人2分钟。\r\n\r\n（2）关注规则：\r\n\r\n自主进行讨论，期间不得再向考官询问任何问题；\r\n\r\n采用组员讨论方式达成一致意见，而非投票表决的方式；\r\n\r\n在他人发表意见时，不得进行人身攻击。\r\n\r\n3.审材料\r\n\r\n材料介绍人才振兴是乡村振兴的基础，提到2023年中央一号文件对加强乡村人才队伍建设做出了具体部署。习近平总书记指出：“乡村振兴，关键在人、关键在干。”由此可见，人才队伍建设对乡村振兴的重要意义，接下来，对A省推进青年人才下乡返乡兴乡的措施进行分析。\r\n\r\n措施1：注重人才引入，选拔优秀高校毕业生服务基层，围绕产业振兴、人才振兴、文化振兴、生态振兴、组织振兴等方面开展乡村振兴志愿服务，由此不难想到，这一举措能够更好地推进乡村人才队伍建设。\r\n\r\n措施2：提供实习机会，每年组织不少于3万大学生到乡村开展实习，提供实习与就业机会，能够更好地为乡村建设补给人才资源。\r\n\r\n措施3：做好信息数据一体化建设，建立信息台账加强与本县户籍大学生的联系与沟通，能够更好地实现本乡人才信息对接。\r\n\r\n措施4：建立乡村企业孵化培育平台，培养乡村领头企业，是从企业角度入手，发挥领头企业的带动作用，为乡村产业振兴起到促进作用。\r\n\r\n措施5：设立专项资金，为返乡青年创业提供创业补贴资金，提供贴息贷款服务，这种为返乡创业的青年们提供奖补政策的举措，有利于优化返乡创业环境。\r\n\r\n措施6：成立创业青年导师团队，为返乡青年提供创业指导，有利于做好人才返乡的服务工作。\r\n\r\n措施7：创设青年大学生创新创业服务平台，培育镇村项目创新成果，做好平台项目服务工作。\r\n\r\n措施8：举办评选“乡村振兴青年先锋”活动，树立青年人才榜样，通过宣传活动的方式，号召更多的青年人才下乡创业就业。\r\n\r\n措施9：开展吸引省内外青年企业家的招商活动，为推动乡村产业发展对接乡村创业项目提供服务，这是通过招商活动的方式、吸引城市青年人才下乡的重要举措。\r\n\r\n综上，材料中的9个措施可以按照措施的不同维度进行分类，具体可分为：人才队伍建设、平台项目建设、奖补活动建设。其中，在人才队伍建设类包括1、2、6；平台项目建设类包括3、4、7；奖补活动建设类包括5、8、9。', 1.00, 16, 21, 0);
INSERT INTO `subjective_question` VALUES (34, '【任务】\r\n\r\n一、选出三项重点解决的问题，提出措施。\r\n\r\n二、自由讨论阶段就任务一达成一致，并针对每个问题提出2-3条对策。\r\n\r\n【要求】\r\n\r\n1.阅读材料和思考问题10分钟。\r\n\r\n2.个人陈述，每人时间3分钟。自由讨论时间6个人30分钟，7人及以上40分钟。\r\n\r\n3.考生按照考号从大到小依次进行总结陈词，每人时间为2分钟。', '1', '近年来，深圳在文明创建中砥砺前行，秉持先行示范的自觉担当，坚持高标准谋划、高规格部署、高水平推进，着眼于市民的文明幸福和谐，着眼于城市的可持续发展全面深化文明城市创建，努力以物质文明与精神文明的丰盈成果，向世界展示社会主义先行示范区的标杆形象。但是在文明城市创建中，依旧发现以下一些问题。\r\n\r\n1、背街小巷、农贸市场、老旧小区等场所的卫生环境比较差\r\n\r\n2、小区宣传单乱贴乱传乱放严重\r\n\r\n3、一些路段人行道、非机动车道没有明显区分，道路坑洼较多，洼地存在积水情况\r\n\r\n4、部分市民存在随地吐痰、乱扔垃圾的现象\r\n\r\n5、部分小区楼道杂物堆积、墙面破损、照明设施不足\r\n\r\n6、小区内仍存在垃圾分类不到位的情况\r\n\r\n7、道路上存在汽车乱掉头、乱停放、乱鸣笛，行人闯红灯、翻栅栏的情况\r\n\r\n8、垃圾站、环卫点不足，厕所分布不合理，井盖破损无人修理\r\n\r\n9、高空抛物、不文明养犬等不文明现象较多  \r\n\r\n10、公益宣传不到位，市民参与度不高', '1.审任务\r\n\r\n本题有两个任务，任务一和二均是多选加开放题，任务一在多选时，可以结合理论方法选出三项重点解决的问题，陈述理由时可以从多方面、多角度进行论证，增强说服力。在提出措施时，可以按照流程轴等方法解答。任务二在自由讨论过程中，依旧使用多选和开放题的理论方法提出观点及做好反驳等，另外，对于选出的问题要提出2-3条对策。\r\n\r\n2.审要求\r\n\r\n关注时间：考试总共四个阶段。\r\n\r\n阅读思考阶段：审题、列提纲，每个人时间为10分钟；\r\n\r\n个人陈述阶段：针对“任务一”发言，每人时间3分钟；\r\n\r\n自由讨论阶段：就“任务一”讨论并达成一致意见，并针对每个问题提出2-3条对策，讨论时间 6人 30 分钟，7人及以上40分钟；\r\n\r\n总结发言阶段：按考号从大到小的顺序依次进行总结陈词，每人2分钟。\r\n\r\n3.审材料\r\n\r\n材料背景介绍深圳全面深化文明城市创建，向世界展示社会主义先行示范区的标杆形象，但是在文明城市创建中，依旧发现一些问题，具体问题有以下十个方面。\r\n\r\n选项1，属于环境卫生问题，老旧小区、背街小巷、农贸市场等都是烟火气息浓郁的区域，卫生环境比较差将影响群众的日常生活，另外，这些场所出现环境卫生问题，说明市场监督、环卫等部门卫生管理不够到位。\r\n\r\n选项2，属于环境卫生问题，宣传单乱贴乱传乱放，严重影响社区环境，主要原因在于小区缺乏监督引导，导致乱贴广告现象愈演愈烈。\r\n\r\n选项3，属于基础设施问题，人行道、非机动车道没有明显区分，说明交通道路规划不到位，而且道路坑洼没有及时填补，也会影响群众的出行安全，需要职能部门对道路进行修补，以及划分人行道和非机动车道。\r\n\r\n选项4，属于环境卫生问题，随地吐痰、乱扔垃圾的现象将会影响市容环境的干净整洁，容易传播疾病，这是属于公民素质问题，需要公民增强主人翁意识，自觉爱护身边环境。\r\n\r\n选项5，属于基础设施问题，小区楼道墙面破损、照明设施不足，存在消防安全隐患，影响群众的居住安全，侧面说明小区基础设施管理存在显著短板。\r\n\r\n选项6，属于环境卫生问题，垃圾分类不到位，将会造成很多的可循环资源流失，而且垃圾处理不当，也会影响环境，该问题是小区的教育引导不够到位，导致小区内尚未养成垃圾分类习惯。\r\n\r\n选项7，属于公共秩序问题，不管是汽车乱掉头还是行人闯红灯，都是不遵守交通规则的现象，影响交通秩序，而这些问题是群众交通安全意识不到位导致的。\r\n\r\n选项8，属于基础设施问题，垃圾站、环卫点不足和厕所分布不合理，将会给群众带来不便，而且该问题归政府部门管理，需要对垃圾站、厕所等进行合理布局，以及及时修理破损井盖。\r\n\r\n选项9，属于公共秩序、居民素质问题，高空抛物、不文明养犬等现象轻则影响卫生，重则危害他人生命安全。\r\n\r\n选项10，属于公共秩序问题，公益宣传不到位，群众对文明秩序参与度不高，影响文明创建活动。\r\n\r\n综上，材料中的10个问题可以按照问题性质分类，可分为环境卫生问题，包括1、2、4、6；基础设施问题，包括3、5、8；公共秩序问题，包括7、9、10。', 1.00, 16, 21, 0);
INSERT INTO `subjective_question` VALUES (35, '【任务】\r\n\r\n任务1：请组织一场以“强国复兴有我”为主题的宣传教育活动。要求有创新性、可操作性，并请简述活动设计思路。\r\n\r\n任务2：请从任务1中考生提出的各种活动中选取一个作为此次活动的形式，并进行完善形成方案。\r\n\r\n任务3：考生对讨论过程和最终结论进行总结陈词。\r\n\r\n【要求】\r\n\r\n1.阅读材料，思考时间10分钟。\r\n\r\n2.请考生就任务1按照考号从小到大进行个人陈述，每人3分钟。\r\n\r\n3.请小组成员就任务2进行自由讨论，并达成一致意见。讨论时间6人及以下30分钟，7-9人40分钟。\r\n\r\n4.请考生按照考号从大到小依次进行总结陈词，每人2分钟。', '1', '中共中央宣传部印发《关于迎接党的二十大胜利召开组织开展“强国复兴有我”群众性主题宣传教育活动的通知》，对在全国城乡广泛组织开展群众性主题宣传教育活动作出安排部署。A镇作为革命老区，为充分宣传展示党和国家事业取得的历史性成就、发生的历史性变革，满怀信心迎接党的二十大胜利召开，计划组织相关活动。', '1.审任务/问题\r\n\r\n题干有3个任务，第1个任务是需要组织一场宣传教育活动，是一道开放题目，要求有创新性、可操作性，所以在活动组织过程中，要考虑A镇的实际情况，提出具有创新性的活动形式，并且确保活动形式可以有效开展。第2个任务是需要从任务1中，大家陈述的活动形式中，选取一个活动作为本次活动形式并完善方案，是一道资源争夺+开放的复合化题目，而且具体的选项主要依托于个人陈述阶段考生提出来的活动形式，所以两道题目有非常密切的承接关系，考生一定要认真聆听其他组员在个人阐述阶段所提出的活动形式，并且做好记录。任务3说明总结陈词要体现讨论过程和最终结论，因此考生要在总结中对这两部分内容都有所体现。\r\n\r\n2.审要求\r\n\r\n关注时间：考试总共四个阶段。\r\n\r\n阅读思考阶段：审题、列提纲，每人10分钟；\r\n\r\n轮流发言阶段：按考号从小到大的顺序针对“任务1”逐一发言，每人3分钟；\r\n\r\n自由讨论阶段：就“任务2”讨论并达成一致观点，讨论时间6人以下不超过30分钟，7-9人40分钟，考生要根据场上人数确定自由讨论的时长；\r\n\r\n总结陈词阶段：按考号从大到小的顺序陈述，每人2分钟。\r\n\r\n3.审材料\r\n\r\n背景材料首先说明中共中央宣传部印发了关于开展群众性主题宣传教育活动的通知，明确了活动对象是全体群众，活动的类型是宣传教育类活动。接下来引出A镇，说明A镇是一个革命老区，计划开展相关活动，要能够达到展示党和国家事业取得的历史性成就、发生的历史性变革这一目的，所以活动中要体现相关内容；而且题干提到“迎接党的二十大”，因此活动中最好有期盼二十大召开的一些内容。', 1.00, 16, 21, 0);

-- ----------------------------
-- Table structure for tf_question
-- ----------------------------
DROP TABLE IF EXISTS `tf_question`;
CREATE TABLE `tf_question`  (
  `id` int NOT NULL AUTO_INCREMENT,
  `stem` text CHARACTER SET utf8 COLLATE utf8_bin NULL COMMENT '题干',
  `image_url` varchar(255) CHARACTER SET utf8 COLLATE utf8_bin NULL DEFAULT NULL COMMENT '题目图片',
  `answer` int NOT NULL COMMENT '答案，1正0误',
  `analysis` text CHARACTER SET utf8 COLLATE utf8_bin NULL COMMENT '解析',
  `score` decimal(5, 2) NOT NULL DEFAULT 1.00 COMMENT '得分',
  `category_id` int NOT NULL COMMENT '分类id',
  `is_delete` int NOT NULL DEFAULT 0 COMMENT '是否删除',
  PRIMARY KEY (`id`) USING BTREE
) ENGINE = InnoDB AUTO_INCREMENT = 12 CHARACTER SET = utf8 COLLATE = utf8_bin ROW_FORMAT = Dynamic;

-- ----------------------------
-- Records of tf_question
-- ----------------------------
INSERT INTO `tf_question` VALUES (1, '旗帜鲜明讲政治、保证党的团结和集中统一是党的生命，也是我们党能成为百年大党、创造世纪伟业的关键所在。（ ）', '1', 1, '本题考查中国特色社会主义理论体系。\r\n\r\n习近平总书记在党史学习教育动员大会上强调，旗帜鲜明讲政治、保证党的团结和集中统一是党的生命，也是我们党能成为百年大党、创造世纪伟业的关键所在。习近平总书记深刻指出：思想上的统一、政治上的团结、行动上的一致是党的事业不断发展壮大的根本所在。\r\n\r\n故表述正确。', 1.00, 6, 0);
INSERT INTO `tf_question` VALUES (2, '测试1', 'http://localhost:8080/community/admin/quesImg/6bfb08930a2f4149af6cd7860bfd2b6d.png', 0, '111', 1.00, 6, 1);
INSERT INTO `tf_question` VALUES (3, '拥有马克思主义科学理论指导是我们党坚定信仰信念、把握历史主动的根本所在。（ ）', '1', 0, '本题考查时政真题。\r\n\r\n党的二十大报告指出：“拥有马克思主义科学理论指导是我们党坚定信仰信念、把握历史主动的根本所在。”马克思主义是实现中华民族伟大复兴的强大思想武器，是坚定信仰信念、把握历史主动的理论基础。\r\n\r\n故表述正确。', 1.00, 6, 0);
INSERT INTO `tf_question` VALUES (4, '全面建设社会主义现代化国家，最艰巨最繁重的任务仍然在镇街。（ ）', '1', 0, '本题考查时政真题。\r\n\r\n习近平总书记在党的二十大报告中指出：“全面建设社会主义现代化国家，最艰巨最繁重的任务仍然在农村。”这既是对新时代“三农”形势的清醒认识，也是告诫全党，不管工业化、城镇化进展到哪一步，“三农”的基础地位都不会改变，都要始终坚持把解决好“三农”问题作为全党工作重中之重。\r\n\r\n故表述错误。', 1.00, 6, 0);
INSERT INTO `tf_question` VALUES (5, '生态环境是关系党的使命宗旨的重大政治问题，也是关系民生的重大社会问题。（ ）', '1', 1, '本题考查时政真题。\r\n\r\n2018年5月18日至19日，全国生态环境保护大会在北京召开。中共中央总书记、国家主席、中央军委主席习近平出席会议并发表重要讲话。习近平强调，生态环境是关系党的使命宗旨的重大政治问题，也是关系民生的重大社会问题。广大人民群众热切期盼加快提高生态环境质量。我们要积极回应人民群众所想、所盼、所急，大力推进生态文明建设，提供更多优质生态产品，不断满足人民群众日益增长的优美生态环境需要。\r\n\r\n故表述正确。', 1.00, 6, 0);
INSERT INTO `tf_question` VALUES (6, '改革开放是党在新的历史条件下领导人民进行的新的伟大革命，是决定当代中国命运的关键抉择。（ ）', '1', 1, '本题考查中国特色社会主义理论体系。\r\n\r\n改革开放是党在新的历史条件下领导人民进行的新的伟大革命，是决定当代中国命运的关键抉择。改革必须坚持正确方向，既不走封闭僵化的老路，也不走改旗易帜的邪路。我们要把完善和发展中国特色社会主义制度、推进国家治理体系和治理能力现代化作为全面深化改革的总目标。\r\n\r\n故表述正确。', 1.00, 6, 0);
INSERT INTO `tf_question` VALUES (7, '市场在资源配置中起全部作用。（ ）', '1', 0, '本题考查社会主义市场经济体制。\r\n\r\n中共十八届三中全会通过的《中共中央关于全面深化改革若干重大问题的决定》指出，经济体制改革是全面深化改革的重点，核心问题是处理好政府和市场的关系，使市场在资源配置中起决定性作用和更好发挥政府作用。市场决定资源配置是市场经济的一般规律，健全社会主义市场经济体制必须遵循这条规律，着力解决市场体系不完善、政府干预过多和监管不到位问题。\r\n\r\n故表述错误。', 1.00, 6, 0);
INSERT INTO `tf_question` VALUES (8, '全面依法治国是国家治理的一场深刻革命，关系党执政兴国，关系人民幸福安康，关系党和国家长治久安。（ ）', '1', 1, '本题考查时政真题。\r\n\r\n习近平总书记在党的二十大报告中指出：“全面依法治国是国家治理的一场深刻革命，关系党执政兴国，关系人民幸福安康，关系党和国家长治久安。必须更好发挥法治固根本、稳预期、利长远的保障作用，在法治轨道上全面建设社会主义现代化国家。”\r\n\r\n故表述正确。', 1.00, 6, 0);
INSERT INTO `tf_question` VALUES (9, '坚定中国特色社会主义文化自信、道路自信、理论自信，说到底是要坚定制度自信。（ ）', '1', 0, '本题考查中国特色社会主义理论体系。\r\n\r\n坚定中国特色社会主义道路自信、理论自信、制度自信，说到底是要坚持文化自信。文化自信，是更基础、更广泛、更深厚的自信。在5000多年文明发展中孕育的中华优秀传统文化，在党和人民伟大斗争中孕育的革命文化和社会主义先进文化，积淀着中华民族最深层的精神追求，代表着中华民族独特的精神标识。\r\n\r\n故表述错误。', 1.00, 6, 0);
INSERT INTO `tf_question` VALUES (10, '发展是党执政兴国的第一要务，是解决我国一切问题的基础和关键。（ ）', '1', 1, '本题考查时政真题。\r\n\r\n习近平总书记在党的二十大报告中强调，“高质量发展是全面建设社会主义现代化国家的首要任务。发展是党执政兴国的第一要务。没有坚实的物质技术基础，就不可能全面建成社会主义现代化强国。”党的十九大报告指出：“发展是解决我国一切问题的基础和关键，发展必须是科学发展，必须坚定不移贯彻创新、协调、绿色、开放、共享的发展理念。”\r\n\r\n故表述正确。', 1.00, 6, 0);
INSERT INTO `tf_question` VALUES (11, '构建人类命运共同体是世界各国人民前途所在。（ ）', '1', 1, '本题考查时政真题。\r\n\r\n习近平总书记在党的二十大报告中指出：“构建人类命运共同体是世界各国人民前途所在。万物并育而不相害，道并行而不相悖。只有各国行天下之大道，和睦相处、合作共赢，繁荣才能持久，安全才有保障。”\r\n\r\n故表述正确。', 1.00, 6, 0);
INSERT INTO `tf_question` VALUES (12, '\r\n“中华文化认同超越地域乡土、血缘世系、宗教信仰等，把内部差异极大的广土巨族整合成多元一体的中华民族。”这句话说明了中华文明具有突出的连续性。（ ）', '1', 0, '本题考查政治常识。\r\n\r\n中华文化认同超越地域乡土、血缘世系、宗教信仰等，把内部差异极大的广土巨族整合成多元一体的中华民族。体现了中华文明突出的包容性。中华文明突出的包容性涵养了中华民族共同体海纳百川的开放格局。包容性决定了中华民族历史发展的主流是团结和谐。\r\n\r\n故表述错误。', 1.00, 6, 0);

-- ----------------------------
-- Table structure for user
-- ----------------------------
DROP TABLE IF EXISTS `user`;
CREATE TABLE `user`  (
  `id` int NOT NULL AUTO_INCREMENT,
  `username` varchar(50) CHARACTER SET utf8 COLLATE utf8_general_ci NULL DEFAULT NULL,
  `password` varchar(50) CHARACTER SET utf8 COLLATE utf8_general_ci NULL DEFAULT NULL,
  `salt` varchar(50) CHARACTER SET utf8 COLLATE utf8_general_ci NULL DEFAULT NULL,
  `email` varchar(100) CHARACTER SET utf8 COLLATE utf8_general_ci NULL DEFAULT NULL,
  `type` int NULL DEFAULT NULL COMMENT '0-普通用户; 1-超级管理员; 2-版主;',
  `status` int NULL DEFAULT NULL COMMENT '0-未激活; 1-已激活;',
  `activation_code` varchar(100) CHARACTER SET utf8 COLLATE utf8_general_ci NULL DEFAULT NULL,
  `header_url` varchar(200) CHARACTER SET utf8 COLLATE utf8_general_ci NULL DEFAULT NULL,
  `create_time` timestamp NULL DEFAULT NULL,
  PRIMARY KEY (`id`) USING BTREE,
  INDEX `index_username`(`username`(20)) USING BTREE,
  INDEX `index_email`(`email`(20)) USING BTREE
) ENGINE = InnoDB AUTO_INCREMENT = 160 CHARACTER SET = utf8 COLLATE = utf8_general_ci ROW_FORMAT = Dynamic;

-- ----------------------------
-- Records of user
-- ----------------------------
INSERT INTO `user` VALUES (1, 'SYSTEM', 'SYSTEM', 'SYSTEM', 'system@sina.com', 1, 1, NULL, 'http://static.nowcoder.com/images/head/notify.png', '2023-04-13 10:11:03');
INSERT INTO `user` VALUES (11, 'canon11', '25ac0a2e8bd0f28928de3c56149283d6', '49f10', 'cat11@sina.com', 1, 1, NULL, 'http://localhost:8080/community/user/header/a91842ea52cc48eaab62abbee1adc144.jpg', '2024-04-17 17:11:27');
INSERT INTO `user` VALUES (12, 'canon12', '25ac0a2e8bd0f28928de3c56149283d6', '49f10', 'cat12@sina.com', 0, 1, NULL, 'http://localhost:8080/community/user/header/2fce43a24d8a4f0f8de773b990af9faa.jpg', '2024-04-17 17:11:28');
INSERT INTO `user` VALUES (13, 'canon13', '25ac0a2e8bd0f28928de3c56149283d6', '49f10', 'cat13@sina.com', 0, 1, NULL, 'http://images.nowcoder.com/head/13t.png', '2024-04-17 17:11:28');
INSERT INTO `user` VALUES (21, 'cat21', '25ac0a2e8bd0f28928de3c56149283d6', '49f10', 'cat21@sina.com', 0, 1, NULL, 'http://localhost:8080/community/user/header/b5d31494773a4dcca7c10178e8f7770b.png', '2024-04-17 17:11:28');
INSERT INTO `user` VALUES (22, 'cat22', '25ac0a2e8bd0f28928de3c56149283d6', '49f10', 'cat22@sina.com', 0, 1, NULL, 'http://images.nowcoder.com/head/22t.png', '2024-04-17 17:11:28');
INSERT INTO `user` VALUES (23, 'cat23', '25ac0a2e8bd0f28928de3c56149283d6', '49f10', 'cat23@sina.com', 0, 1, NULL, 'http://images.nowcoder.com/head/23t.png', '2024-04-17 17:11:28');
INSERT INTO `user` VALUES (24, 'cat24', '25ac0a2e8bd0f28928de3c56149283d6', '49f10', 'cat24@sina.com', 0, 1, NULL, 'http://images.nowcoder.com/head/24t.png', '2024-04-17 17:11:28');
INSERT INTO `user` VALUES (25, 'cat25', '25ac0a2e8bd0f28928de3c56149283d6', '49f10', 'cat25@sina.com', 0, 1, NULL, 'http://images.nowcoder.com/head/25t.png', '2024-04-17 17:11:28');
INSERT INTO `user` VALUES (101, 'liubei', '390ba5f6b5f18dd4c63d7cda170a0c74', '12345', 'cat101@sina.com', 0, 1, NULL, 'http://images.nowcoder.com/head/100t.png', '2024-04-03 12:04:55');
INSERT INTO `user` VALUES (102, 'guanyu', '390ba5f6b5f18dd4c63d7cda170a0c74', '12345', 'nowcoder102@sina.com', 0, 0, NULL, 'http://images.nowcoder.com/head/200t.png', '2024-04-03 12:04:55');
INSERT INTO `user` VALUES (103, 'zhangfei', '390ba5f6b5f18dd4c63d7cda170a0c74', '12345', 'nowcoder103@sina.com', 0, 0, NULL, 'http://images.nowcoder.com/head/100t.png', '2024-04-03 12:04:55');
INSERT INTO `user` VALUES (111, 'aaa', 'b8ca3cbc6fd57c78736c66611a7e7044', '167f9', 'nowcoder111@sina.com', 0, 1, NULL, 'http://localhost:8080/community/user/header/56e2c9af02cc46a89b68b396065d0e85.png', '2024-04-03 15:31:19');
INSERT INTO `user` VALUES (112, 'bbb', '216dc48902665b6a6dba534717d49592', '90ad0', 'nowcoder112@sina.com', 0, 1, NULL, 'http://images.nowcoder.com/head/112t.png', '2024-04-04 18:36:24');
INSERT INTO `user` VALUES (113, 'ccc', '511247cf6bf9cf3d37aef555d0dd9b75', 'fe290', 'nowcoder113@sina.com', 0, 1, NULL, 'http://images.nowcoder.com/head/705t.png', '2024-04-06 21:29:52');
INSERT INTO `user` VALUES (114, 'ddd', 'd432b1aaec9197cb6e23ed8e335fe42f', 'fd1b1', 'nowcoder114@sina.com', 0, 1, NULL, 'http://images.nowcoder.com/head/972t.png', '2024-04-06 21:30:36');
INSERT INTO `user` VALUES (115, 'eee', 'caca1fe634005d505afd82ef7874fc4f', '0c8d2', 'nowcoder115@sina.com', 0, 1, NULL, 'http://images.nowcoder.com/head/316t.png', '2024-04-06 21:30:48');
INSERT INTO `user` VALUES (116, 'fff', 'deda51913a3ae16d9915fc4c520ac4b6', '19341', 'nowcoder116@sina.com', 0, 1, NULL, 'http://images.nowcoder.com/head/180t.png', '2024-04-06 21:31:00');
INSERT INTO `user` VALUES (117, 'ggg', '4e85bff4afbb34b2dd676f5e5737050f', '9931d', 'nowcoder117@sina.com', 0, 1, NULL, 'http://images.nowcoder.com/head/896t.png', '2024-04-06 21:31:19');
INSERT INTO `user` VALUES (118, 'hhh', '8d4c0d490ea1585cd7973bb55bd39d07', 'e123d', 'nowcoder118@sina.com', 0, 1, NULL, 'http://images.nowcoder.com/head/834t.png', '2024-04-06 21:38:18');
INSERT INTO `user` VALUES (120, 'jjj', '9522866891d647323a7fb5c640b8fa37', '12c25', 'nowcoder120@sina.com', 0, 1, NULL, 'http://images.nowcoder.com/head/760t.png', '2024-04-06 21:39:45');
INSERT INTO `user` VALUES (121, 'kkk', '5a80e7d897dec9b0aec2919fb42a158e', 'b8710', 'nowcoder121@sina.com', 0, 1, NULL, 'http://images.nowcoder.com/head/358t.png', '2024-04-06 21:41:34');
INSERT INTO `user` VALUES (122, 'lll', 'fdc3616df634614bc0ffacee17f735bd', 'b067f', 'nowcoder122@sina.com', 0, 1, NULL, 'http://images.nowcoder.com/head/70t.png', '2024-04-06 21:45:36');
INSERT INTO `user` VALUES (123, 'mmm', 'd9b57ddfa9faa06c581c803dc2811edb', 'f7014', 'nowcoder123@sina.com', 0, 1, NULL, 'http://images.nowcoder.com/head/160t.png', '2024-04-06 21:48:34');
INSERT INTO `user` VALUES (124, 'nnn', 'f878b7181a95a3330d90198deab16aca', 'bbf47', 'nowcoder124@sina.com', 0, 1, NULL, 'http://images.nowcoder.com/head/506t.png', '2024-04-06 21:49:39');
INSERT INTO `user` VALUES (125, 'ooo', 'f71e07cc9c6ebb9e8cfc1fc58265ff33', 'ff72a', 'nowcoder125@sina.com', 0, 1, NULL, 'http://images.nowcoder.com/head/45t.png', '2024-04-06 21:50:35');
INSERT INTO `user` VALUES (126, 'ppp', 'e2f178c5076dabbb35b73da19774b271', '5027b', 'nowcoder126.sina.com', 0, 1, NULL, 'http://images.nowcoder.com/head/771t.png', '2024-04-06 21:51:42');
INSERT INTO `user` VALUES (127, 'qqq', 'd209b28b19fdcb4aafc3a795157a4651', '3aebf', 'nowcoder127@sina.com', 0, 1, NULL, 'http://images.nowcoder.com/head/492t.png', '2024-04-06 21:52:29');
INSERT INTO `user` VALUES (128, 'rrr', 'a6043995e741593540687d87c1ce40e8', 'c543c', 'nowcoder128@sina.com', 0, 1, NULL, 'http://images.nowcoder.com/head/779t.png', '2024-04-06 21:53:19');
INSERT INTO `user` VALUES (129, 'sss', 'ae8754f0d791f9fea1627a1862c4de5f', 'd3641', 'nowcoder129@sina.com', 0, 1, NULL, 'http://images.nowcoder.com/head/977t.png', '2024-04-06 21:57:34');
INSERT INTO `user` VALUES (131, 'ttt', 'd50960f067142c59cc3bdac61b87759f', '72450', 'nowcoder131@sina.com', 0, 1, NULL, 'http://images.nowcoder.com/head/677t.png', '2024-04-08 12:05:49');
INSERT INTO `user` VALUES (132, 'uuu', 'a80ba77157d2fd9c67dd3187907cef42', 'f1113', 'nowcoder132@sina.com', 0, 1, NULL, 'http://images.nowcoder.com/head/278t.png', '2024-04-08 14:07:04');
INSERT INTO `user` VALUES (133, 'vvv', '252c226ba0a601ec3fa4d7c58b2291d9', '13211', 'nowcoder133@sina.com', 0, 1, NULL, 'http://images.nowcoder.com/head/133t.png', '2024-04-19 11:08:55');
INSERT INTO `user` VALUES (134, 'www', '3d3aeebb9cd302ae581dfa8fedd86ceb', 'dfc00', 'nowcoder134@sina.com', 0, 1, NULL, 'http://images.nowcoder.com/head/134t.png', '2024-04-19 18:13:57');
INSERT INTO `user` VALUES (137, 'xxx', '046291c11cdfb896aa7cd48714bb6352', '968fc', 'nowcoder137@sina.com', 0, 1, NULL, 'http://images.nowcoder.com/head/677t.png', '2024-04-26 19:48:31');
INSERT INTO `user` VALUES (138, 'yyy', '046291c11cdfb896aa7cd48714bb6352', '968fc', 'nowcoder138@sina.com', 0, 1, '69dcd69f4c0145058df820e90820ba1e', 'http://images.nowcoder.com/head/138t.png', '2024-04-25 15:18:07');
INSERT INTO `user` VALUES (144, 'zzz', '07b83b7747ca08bc4b0153d5b8ce7519', '21e8b', 'nowcoder144@sina.com', 0, 1, '107eb2cbb8454fbe96848790e6a730b1', 'http://images.nowcoder.com/head/144t.png', '2024-04-26 16:59:50');
INSERT INTO `user` VALUES (145, 'lhh', 'd980a16ea0b3c8a81062ee806e65a4bc', '5abfc', 'nowcoder145@sina.com', 0, 1, 'f217b637e9544e2a9b4a88f78c583d03', 'http://images.nowcoder.com/head/145t.png', '2024-04-28 15:30:36');
INSERT INTO `user` VALUES (146, 'lihonghe', '100489ece9bacfa4d57eb5777b4d4643', '00d7a', 'nowcoder146@sina.com', 0, 1, '5a61faee7af94e89ba7237b1277c9fed', 'http://images.nowcoder.com/head/146t.png', '2024-04-29 11:47:24');
INSERT INTO `user` VALUES (149, 'niuke', 'ebce124c4ba2de3be92dc9a3bc1ea75b', '90196', 'nowcoder149@sina.com', 0, 1, 'd7a5714a145b4461b5a4199cc5a0014f', 'http://images.nowcoder.com/head/149t.png', '2024-05-17 15:48:11');
INSERT INTO `user` VALUES (151, 'canon1211', '7a26953cb9d35de82615b2464d345302', '8b1be', '191033002@qq.com', 0, 1, '1f3638c61bc84e47a18b75661c691b51', 'http://images.nowcoder.com/head/106t.png', '2023-09-01 01:02:06');
INSERT INTO `user` VALUES (152, 'canon', 'a2918e337050ac2afc379f5efc93d2df', 'c8c9d', '191033002s@qq.com', 0, 1, '08a396a4628045feb0e47aafd647e6bb', 'http://localhost:8080/community/user/header/ec0b0d7010a1480ea875241725832e86.png', '2023-09-02 14:18:43');
INSERT INTO `user` VALUES (154, 'cat01', '894589fcc81fe7ee3c2578988641e56f', '55328', '191033001@qq.com', 0, 1, '809715e2f4fa45718247d6c4fde87f13', 'http://localhost:8080/community/user/header/365ae7058e1a47dea9d0828759c36d16.png', '2023-09-19 12:06:42');
INSERT INTO `user` VALUES (155, 'cat02', '6ae6d0082600e200bf079cc3e3995701', '0a7b9', '1910030021@qq.com', 0, 1, '646a00368da34e12b7da0cc62f3245c1', 'http://localhost:8080/community/user/header/9ec653edc6bc4748bfaa6014a60a4745.png', '2023-09-20 16:56:03');
INSERT INTO `user` VALUES (156, 'cat03', 'be610b7b6c6bb47f091acdf49a76877d', 'f6aed', '19103011021@qq.com', 0, 1, '6f1d9d4defdb4c85896a3b954d537724', 'http://images.nowcoder.com/head/219t.png', '2023-09-20 17:07:06');
INSERT INTO `user` VALUES (157, 'cat52', 'fe9fb64146a44be94a23a62d3ac80cfa', '53645', '19103300271@qq.com1', 0, 1, '942877c3fd654412bd3e849bb5895c28', 'http://localhost:8080/community/user/header/5d1dcfe9658643c6b7a248a4942ee530.png', '2023-11-28 10:55:05');
INSERT INTO `user` VALUES (160, '123', '2646ef83a4f17d0259f7efac3e9d6485', '8f10b', '1910330021@qq.com', 0, 1, '328839fd63fe4546b95e402ec5761151', 'http://localhost:8080/community/user/header/684bd58b2c214f808189af9ddcebe655.jpg', '2024-05-20 20:28:25');

-- ----------------------------
-- Table structure for user_paper
-- ----------------------------
DROP TABLE IF EXISTS `user_paper`;
CREATE TABLE `user_paper`  (
  `id` int NOT NULL AUTO_INCREMENT,
  `user_id` int NOT NULL COMMENT '用户id',
  `paper_id` int NOT NULL COMMENT '试卷id',
  `total_score` decimal(5, 2) NULL DEFAULT NULL COMMENT '试卷总分',
  `user_score` decimal(5, 2) NULL DEFAULT NULL COMMENT '用户分数',
  `total_num` int NULL DEFAULT NULL COMMENT '总题数',
  `right_num` int NULL DEFAULT NULL COMMENT '答对的题数',
  `create_time` timestamp NULL DEFAULT NULL COMMENT '创建时间',
  `finish_time` timestamp NULL DEFAULT NULL COMMENT '完成时间',
  `user_time` int NULL DEFAULT 0 COMMENT '答题持续时间（分钟）',
  `is_finish` int NOT NULL DEFAULT 0 COMMENT '是否已完成，1是0否',
  PRIMARY KEY (`id`) USING BTREE,
  INDEX `uid_idx`(`user_id`) USING BTREE
) ENGINE = InnoDB AUTO_INCREMENT = 26 CHARACTER SET = utf8 COLLATE = utf8_bin ROW_FORMAT = Dynamic;

-- ----------------------------
-- Records of user_paper
-- ----------------------------
INSERT INTO `user_paper` VALUES (9, 11, 2, 5.00, 4.00, 5, 4, '2024-04-08 01:04:28', '2024-04-08 01:06:02', 2, 1);
INSERT INTO `user_paper` VALUES (12, 11, 5, NULL, NULL, 0, 0, '2024-04-11 00:25:06', NULL, 0, 0);
INSERT INTO `user_paper` VALUES (13, 11, 6, 5.00, 3.00, 5, 3, '2024-04-11 00:34:20', '2024-04-11 00:34:35', 0, 1);
INSERT INTO `user_paper` VALUES (14, 11, 7, 5.00, 0.00, 5, 0, '2024-04-11 00:25:56', '2024-04-11 18:29:31', 0, 1);
INSERT INTO `user_paper` VALUES (15, 11, 8, 5.00, 1.00, 5, 1, '2024-04-11 18:41:12', '2024-04-11 18:41:22', 0, 1);
INSERT INTO `user_paper` VALUES (16, 11, 2, 5.00, 1.00, 5, 1, '2024-04-11 18:41:44', '2024-04-11 18:41:51', 0, 1);
INSERT INTO `user_paper` VALUES (17, 154, 9, 5.00, 0.00, 5, 0, '2024-04-23 02:59:16', '2024-04-23 03:01:21', 0, 1);
INSERT INTO `user_paper` VALUES (18, 154, 10, 5.00, 2.00, 5, 2, '2024-04-23 03:03:04', '2024-04-23 03:03:12', 0, 1);
INSERT INTO `user_paper` VALUES (19, 154, 11, NULL, NULL, 0, 0, '2024-04-23 03:03:18', NULL, 0, 0);
INSERT INTO `user_paper` VALUES (20, 154, 12, 5.00, 2.00, 5, 2, '2024-04-23 03:03:35', '2024-04-23 03:03:42', 0, 1);
INSERT INTO `user_paper` VALUES (21, 11, 15, 5.00, 3.00, 5, 3, '2024-05-20 20:24:39', '2024-05-20 20:25:04', 0, 1);
INSERT INTO `user_paper` VALUES (22, 160, 16, 5.00, 0.00, 5, 0, '2024-05-20 20:33:32', '2024-05-20 20:33:55', 0, 1);
INSERT INTO `user_paper` VALUES (23, 160, 17, NULL, NULL, 0, 0, '2024-05-20 20:34:47', NULL, 0, 0);
INSERT INTO `user_paper` VALUES (24, 160, 18, 5.00, 1.00, 5, 1, '2024-05-21 23:34:06', '2024-05-21 23:34:11', 0, 1);
INSERT INTO `user_paper` VALUES (25, 160, 19, 5.00, 0.00, 5, 0, '2024-05-21 23:51:40', '2024-05-21 23:51:44', 0, 1);
INSERT INTO `user_paper` VALUES (26, 160, 20, 5.00, 0.00, 5, 0, '2024-05-21 23:58:26', '2024-05-21 23:58:30', 0, 1);

-- ----------------------------
-- Table structure for user_question
-- ----------------------------
DROP TABLE IF EXISTS `user_question`;
CREATE TABLE `user_question`  (
  `id` int NOT NULL AUTO_INCREMENT,
  `user_paper_id` int NOT NULL COMMENT '用户试卷表的id',
  `question_id` int NOT NULL COMMENT '问题id',
  `user_answer` varchar(20) CHARACTER SET utf8 COLLATE utf8_bin NULL DEFAULT NULL COMMENT '用户答案',
  PRIMARY KEY (`id`) USING BTREE
) ENGINE = InnoDB AUTO_INCREMENT = 90 CHARACTER SET = utf8 COLLATE = utf8_bin ROW_FORMAT = Dynamic;

-- ----------------------------
-- Records of user_question
-- ----------------------------
INSERT INTO `user_question` VALUES (26, 9, 2, 'C');
INSERT INTO `user_question` VALUES (27, 9, 19, 'D');
INSERT INTO `user_question` VALUES (28, 9, 20, 'C');
INSERT INTO `user_question` VALUES (29, 9, 6, 'B');
INSERT INTO `user_question` VALUES (30, 9, 10, 'D');
INSERT INTO `user_question` VALUES (31, 13, 37, 'B');
INSERT INTO `user_question` VALUES (32, 13, 39, 'B');
INSERT INTO `user_question` VALUES (33, 13, 40, 'B');
INSERT INTO `user_question` VALUES (34, 13, 45, 'B');
INSERT INTO `user_question` VALUES (35, 13, 47, 'B');
INSERT INTO `user_question` VALUES (36, 14, 65, 'A');
INSERT INTO `user_question` VALUES (37, 14, 66, 'A');
INSERT INTO `user_question` VALUES (38, 14, 70, 'A');
INSERT INTO `user_question` VALUES (39, 14, 55, 'A');
INSERT INTO `user_question` VALUES (40, 14, 58, 'A');
INSERT INTO `user_question` VALUES (41, 15, 2, 'B');
INSERT INTO `user_question` VALUES (42, 15, 21, 'B');
INSERT INTO `user_question` VALUES (43, 15, 22, 'B');
INSERT INTO `user_question` VALUES (44, 15, 73, 'B');
INSERT INTO `user_question` VALUES (45, 15, 26, 'B');
INSERT INTO `user_question` VALUES (46, 16, 2, 'B');
INSERT INTO `user_question` VALUES (47, 16, 19, 'C');
INSERT INTO `user_question` VALUES (48, 16, 20, 'A');
INSERT INTO `user_question` VALUES (49, 16, 6, '');
INSERT INTO `user_question` VALUES (50, 16, 10, 'C');
INSERT INTO `user_question` VALUES (51, 17, 19, 'A');
INSERT INTO `user_question` VALUES (52, 17, 20, 'B');
INSERT INTO `user_question` VALUES (53, 17, 22, 'C');
INSERT INTO `user_question` VALUES (54, 17, 24, 'D');
INSERT INTO `user_question` VALUES (55, 17, 77, 'B');
INSERT INTO `user_question` VALUES (56, 18, 50, 'B');
INSERT INTO `user_question` VALUES (57, 18, 40, 'B');
INSERT INTO `user_question` VALUES (58, 18, 44, 'B');
INSERT INTO `user_question` VALUES (59, 18, 45, 'B');
INSERT INTO `user_question` VALUES (60, 18, 47, 'B');
INSERT INTO `user_question` VALUES (61, 20, 4, 'D');
INSERT INTO `user_question` VALUES (62, 20, 5, 'C');
INSERT INTO `user_question` VALUES (63, 20, 9, 'C');
INSERT INTO `user_question` VALUES (64, 20, 14, 'B');
INSERT INTO `user_question` VALUES (65, 20, 15, 'C');
INSERT INTO `user_question` VALUES (66, 21, 1, 'A');
INSERT INTO `user_question` VALUES (67, 21, 2, 'D');
INSERT INTO `user_question` VALUES (68, 21, 19, 'D');
INSERT INTO `user_question` VALUES (69, 21, 21, 'D');
INSERT INTO `user_question` VALUES (70, 21, 74, 'D');
INSERT INTO `user_question` VALUES (71, 22, 20, 'C');
INSERT INTO `user_question` VALUES (72, 22, 23, 'C');
INSERT INTO `user_question` VALUES (73, 22, 27, 'A');
INSERT INTO `user_question` VALUES (74, 22, 75, 'A');
INSERT INTO `user_question` VALUES (75, 22, 78, 'A');
INSERT INTO `user_question` VALUES (76, 24, 25, 'B');
INSERT INTO `user_question` VALUES (77, 24, 26, 'A');
INSERT INTO `user_question` VALUES (78, 24, 74, '');
INSERT INTO `user_question` VALUES (79, 24, 27, '');
INSERT INTO `user_question` VALUES (80, 24, 28, '');
INSERT INTO `user_question` VALUES (81, 25, 19, 'C');
INSERT INTO `user_question` VALUES (82, 25, 23, '');
INSERT INTO `user_question` VALUES (83, 25, 73, '');
INSERT INTO `user_question` VALUES (84, 25, 27, '');
INSERT INTO `user_question` VALUES (85, 25, 76, '');
INSERT INTO `user_question` VALUES (86, 26, 4, 'B');
INSERT INTO `user_question` VALUES (87, 26, 6, '');
INSERT INTO `user_question` VALUES (88, 26, 72, '');
INSERT INTO `user_question` VALUES (89, 26, 9, '');
INSERT INTO `user_question` VALUES (90, 26, 15, '');

SET FOREIGN_KEY_CHECKS = 1;
